﻿name,username,userId,can_dm,created_at,bio,tweets_count,followers_count,following_count,favourites_count,location,media_count,profile_url,avatar_url,verified,blue_verified
TwinPeaksDiaries,twinpksdiaries,'88708731',true,2009-11-09 19:06:36,"35 years in SF, moderate, oppose progressivism gone off the rails. How do we save our rapidly decaying city?",1211,169,288,561,"San Francisco, California",25,https://www.twitter.com/twinpksdiaries,https://pbs.twimg.com/profile_images/1667908491892379649/EG07sybG_normal.jpg,false,false
Chariot,chariotfit,'1836818259754024960',false,2024-09-19 20:23:09,"Chariot is the total fitness solution. You have a studio to run, let us worry about software.",5,2,24,2,,1,https://www.twitter.com/chariotfit,https://pbs.twimg.com/profile_images/1837605253174226944/n3H7P6aP_normal.jpg,false,false
DEG,dgold119,'891364882083348480',true,2017-07-29 21:28:43,,336,23,931,4936,"New York, NY",33,https://www.twitter.com/dgold119,https://pbs.twimg.com/profile_images/972499387732692993/sfs9jivw_normal.jpg,false,false
Michael Burke,MichaelBur54674,'1753094692240039936',false,2024-02-01 18:35:43,,7,242,195,194,,0,https://www.twitter.com/MichaelBur54674,https://pbs.twimg.com/profile_images/1753094792714612736/uuRV_xFp_normal.png,false,false
butch,butch33231237,'897516328277487616',false,2017-08-15 20:52:22,,322,61,173,18,,3,https://www.twitter.com/butch33231237,https://pbs.twimg.com/profile_images/897943264346554368/PCOyYJfk_normal.jpg,false,false
Rachel Sidley-Wiltshaw,r_sidwilt,'1837585322541998080',false,2024-09-21 23:11:06,,0,1,48,164,,0,https://www.twitter.com/r_sidwilt,https://pbs.twimg.com/profile_images/1837586863588073473/sR-XUjSs_normal.jpg,false,false
Sylvia Tate,SylviaT15526038,'1070378793167192064',false,2018-12-05 20:06:05,,24,1,164,428,,5,https://www.twitter.com/SylviaT15526038,https://pbs.twimg.com/profile_images/1109042355401822209/gafuAW4i_normal.jpg,false,false
Hamoka 680,Hamoka680,'1836847316122161152',false,2024-09-19 22:18:29,,0,12,49,0,,0,https://www.twitter.com/Hamoka680,https://pbs.twimg.com/profile_images/1836847349693399040/eAArPBOL_normal.png,false,false
Jeffrey cimino,CiminoJeff65243,'1831571872779051008',false,2024-09-05 08:55:50,Live love explore,374,87,2284,0,,4,https://www.twitter.com/CiminoJeff65243,https://pbs.twimg.com/profile_images/1831572547348971520/c834ho5V_normal.jpg,false,false
Frederick Simmons,FrederickSimmom,'1830902798218616835',false,2024-09-03 12:37:11,Peace ✌️🕊️,29,5,36,35,,0,https://www.twitter.com/FrederickSimmom,https://pbs.twimg.com/profile_images/1837566404293251072/ZHrDUmoe_normal.jpg,false,false
Lindsey Campbell,LindseyRenae_23,'1659255501576708116',false,2023-05-18 20:52:12,Hey....swiftie and a 92%er,36,21,134,30,,3,https://www.twitter.com/LindseyRenae_23,https://pbs.twimg.com/profile_images/1659256712191254529/6t3hgfup_normal.jpg,false,false
SLP 🇺🇸🏳️‍🌈🏳️‍⚧️🇧🇷🇵🇱🇮🇸🇺🇦✊🏼✌🏼😷😎,nowh3r3land,'32775178',false,2009-04-18 07:06:50,#cherishyesterday #celebratetoday#dreamtomorrow#voteprogressive#readbannedbooks#noreligion#nofascism#nomaga#slavaukraine,1,236,2666,658,Jacksonviille FL USA,0,https://www.twitter.com/nowh3r3land,https://pbs.twimg.com/profile_images/1532970787778531330/jHPeYaiG_normal.jpg,false,false
Karlette' Jones,ImKarlette,'112547138',false,2010-02-09 00:15:15,Publicist/Owner: K-Way Branding LLC. PVAMU Alumna,51323,1151,878,2245,"Dallas, TX",1423,https://www.twitter.com/ImKarlette,https://pbs.twimg.com/profile_images/1294145621104963588/ODiM8HiK_normal.jpg,false,false
Jungsoo Ahn,JungsooAhnPhD,'1750974019371716608',false,2024-01-26 22:08:39,"LIVE GIRL LIVE
Mommy, Educator, Writer, and Lions Fan",7,4,77,178,,0,https://www.twitter.com/JungsooAhnPhD,https://pbs.twimg.com/profile_images/1801235513380093952/vuUd05mZ_normal.jpg,false,false
cunnylove,BalLan164179,'1831171838837391360',true,2024-09-04 06:26:11,,1,85,823,9,,0,https://www.twitter.com/BalLan164179,https://pbs.twimg.com/profile_images/1831171879094345728/dG9ay_9t_normal.png,false,false
Jeremy Daigle,determinedjay,'46932416',false,2009-06-13 21:06:16,Chi Town Amateur . .Pediatrician in the making!,261,50,157,29,"Chicago, IL",2,https://www.twitter.com/determinedjay,https://pbs.twimg.com/profile_images/261529578/pic_7_normal.jpg,false,false
Adam,BlameStark,'266073441',false,2011-03-14 18:13:30,#ActuallyAutistic - He/Him - @GillyweedTV Mod - TTRPG GM/Player - Sith - Bulbasaur - Zerg - #critter - May your heart be your guiding key,36449,644,2256,65641,http://www.twitch.tv/starktv,1524,https://www.twitter.com/BlameStark,https://pbs.twimg.com/profile_images/1189221075537858560/ZpQidaIS_normal.jpg,false,false
Mike Clements,mclem97706,'1519136811880226816',false,2022-04-27 05:10:43,,1112,57,134,4925,,2,https://www.twitter.com/mclem97706,https://pbs.twimg.com/profile_images/1519136933812842496/6Boj6pHp_normal.png,false,false
Shirley,shirl823,'983221458',true,2012-12-01 21:58:33,Presenté a Coldplay en Costa Rica el 18/3/2022 💛,32133,665,793,22624,Costa Rica,2002,https://www.twitter.com/shirl823,https://pbs.twimg.com/profile_images/1695518920852082689/f2oRp6Kt_normal.jpg,false,false
HER,onlylust4m,'1737715183869689856',true,2023-12-21 08:03:11,ur cute jeans😉,15,65,89,17,♎️,0,https://www.twitter.com/onlylust4m,https://pbs.twimg.com/profile_images/1784195413408681984/a6RY8FGH_normal.jpg,false,false
The Zach Man,tzmlol,'1836907154504138753',false,2024-09-20 02:16:29,"SOn of DisRespect 

HI, i am The Zach Man. @tzmlol 

The beST, TeeTO @LeagueofLegendS in gaming history. @riotgameS",0,3,34,6,Instagram - DrzZachMan,0,https://www.twitter.com/tzmlol,https://pbs.twimg.com/profile_images/1836912364991455232/DOPZ1v6s_normal.jpg,false,false
Betsy,Betsy3742783070,'1837487308536266752',false,2024-09-21 16:42:19,,0,1,56,12,,0,https://www.twitter.com/Betsy3742783070,https://abs.twimg.com/sticky/default_profile_images/default_profile_normal.png,false,false
Banks loder,Belykhajiah,'1732814632480395264',false,2023-12-07 19:29:54,Get in with me and let’s get paid,69,0,15,8,"Atlanta, GA",0,https://www.twitter.com/Belykhajiah,https://pbs.twimg.com/profile_images/1837489930517241856/o2ZQfzNr_normal.jpg,false,false
Ayrah💕 🐐,mammanknt,'1053610603955261440',false,2018-10-20 14:35:17,,582,91,801,978,,9,https://www.twitter.com/mammanknt,https://pbs.twimg.com/profile_images/1321602398633316353/MeCKiE9L_normal.jpg,false,false
Leon Saint J's Ghost,lsjGhost,'1837477878184681473',false,2024-09-21 16:04:04,,32,34,135,67,,1,https://www.twitter.com/lsjGhost,https://pbs.twimg.com/profile_images/1837478382184902656/F14Jtgwv_normal.jpg,false,false
Tiffany Cayo,TiffKat2471,'1833922304763396096',false,2024-09-11 20:35:43,,4,4,27,22,,0,https://www.twitter.com/TiffKat2471,https://pbs.twimg.com/profile_images/1833922507679674368/3JQEQoXw_normal.jpg,false,false
Amani - Coworking Disney Princess 🏝 TwitchCon 24',WatchHerFocus,'1619111989581684740',false,2023-01-28 01:16:08,✨ Enchanting Productivity Princess! 🚀Health Advocate | Disney Lover | @Twitch Affiliate + Twitch Black Guild ✨  @kinderworldgame ambassador 🚀,795,201,388,2522,Texas,128,https://www.twitter.com/WatchHerFocus,https://pbs.twimg.com/profile_images/1834957619489898496/hkBYPNqy_normal.jpg,false,false
Alex Richmond,alilovesdogs,'705545551',false,2012-07-19 21:25:24,,7,33,204,62,,0,https://www.twitter.com/alilovesdogs,https://pbs.twimg.com/profile_images/550141564727853056/-Lt3xlvC_normal.jpeg,false,false
Lori Monroe ® 💋 🌹,LorelinaBeauty,'1126066154274021382',false,2019-05-08 13:07:47,"Love Marilyn & Elvis, Old & New Hollywood, Movies, Classic TV Shows, Vintage Music, Celebrities, Fashion, Models & more...  ♥️✌️📸 🎸",61367,765,3706,73183,"EUROPE, EU",10129,https://www.twitter.com/LorelinaBeauty,https://pbs.twimg.com/profile_images/1186615427830571009/x46Rnw2k_normal.jpg,false,false
Aki🐰🇱🇷,Akiko23067840,'1357285314482499587',false,2021-02-04 13:10:24,カリフォルニア在住。ファイナンシャルアナリスト。探検隊。,23,102,534,375,"San Diego, CA",5,https://www.twitter.com/Akiko23067840,https://pbs.twimg.com/profile_images/1373636638635520002/FGFFnibi_normal.jpg,false,false
ApparelbyWannie,apparelbywannie,'1837473726067093505',false,2024-09-21 15:47:57,Helping women of faith dress modestly while still looking fashionable,2,1,5,0,"Atlanta, GA",0,https://www.twitter.com/apparelbywannie,https://pbs.twimg.com/profile_images/1837474162245255168/rXzDyisd_normal.jpg,false,false
Soft Glow Agency,softglowagency,'1835715238710112256',false,2024-09-16 19:20:50,"Modelagentur
🌟 Berlin-based OF. Model Agency | International
📍 Berlin | 🌍 Worldwide
📩 DM for Inquiries
📧 contact@soft-glow.de",3,12,176,4,Berlin,2,https://www.twitter.com/softglowagency,https://pbs.twimg.com/profile_images/1835715609264353280/Phs6q8XG_normal.jpg,false,false
Aimee,a1meeeverett,'697545143209996289',false,2016-02-11 00:18:16,,1540,80,479,11311,"Melbourne, Victoria",76,https://www.twitter.com/a1meeeverett,https://pbs.twimg.com/profile_images/1261639665464905730/CHbNE6TS_normal.jpg,false,false
Cathy⭐️⭐️⭐️,MsCathyLewis1,'1096840744621535237',true,2019-02-16 20:36:26,"Mamá de Fran.
Hincha de Boca.
Hincha pelotas.
9/9 vi a THE QUEEN @ddlovato",3059,42,199,5504,"San Miguel de Tucumán, Argenti",115,https://www.twitter.com/MsCathyLewis1,https://pbs.twimg.com/profile_images/1625636213897003009/UcvozKqB_normal.jpg,false,false
Ana Rita Andrade,ritandradee,'1019570580',false,2012-12-18 13:35:12,"24, 🩺",15697,266,88,7705,"Lisboa, Portugal",270,https://www.twitter.com/ritandradee,https://pbs.twimg.com/profile_images/1679204617475747841/JySvrpdB_normal.jpg,false,false
Rodrigo Lopez arteaga,RodrigoLop30031,'1834193461437702144',false,2024-09-12 14:33:20,,1,19,67,188,,0,https://www.twitter.com/RodrigoLop30031,https://abs.twimg.com/sticky/default_profile_images/default_profile_normal.png,false,false
itsnathan,itsbronzeone,'187563605',false,2010-09-06 18:42:21,oi,6829,439,610,4485,"Lisbon, Portugal",222,https://www.twitter.com/itsbronzeone,https://pbs.twimg.com/profile_images/1614182055864156160/TX2kCywH_normal.jpg,false,false
AG,AG6864265563,'1835130311942004736',false,2024-09-15 04:36:07,,2,2,46,3,,0,https://www.twitter.com/AG6864265563,https://pbs.twimg.com/profile_images/1835130444750503937/KLViB3i6_normal.png,false,false
GANDAHO Jerry 🇧🇯,GandahoJerry,'1151626621285294081',true,2019-07-18 01:55:57,"L'amour est la mort du devoir. ♊⏳
Journaliste (passionné de Sport et de Culture)",2012,213,2027,79982,"Montpellier, France",40,https://www.twitter.com/GandahoJerry,https://pbs.twimg.com/profile_images/1770523562832498688/e3YW8NyY_normal.jpg,false,false
Seven🇬🇳🇫🇷,AdamsBalde5,'1308462427986681857',true,2020-09-22 20:45:57,"Fan Absolu Du Grand @RealMadrid 
                           #CR7 🐐",9364,1227,4954,8550,Conakry ,391,https://www.twitter.com/AdamsBalde5,https://pbs.twimg.com/profile_images/1824033803418951680/fCDwa8da_normal.jpg,false,false
em🦋,emmavirtuall,'1571724316080758786',true,2022-09-19 07:54:23,turn notis on for a follow back💗@dayawrld @casy4realz,6049,2001,1204,37492,Dm for promo,250,https://www.twitter.com/emmavirtuall,https://pbs.twimg.com/profile_images/1837376788194021378/63Z8WR84_normal.jpg,false,false
Alice Debarre,alicedbrr,'1165236732',false,2013-02-10 09:51:56,Humanitarian Diplomacy Adviser @IFRC_MENA. Formerly @ICRC_bxl and @ipinst. Views my own.,1811,1210,1292,2688,,139,https://www.twitter.com/alicedbrr,https://pbs.twimg.com/profile_images/1627253012443070464/UFkZPSns_normal.jpg,false,false
Jet Just Landed,Jetjust1anded,'1837351371093286912',false,2024-09-21 07:41:52,,0,4,152,483,,0,https://www.twitter.com/Jetjust1anded,https://pbs.twimg.com/profile_images/1837351632423575552/WO6sEnyc_normal.jpg,false,false
valeria,vale_manzoo,'1280615803533037571',false,2020-07-08 00:33:06,,7,11,178,32652,,0,https://www.twitter.com/vale_manzoo,https://pbs.twimg.com/profile_images/1672899254606782466/cLXkgxBz_normal.jpg,false,false
ruth morris,_ruthmorris,'291372719',false,2011-05-02 01:13:43,,972,175,543,454,,32,https://www.twitter.com/_ruthmorris,https://pbs.twimg.com/profile_images/863506011377852417/EYkBKoSI_normal.jpg,false,false
Devika Ayappa,DevikaAyappa,'704020100387483648',false,2016-02-28 21:07:26,,28,2,234,29,,0,https://www.twitter.com/DevikaAyappa,https://pbs.twimg.com/profile_images/704020609047465984/uEhCPTrY_normal.jpg,false,false
Me (Amber McBride),ambsmcbride,'898567541970403329',false,2017-08-18 18:29:31,Folklorist/ Hoodoo/ Coretta Scott King & LA Times Book Award Winner/National Book Award Finalist. Gone Wolf (Oct 23) Onyx & Beyond (Oct 24) Rep Elena Giovinazzo,3795,4068,1027,32868,"Virginia, USA",164,https://www.twitter.com/ambsmcbride,https://pbs.twimg.com/profile_images/1702112168060055552/MjzbdLpq_normal.jpg,false,false
Treizysy,treizysy,'1482832251087998977',false,2022-01-16 23:49:13,Time After Time,193,226,5898,51701,,4,https://www.twitter.com/treizysy,https://pbs.twimg.com/profile_images/1490733397915979779/s60Vpma-_normal.jpg,false,false
Kendall Brown,KendallBro411,'1836831941439434752',true,2024-09-19 21:18:16,C/O 2026 T&F Ath Sprints & Jumps| 3.5 GPA| 2024 7A TJ State Champ 38-3.5| 2024 All-County| 2023 Area LJ & TJ Champ| 2023 All-County|5’4 1/2 118lbs|,11,3,58,45,,11,https://www.twitter.com/KendallBro411,https://pbs.twimg.com/profile_images/1836847494493323264/xT_b4xh6_normal.jpg,false,true
Joe Cavuoti,JoeCavuoti,'3764966836',true,2015-09-25 02:05:53,,0,528,5103,65,"Staten Island, NY",0,https://www.twitter.com/JoeCavuoti,https://pbs.twimg.com/profile_images/785193807751081984/cGzA3Poa_normal.jpg,false,false
Traci Swann,TraciLSwann,'1826824723348533248',false,2024-08-23 06:32:38,"My old account was suspended, so I made this new one.",1,12,105,98,"Atlanta, GA",0,https://www.twitter.com/TraciLSwann,https://pbs.twimg.com/profile_images/1826825522745139200/GfGGBtKJ_normal.jpg,false,false
😗,cheerybarb,'1742359054872117248',false,2024-01-03 03:35:51,,0,15,33,0,,0,https://www.twitter.com/cheerybarb,https://pbs.twimg.com/profile_images/1742359121804820480/paVxlc8Y_normal.jpg,false,false
D,D21653567,'1376031193066442752',true,2021-03-28 07:39:50,,0,45,75,18,,0,https://www.twitter.com/D21653567,https://abs.twimg.com/sticky/default_profile_images/default_profile_normal.png,false,false
Ivan Aravena Galan,ivanuc,'91713784',true,2009-11-22 05:31:24,respeten los colores respeten a la hinchada jugadores de mierda jugadores sin alma ...para eso les pagan.,11707,610,2854,62244,,132,https://www.twitter.com/ivanuc,https://pbs.twimg.com/profile_images/1791989896283836416/6X-wGFbt_normal.jpg,false,false
Macla Ramírez Tannus,macla_rt,'1466340618003787780',true,2021-12-02 11:37:16,Colombian astronomer studying massive stars | Postdoc @mpi_astro | Mom,210,693,453,338,,13,https://www.twitter.com/macla_rt,https://pbs.twimg.com/profile_images/1466342864561004545/fZd9uOy2_normal.jpg,false,false
Madison Christensen,MadisonChr35172,'1826952178646355968',false,2024-08-23 14:58:53,,1,12,25,90,,0,https://www.twitter.com/MadisonChr35172,https://pbs.twimg.com/profile_images/1826952356702920704/b8v3Od4N_normal.jpg,false,false
calinerocher,calinerocher,'1825637927990292480',false,2024-08-19 23:56:48,,6,71,803,0,,0,https://www.twitter.com/calinerocher,https://pbs.twimg.com/profile_images/1825638227740377088/7JyR1Vj9_normal.jpg,false,false
liam,liam888979,'1837299561221488641',false,2024-09-21 04:15:38,,0,3,23,2,,0,https://www.twitter.com/liam888979,https://abs.twimg.com/sticky/default_profile_images/default_profile_normal.png,false,false
Donald Sestini,donsestini,'1658969047038324738',false,2023-05-18 01:54:22,photographer,91,179,178,7,United states of America,60,https://www.twitter.com/donsestini,https://pbs.twimg.com/profile_images/1835256089283063808/eJhkZydm_normal.jpg,false,true
"Tonia Walker, Ph.D.",TheLrnrWthnEnt,'178113539',false,2010-08-14 01:32:29,"Learner. Teacher. Leader. Gig’em Aggies...Go Mean Green. God=the head of my life. Value growth & empowerment. The Learner Within, Enterprises✨",4810,403,2512,12400,Texas,22,https://www.twitter.com/TheLrnrWthnEnt,https://pbs.twimg.com/profile_images/2972735925/e1abbe748f7dacab309119b62bc863f9_normal.jpeg,false,false
Pete86400,pete86400,'1585740828986978304',true,2022-10-28 00:11:07,,1,263,463,11082,,0,https://www.twitter.com/pete86400,https://abs.twimg.com/sticky/default_profile_images/default_profile_normal.png,false,false
Lilia B.,LiliaB783805,'1691615955376336896',false,2023-08-16 04:01:30,,6,0,34,30,,0,https://www.twitter.com/LiliaB783805,https://pbs.twimg.com/profile_images/1691616139179081728/OuvUCXCt_normal.jpg,false,false
Wise Wizard,WizardGhostlong,'1812120982657564672',true,2024-07-13 16:45:23,,560,203,1917,3002,,0,https://www.twitter.com/WizardGhostlong,https://pbs.twimg.com/profile_images/1816212803008503808/nQOw-qhZ_normal.jpg,false,false
NUR ZHAFRAN,_zhfrnnn,'1824222525934669824',false,2024-08-16 02:12:18,"my opinions, whether right or wrong, cannot change reality.",1070,324,6651,185,,3,https://www.twitter.com/_zhfrnnn,https://pbs.twimg.com/profile_images/1824628124757495808/q6vVENhe_normal.jpg,false,false
goobug100,goobug100,'901173293323079680',false,2017-08-25 23:03:50,,1,9,211,722,"Massachusetts, USA",0,https://www.twitter.com/goobug100,https://abs.twimg.com/sticky/default_profile_images/default_profile_normal.png,false,false
Shonda Baker,BakerShond58254,'1831789750832840706',true,2024-09-05 23:21:47,,6,0,14,87,,0,https://www.twitter.com/BakerShond58254,https://pbs.twimg.com/profile_images/1831789850363580416/4SWvsZBZ_normal.png,false,false
LibertyAndJusticeForAll Suzanne 🇺🇸 Harris/Walz,SMurray1000,'2273461159',false,2014-01-02 21:28:12,Independent who believes #JusticeMatters #SugarIsToxic #AntiRacist #LetsPutChristBackInChristianity,240173,7991,8776,333523,,233,https://www.twitter.com/SMurray1000,https://pbs.twimg.com/profile_images/1055317183935336448/Pz155bL0_normal.jpg,false,false
Iceman,IcemanOnSpotify,'1437105201132064774',true,2021-09-12 20:26:08,"Gamin page @IcePlayzzz | Partnered @DrinkFreshenUp, @elgato, @metapcs | Powered by @aimcontrollerss code : Iceman | iceman30ttg@outlook.com | good vibes 🎵",13617,2751,1396,53111,"Texas, USA",2407,https://www.twitter.com/IcemanOnSpotify,https://pbs.twimg.com/profile_images/1814608575005671424/1laUH-ER_normal.jpg,false,true
Dheeraj Gupta,Dheeraj85128098,'1189742741455962112',false,2019-10-31 05:16:05,,0,42,40,3,"Simi Valley, CA",0,https://www.twitter.com/Dheeraj85128098,https://abs.twimg.com/sticky/default_profile_images/default_profile_normal.png,false,false
ThePopsCokely,ThePopsCokely,'392874155',false,2011-10-17 21:00:12,"Irishman living in London. Mgmt consultant, dog enthusiast and Leinster and Irish rugby fan 😊",245,71,538,6599,"London, England",7,https://www.twitter.com/ThePopsCokely,https://pbs.twimg.com/profile_images/1216297857906626561/0QN0SBG-_normal.jpg,false,false
Chris H,ChrisH_DE,'27104520',false,2009-03-27 23:40:10,My views are my own.,740,55,422,2004,UK,17,https://www.twitter.com/ChrisH_DE,https://pbs.twimg.com/profile_images/1444317090/image_normal.jpg,false,false
Oryx,Kaddelou,'201729548',false,2010-10-12 17:05:43,It‘s Öryx!,3040,16,37,9754,Nürnberg,24,https://www.twitter.com/Kaddelou,https://pbs.twimg.com/profile_images/1314196308304035842/K32QvT6g_normal.jpg,false,false
Angela Lopez,angelaveronicaa,'768200972',false,2012-08-19 23:35:45,Here for shits & giggles,10303,181,107,587,,422,https://www.twitter.com/angelaveronicaa,https://pbs.twimg.com/profile_images/1655445736715087873/JLFEohQP_normal.jpg,false,false
Karina Suárez,karinasua,'392320230',false,2011-10-17 00:13:53,Periodista mexicana,529,477,599,1153,México,33,https://www.twitter.com/karinasua,https://pbs.twimg.com/profile_images/1798954265295339520/8-NouyKK_normal.jpg,false,false
Catherine Glavin,c_glavin05,'1837235901140979713',false,2024-09-21 00:02:36,,0,0,8,0,,0,https://www.twitter.com/c_glavin05,https://abs.twimg.com/sticky/default_profile_images/default_profile_normal.png,false,false
Florence Deener,DeenerFlorence,'1471289291359887370',false,2021-12-16 03:21:54,"Steeler Diva,Grandmother ,And never let anyone Steal your Joy",357,113,582,6372,,2,https://www.twitter.com/DeenerFlorence,https://pbs.twimg.com/profile_images/1471289448625324033/4ntxNwDf_normal.jpg,false,false
Arnaud Dunet,Nonodunet8731,'1822679134855729152',true,2024-08-11 19:59:13,,4,71,100,11,"Lavernose-Lacasse, France",0,https://www.twitter.com/Nonodunet8731,https://pbs.twimg.com/profile_images/1822680275060416512/NJo0qQTM_normal.jpg,false,false
💰👑,owork0379,'1760192692535824384',false,2024-02-21 08:41:14,,1396,270,668,5980,,8,https://www.twitter.com/owork0379,https://pbs.twimg.com/profile_images/1813677170440507392/hIvsrSfT_normal.jpg,false,false
Just Browsing,justbrowsing097,'1837218025055100928',false,2024-09-20 22:52:04,,0,11,28,0,,0,https://www.twitter.com/justbrowsing097,https://pbs.twimg.com/profile_images/1837218188972675076/oBzKWNtM_normal.png,false,false
Volvo Volvo,vvolvo042,'1797364697882136576',false,2024-06-02 23:28:43,Girls,79,166,2186,2383,,5,https://www.twitter.com/vvolvo042,https://pbs.twimg.com/profile_images/1797364745487400960/wsXbPRQm_normal.png,false,false
Shiori,monohara1988,'1827209929976918016',false,2024-08-24 08:02:56,見てみたい方だけにいいね送付中　見せ合いっこ希望❤　同意してくれる人はﾒｯｾで話そう　https://t.co/KhyWPZkhxP,0,31,161,113,,0,https://www.twitter.com/monohara1988,https://pbs.twimg.com/profile_images/1827990103081287680/jain9q4__normal.jpg,false,false
J͓T͓,jt_tv_xyz,'1679684353453088770',true,2023-07-14 05:49:15,"🤖 𝗔𝗜 𝗖𝗹𝗼𝘂𝗱 𝗖𝗼𝗺𝗽𝘂𝘁𝗲 💎 𝗦𝗲𝗿𝗶𝗮𝗹 𝗘𝗻𝘁𝗿𝗲𝗽𝗿𝗲𝗻𝗲𝘂𝗿 🛠 𝗖𝗿𝗮𝗳𝘁𝗶𝗻𝗴 𝗖𝗼𝗺𝗽𝗮𝗻𝗶𝗲𝘀, 𝗕𝘆𝘁𝗲 𝗯𝘆 𝗕𝘆𝘁e",483,1090,1162,15025,Las Vegas,33,https://www.twitter.com/jt_tv_xyz,https://pbs.twimg.com/profile_images/1753160960389574656/iS8Iy9zG_normal.jpg,false,true
Duwop willis,DWillis54066,'1833783864046555136',false,2024-09-11 11:25:34,,6,26,106,1,,0,https://www.twitter.com/DWillis54066,https://abs.twimg.com/sticky/default_profile_images/default_profile_normal.png,false,false
Krin,krinomenon,'1834642436112646144',false,2024-09-13 20:17:15,,0,14,4,1,,0,https://www.twitter.com/krinomenon,https://abs.twimg.com/sticky/default_profile_images/default_profile_normal.png,false,false
Kim Renée Coté,Cote_KimRenee,'1837192041685712896',false,2024-09-20 21:08:50,,0,0,32,0,,0,https://www.twitter.com/Cote_KimRenee,https://pbs.twimg.com/profile_images/1837192381277630464/QF_Ktl9V_normal.jpg,false,false
Ibrahim Mustapha Gaya,IGaya44978,'1798295267948568576',false,2024-06-05 13:06:41,Business and politics is my Choice ❤️,23,3,160,71,Kano State,3,https://www.twitter.com/IGaya44978,https://pbs.twimg.com/profile_images/1798295858951163904/iPuWdghq_normal.jpg,false,false
TeeKai,8teenkarat,'1525873750113234945',false,2022-05-15 19:20:55,,1,8,42,12,,0,https://www.twitter.com/8teenkarat,https://pbs.twimg.com/profile_images/1736920361894047744/VmtIdAeI_normal.jpg,false,false
Amy Fandrem,AmyFandrem17036,'1837188666688692224',false,2024-09-20 20:55:00,,0,10,31,0,,0,https://www.twitter.com/AmyFandrem17036,https://pbs.twimg.com/profile_images/1837188729582276614/WiTbxiBc_normal.jpg,false,false
Deborah Stone,Devonne23stizz,'2440008471',false,2014-03-27 16:04:46,,1508,28,569,5312,,4,https://www.twitter.com/Devonne23stizz,https://abs.twimg.com/sticky/default_profile_images/default_profile_normal.png,false,false
Herspace_group,Herspace_group,'1803394909019271168',false,2024-06-19 14:50:48,"A Community for Women Learning, Earning, Growing and Giving thru connection. 🫶",25,12,111,0,,13,https://www.twitter.com/Herspace_group,https://pbs.twimg.com/profile_images/1818609770846130177/EfAnqSCV_normal.jpg,false,false
Yarima Luciani,yariluciani,'282768434',false,2011-04-16 00:56:27,,17071,159,398,3382,,207,https://www.twitter.com/yariluciani,https://pbs.twimg.com/profile_images/1635491862592077824/UyoL8uD5_normal.jpg,false,false
Ilena Caye / Ilena C,IlenaCaye,'1041299216088281088',false,2018-09-16 15:14:14,"Coucou je m’appelle Ilena, je suis née le 1er avril 2011. Ambassadrice Haute-Marne,",876,941,534,299,,495,https://www.twitter.com/IlenaCaye,https://pbs.twimg.com/profile_images/1784535698290163712/7jRbSkCu_normal.jpg,false,false
“Quick”,KellesMan24,'1087804478',false,2013-01-14 04:33:26,"Husband of a 5’0 Super-Model, Proud Father of 6 amazing children, Proud Grandfather of 4 Princes and Princesses, 23-Year Military Veteran, Youth Football Coach",3928,235,624,83046,,669,https://www.twitter.com/KellesMan24,https://pbs.twimg.com/profile_images/1760606332460167168/8afK-rjf_normal.jpg,false,false
Del Duduit,delduduit,'609301920',false,2012-06-15 19:03:41,Award-winning Bestselling author | sportswriter & #Bengals writer @pdtsports_ | sportscaster 🏈 🎙️ at WNXT | #God | #papaw | #coffee | #blessed,73919,25296,21042,129607,Lucasville OHIO ,12390,https://www.twitter.com/delduduit,https://pbs.twimg.com/profile_images/1782029072190570497/LU0xDMJL_normal.jpg,false,false
Sheebs,sheebsa,'2821000589',false,2014-10-10 04:35:30,Just living the Snow White lifestyle,144,63,825,22356,,9,https://www.twitter.com/sheebsa,https://pbs.twimg.com/profile_images/962372664915562496/Ertewlte_normal.jpg,false,false
Kayla Marie Vivori,VivoriKayla,'899351144606158848',false,2017-08-20 22:23:16,,414,18,133,1936,United States,4,https://www.twitter.com/VivoriKayla,https://pbs.twimg.com/profile_images/1154430352313737216/mLHIwVhP_normal.jpg,false,false
msnicoleee,kellylily543,'1601289855660691460',true,2022-12-09 20:58:18,"IG:ms.bunzzz
Click the link In bio
Subscribe my OF D, DM FOR BOOKINGS ONLYYY!!!!",36,142,863,26,"Chicago, IL",3,https://www.twitter.com/kellylily543,https://pbs.twimg.com/profile_images/1797775717817548800/aRxmL6us_normal.jpg,false,false
seth,TearsSurfer,'1605736142598463489',false,2022-12-22 03:25:39,Moderate Libertarian. Conservative leaning. Understands the need for law enforcement and military to protect our way of life. We do not need bigger government,1589,3052,6662,3794,WV,198,https://www.twitter.com/TearsSurfer,https://pbs.twimg.com/profile_images/1833192571981426688/WzKNlDSx_normal.jpg,false,false
ANABEL JIMENEZ,ANABELJIME84613,'1832044019070726144',false,2024-09-06 16:12:26,,0,1,71,8,,0,https://www.twitter.com/ANABELJIME84613,https://pbs.twimg.com/profile_images/1832044187631443968/SUMQi0OP_normal.jpg,false,false
Kimerly Christie,kimerlychristie,'588478791',false,2012-05-23 19:13:22,Learning twitter - tweet me advise!!,321,133,249,710,"Tampa, FL",11,https://www.twitter.com/kimerlychristie,https://pbs.twimg.com/profile_images/1726037362319269888/yNXv_4fU_normal.jpg,false,false
Jordan D. Hogan,jordanhogan,'23500385',true,2009-03-09 23:00:36,he/him | Double Gator | SysAdmin | Media Enthusiast | My views are my own | https://t.co/ua6VxsIy3h,15379,356,565,22234,"Lake City, FL",595,https://www.twitter.com/jordanhogan,https://pbs.twimg.com/profile_images/544647332734971904/NR8n5D50_normal.jpeg,false,false
Michelle,DisneyGal2022,'1837124869915291648',false,2024-09-20 16:41:28,🐻🏈 // 🐻⚾ // 🧳,0,0,121,0,,0,https://www.twitter.com/DisneyGal2022,https://pbs.twimg.com/profile_images/1837128923525656576/S-JlSqo9_normal.jpg,false,false
.,musikquoted,'1837115211330785280',false,2024-09-20 16:04:08,Music Lover.,2,3,54,2,,0,https://www.twitter.com/musikquoted,https://pbs.twimg.com/profile_images/1837116943448281088/owqTaVQT_normal.jpg,false,false
Williamson Johnstone,Williamson53628,'1720945413920849920',false,2023-11-05 01:26:23,"well, my fun activities includes; camping, boat cruise, surfing, Reading, dancing, traveling, swimming and spending time with my son. I normally visit the mothe",30,34,213,81,"Cleveland, OH🇱🇷🇱🇷🇱🇷",3,https://www.twitter.com/Williamson53628,https://pbs.twimg.com/profile_images/1832191497497702400/sCymKNpl_normal.jpg,false,false
rap lee,raplee9992,'1465333013147967493',false,2021-11-29 16:53:23,凝视,70,103,214,10865,,8,https://www.twitter.com/raplee9992,https://pbs.twimg.com/profile_images/1465333626581794818/W5mmjInt_normal.jpg,false,false
o20o20o20,o20o20o2010033,'1833437647378751488',false,2024-09-10 12:30:14,,9,5,98,39,,0,https://www.twitter.com/o20o20o2010033,https://pbs.twimg.com/profile_images/1833437822599999489/q9u6QDrp_normal.jpg,false,false
Ron john,AAbdulkadi24259,'1826381797472497665',true,2024-08-22 01:12:48,,20,38,204,5,,0,https://www.twitter.com/AAbdulkadi24259,https://pbs.twimg.com/profile_images/1835008059552288768/eEClAQrS_normal.jpg,false,false
gl Kumar,ku12835389,'1441047459359191053',false,2021-09-23 17:31:38,Rcb,58,3,179,129,,0,https://www.twitter.com/ku12835389,https://abs.twimg.com/sticky/default_profile_images/default_profile_normal.png,false,false
Gina Pizzoferrato,ginamarie179,'236707764',false,2011-01-11 07:38:17,,977,92,308,386,"Chicago, IL",31,https://www.twitter.com/ginamarie179,https://pbs.twimg.com/profile_images/2232455585/IMG_2018copy_normal.jpg,false,false
victoria valasiadis,vicvalasiadis,'3413015565',false,2015-08-10 19:46:03,,61,89,189,1074,,6,https://www.twitter.com/vicvalasiadis,https://pbs.twimg.com/profile_images/1810857401051922433/rHOLj6Jf_normal.jpg,false,false
Ｐｅ́ｔａｌａ,DVareIa,'1196920497134587904',true,2019-11-20 00:38:03,"Brasileira, Não Praticante.
Interesse em mercado financeiro, 📈 Política e Tecnologia.",50960,4210,1085,111002,"Ciudad del Este, Paraguay",4355,https://www.twitter.com/DVareIa,https://pbs.twimg.com/profile_images/1835050582622523392/IJRaXb99_normal.jpg,false,true
David,David3949494598,'1837015586301177856',false,2024-09-20 09:28:22,,0,3,7,0,,0,https://www.twitter.com/David3949494598,https://abs.twimg.com/sticky/default_profile_images/default_profile_normal.png,false,false
NOBLE,NOBLE_GEE02,'1836469020456878080',true,2024-09-18 21:15:20,#1 Source for Viral News Across The Planet / Hip - Hop | Follow Us Now & Stay Updated | For Business Or Promo DM | Turn On Notifications 🔔,117,12,117,139,"Ohio, USA",88,https://www.twitter.com/NOBLE_GEE02,https://pbs.twimg.com/profile_images/1836469244336209920/Bg6ZWfvX_normal.jpg,false,false
yc,chen_2974,'1477651871078973443',false,2022-01-02 16:44:19,#DubNation  be happy,140,87,329,11722,,2,https://www.twitter.com/chen_2974,https://pbs.twimg.com/profile_images/1477655888823746561/1HAHGCQ__normal.jpg,false,false
Elon Musk,ElonMusk7852500,'1821997124181225472',false,2024-08-09 22:49:17,"🚀| Spacex • CEO & CTO
🚔 Tesla • CEO and Product architect 
🚄| Hyperloop • Founder 
🧩| OpenAI • Co-founder",0,162,3594,0,United States,0,https://www.twitter.com/ElonMusk7852500,https://pbs.twimg.com/profile_images/1822004103112777728/Enc1NL-u_normal.jpg,false,false
tboyyy103,tboyyy103,'1834787909792137217',false,2024-09-14 05:55:30,,1,46,1050,3,,0,https://www.twitter.com/tboyyy103,https://pbs.twimg.com/profile_images/1835072515586043904/cpD3vf5T_normal.jpg,false,false
Berta Snædal,bsnaedal,'1601844132',false,2013-07-18 00:25:25,Icelandic Mission to the EU @IcelandBrussels,29,98,229,14000,"Brussels, Belgium",0,https://www.twitter.com/bsnaedal,https://pbs.twimg.com/profile_images/1836364107034808320/hixu5wB0_normal.jpg,false,false
Alea Sewell,llea_andria,'1794479456133820417',false,2024-05-26 00:24:02,"CHI | ATL

Funded Day Trader | P3

Proverbs 31

300K+ Views on YouTube | Subscribe",1045,92,754,416,"Oklahoma, USA",28,https://www.twitter.com/llea_andria,https://pbs.twimg.com/profile_images/1836991098717085697/kO8vTEqU_normal.jpg,false,false
Essie,NoresersyZ2Hs,'1834230584568377344',false,2024-09-12 17:00:25,Gods determine what you're going to be。,1,15,276,0,Iraq,1,https://www.twitter.com/NoresersyZ2Hs,https://pbs.twimg.com/profile_images/1834230596715118592/quWE6itG_normal.jpg,false,false
petrina stivakta,petrinastiv,'1835975962229420032',true,2024-09-17 12:36:16,,0,0,10,0,,0,https://www.twitter.com/petrinastiv,https://pbs.twimg.com/profile_images/1835976052968968192/Zuha7RS1_normal.jpg,false,false
Nathan,Nats3145,'1692815581525819392',true,2023-08-19 11:27:48,@Manutd @realmadrid,32,157,309,5572,"South East, England",1,https://www.twitter.com/Nats3145,https://pbs.twimg.com/profile_images/1797032987801858048/farMacWc_normal.jpg,false,false
JustSteve,SteveAwino,'3424318851',false,2015-08-15 19:43:03,Arsenal 💪🏾,1976,288,328,54730,"Nairobi, Kenya",66,https://www.twitter.com/SteveAwino,https://pbs.twimg.com/profile_images/1608485297754411009/vChU7PW3_normal.jpg,false,false
rose,rose420_00,'1173344501764513792',false,2019-09-16 00:15:34,fuck you & yo bitch,81,18,63,934,"Washington, IL",0,https://www.twitter.com/rose420_00,https://pbs.twimg.com/profile_images/1571583562960277510/-5NRhwRW_normal.jpg,false,false
KD,KD_Braves91,'979732207110709249',true,2018-03-30 17:48:55,Kool kid by Atl-Sav-& Some Where in your Mind,2808,108,5116,28123, GA,5,https://www.twitter.com/KD_Braves91,https://pbs.twimg.com/profile_images/1006499369200312320/cRIal4Iu_normal.jpg,false,false
Liza Abraham,liza_abraham,'939693978',false,2012-11-10 20:56:53,"Once every 3-4  years I dust off this account to yell into the void.

Third generation Syrian-American. Liberal believer in the promise of liberalism.",218,46,384,2182,,14,https://www.twitter.com/liza_abraham,https://pbs.twimg.com/profile_images/2832446593/29ac14065e42cc7b2583e3cdd2061f21_normal.jpeg,false,false
Ellen Kirsh,ellen_kirsh,'3015817865',true,2015-02-04 02:37:39,"mom, healthy food lover, social media manager, CPA",30,44,84,141,"Washington, DC",1,https://www.twitter.com/ellen_kirsh,https://pbs.twimg.com/profile_images/565258886521692160/FGJq9WgN_normal.jpeg,false,false
James Davie,bobpqqppeoe,'1468179115371114505',false,2021-12-07 13:22:53,,13,175,178,33,,0,https://www.twitter.com/bobpqqppeoe,https://pbs.twimg.com/profile_images/1468179202998423557/fMWIFd4X_normal.jpg,false,false
Kurt Warner,kurt13warner,'138134695',false,2010-04-28 21:28:08,"A man working to be better in this chapter of my life than I was in previous one... striving daily to be my “best,” in hopes of inspiring the same in others!",48497,634994,1687,3411,"Phoenix, AZ",1366,https://www.twitter.com/kurt13warner,https://pbs.twimg.com/profile_images/1530243237176258560/uqRnQm3w_normal.jpg,false,true
NowYouKnow,NowYouKnow_0,'1831442083502288896',false,2024-09-05 00:20:05,"From modern icons to historical legends and un-sung heroes. We bet you'll uncover something you didn't know, but Now You Know.",32,30,73,93,,0,https://www.twitter.com/NowYouKnow_0,https://pbs.twimg.com/profile_images/1831444116196225031/-1-EHeiJ_normal.jpg,false,false
Carl,carlsmith1969,'26955313',false,2009-03-27 07:09:53,,13039,437,1628,47187,,15,https://www.twitter.com/carlsmith1969,https://pbs.twimg.com/profile_images/1334234117949493248/sUihcecK_normal.jpg,false,false
Jennifer 🏳️‍🌈,flutepower,'469469518',false,2012-01-20 18:42:55,UTA Alumni | BS Physics | University of North Dakota | MS Space Studies | she/her 🚀🚀🚀,513,46,341,1394,Grand Forks. ND,81,https://www.twitter.com/flutepower,https://pbs.twimg.com/profile_images/1567007975042158592/4d9NyyAA_normal.jpg,false,false
Cara Capuano🟧,CapuanoCara,'1293397003506982912',false,2020-08-12 07:01:05,"LCSW x 15 years. Feminist. Happy wife. Preemie Mom. Cat Mom. Passionate about family, friends, social justice, travel, music. Love deeply, live simply.",2252,85,220,15442,"St Louis, MO",1,https://www.twitter.com/CapuanoCara,https://pbs.twimg.com/profile_images/1293402864056971266/7Oul2ZAQ_normal.jpg,false,false
Nick Savoie,NcSavy,'1247735238',false,2013-03-07 04:41:23,,123,99,693,1982,,2,https://www.twitter.com/NcSavy,https://pbs.twimg.com/profile_images/1123251863644585990/LUazMsA__normal.jpg,false,false
jeannie may,jmay1012,'42678468',false,2009-05-26 20:59:13,"I was an ER R.N.; retired, (I’m older than dirt!)! Now I’m an Artist & (finally!!) a grandmother!",1449,108,57,1208,"Houston, TX",3,https://www.twitter.com/jmay1012,https://pbs.twimg.com/profile_images/1644659010157641728/dt2xzLD8_normal.jpg,false,false
Gang Huang,jimmiwilkir,'43450585',false,2009-05-30 04:11:38,tinkerer,93,43,297,73,127.0.0.1,2,https://www.twitter.com/jimmiwilkir,https://pbs.twimg.com/profile_images/3753158299/2c84dcb2bafd9d09cb3c2c958b31598c_normal.jpeg,false,true
Roc,rocsoul,'70906581',true,2009-09-02 10:19:14,,567,54,209,4520,"Toronto, ON",20,https://www.twitter.com/rocsoul,https://pbs.twimg.com/profile_images/1403354743515328519/ECrBU1cK_normal.jpg,false,false
Justin Kever,keverj,'204574526',false,2010-10-19 03:36:41,,59,73,193,9,,0,https://www.twitter.com/keverj,https://pbs.twimg.com/profile_images/929468107348787202/pnnCrI4-_normal.jpg,false,false
Kathleen McWhirter,KathleenMcWhirt,'1132768034',false,2013-01-30 04:54:55,,1379,88,868,42553,,13,https://www.twitter.com/KathleenMcWhirt,https://abs.twimg.com/sticky/default_profile_images/default_profile_normal.png,false,false
Denise,Denise68980184,'1030266888125915138',false,2018-08-17 04:35:42,,32,13,114,71,,26,https://www.twitter.com/Denise68980184,https://abs.twimg.com/sticky/default_profile_images/default_profile_normal.png,false,false
Melissa S,s_melissaruth76,'867249656',false,2012-10-08 04:45:43,,2,5,71,0,,0,https://www.twitter.com/s_melissaruth76,https://abs.twimg.com/sticky/default_profile_images/default_profile_normal.png,false,false
Millie,Millie909221965,'1836958402163212288',false,2024-09-20 05:39:59,,0,17,234,334,,0,https://www.twitter.com/Millie909221965,https://pbs.twimg.com/profile_images/1836958621357223936/Ril6bG5b_normal.jpg,false,false
DrFrankog,DrFrankogc,'1639868216364154880',false,2023-03-26 08:54:01,"Juris Doctor, arbitrator, lecturer in law and judiciary writer and iconoclast attorney.",2917,487,3286,542,,17,https://www.twitter.com/DrFrankogc,https://pbs.twimg.com/profile_images/1747691107092238336/EYhwSJZ2_normal.jpg,false,false
Mary Crismas,PinkCoowhip,'4646566824',false,2015-12-25 04:26:27,I have a crap load of patience,3,6,131,65,San Diego.CA,0,https://www.twitter.com/PinkCoowhip,https://pbs.twimg.com/profile_images/680239451700776961/GR8Zw3Xn_normal.jpg,false,false
Dawnetta Wright,DawnettaWright,'1267554850688184328',false,2020-06-01 23:34:07,"Loving, Honest, Caring, And Real😘",8,104,623,129,,3,https://www.twitter.com/DawnettaWright,https://pbs.twimg.com/profile_images/1267557303491887104/gG5svkNf_normal.jpg,false,false
Scar,Scarstarrrrrrrr,'1823830835986108416',false,2024-08-15 00:15:49,,20,28,29,194,,0,https://www.twitter.com/Scarstarrrrrrrr,https://abs.twimg.com/sticky/default_profile_images/default_profile_normal.png,false,false
Hartmann HQ,rayhartmannCD2,'1808194451141021698',false,2024-07-02 20:42:53,"Campaign HQ for @RayHartmann, running for Congress in Missouri’s 2nd District. #MO02 🌊",41,249,254,5,"St. Louis, MO",14,https://www.twitter.com/rayhartmannCD2,https://pbs.twimg.com/profile_images/1835027683710832640/QoGs2QIq_normal.jpg,false,false
Michele Rodriguez,Michele60864346,'2230756190',false,2013-12-05 04:03:52,,3,5,40,14,,0,https://www.twitter.com/Michele60864346,https://abs.twimg.com/sticky/default_profile_images/default_profile_normal.png,false,false
princess carolyn,ginat0ldyouso,'1831473078976585728',false,2024-09-05 02:23:21,new twitter but not new to twitter • mom • wife • esthetician • sza stan • student • crime junkie • pop culture • here for the voices in my head ⋆˙⟡♡,11,28,153,226,DMV,0,https://www.twitter.com/ginat0ldyouso,https://pbs.twimg.com/profile_images/1831485440123166720/sZdl9H5o_normal.jpg,false,false
Joshua Connell,connell_joshua,'2892849640',false,2014-11-26 03:49:08,,15,82,167,3,,0,https://www.twitter.com/connell_joshua,https://abs.twimg.com/sticky/default_profile_images/default_profile_normal.png,false,false
lonaka,kaylarylansmom,'732280076',false,2012-08-02 09:20:30,"proud mother, retired nurse, dog mama, grandma of 3, Giants fan",8424,109,468,26183,,73,https://www.twitter.com/kaylarylansmom,https://pbs.twimg.com/profile_images/839310146379493376/fup6YXrp_normal.jpg,false,false
bing lily,binglily12035,'1769748632360849408',false,2024-03-18 17:32:15,,0,13,31,0,,0,https://www.twitter.com/binglily12035,https://pbs.twimg.com/profile_images/1769748661532311553/eWZLP0XL_normal.png,false,false
Jacquelyn Nano,nanofamily2023,'1694506108033875968',false,2023-08-24 03:25:49,,1,2,21,21,,0,https://www.twitter.com/nanofamily2023,https://pbs.twimg.com/profile_images/1694506289215217664/mmaQUdBp_normal.jpg,false,false
Manzar,imanzarh,'104139602',false,2010-01-12 13:42:33,"Peace ✌️ 
Another IT guy 👨🏻‍💻",3506,283,671,17736,Melbourne / Naarm,15,https://www.twitter.com/imanzarh,https://pbs.twimg.com/profile_images/1424032451739803648/SWAO_UAC_normal.jpg,false,false
Debra Kelly,DebraKe23327228,'1147156159977201665',false,2019-07-05 17:51:56,"I love flopsey,fudge,coco,fish,all my hamsters and lassie and ted",90,0,378,563,,0,https://www.twitter.com/DebraKe23327228,https://pbs.twimg.com/profile_images/1147156273831567361/Q4prNDL6_normal.jpg,false,false
Nolan Doherty,nolantdoherty,'1375448540374298626',false,2021-03-26 16:04:30,"Finance Major | Political Science Minor | Interested in Politics, Law, Finance & Real Estate",5,2,12,78,"Massachusetts, USA",0,https://www.twitter.com/nolantdoherty,https://pbs.twimg.com/profile_images/1721978116451557377/To_sR-Oc_normal.jpg,false,false
George_Eye 🍉,George_3ye,'1512319399503413256',true,2022-04-08 09:41:20,"""Well, you were born to be an astronaut, and you'll do that or die trying."" | pfp by @/snacktoast 🇵🇭🏳️‍🌈",157,244,606,256674,he/him,5,https://www.twitter.com/George_3ye,https://pbs.twimg.com/profile_images/1724460348600893440/TIXT_Q5q_normal.jpg,false,false
Liam Martins,Liam_jmartins,'1679870636192145409',false,2023-07-14 18:09:26,"When it rains look for rainbows when it’s dark I look for stars. ✨ Love pet, 🐶 🙀 love to cook 🍲❤️😊 Christian and Engineer.",34,177,639,26,,8,https://www.twitter.com/Liam_jmartins,https://pbs.twimg.com/profile_images/1686904084933054464/FNv3osl__normal.jpg,false,false
John Howze,johnhowze,'40885129',false,2009-05-18 17:37:42,husband;father;grandfather; son of aging parents,15,194,231,13,"Jacksonville, Florida",1,https://www.twitter.com/johnhowze,https://pbs.twimg.com/profile_images/1580155293232762881/0EDCT-xJ_normal.jpg,false,false
Tom Smith,tomsmith1980,'901665248',false,2012-10-24 14:38:37,,318,485,1917,2326,,150,https://www.twitter.com/tomsmith1980,https://pbs.twimg.com/profile_images/1148249317712547841/qz84o_jG_normal.png,false,false
lauren 💫,laurenlavida,'1064681304673984512',true,2018-11-20 02:46:18,epic coldplay stan 🤩 | i saw coldplay 6/11/22 💕❤️ | might occasionally tweet about my life and my other hyperfixations,16167,2171,1319,62539,"she/her, 19",1844,https://www.twitter.com/laurenlavida,https://pbs.twimg.com/profile_images/1764168008576950272/qgAw5eG7_normal.jpg,false,false
Chouaiby Sarah,sasacomehere,'1836894791617105921',false,2024-09-20 01:27:10,,0,0,134,0,,0,https://www.twitter.com/sasacomehere,https://pbs.twimg.com/profile_images/1836898140307476481/LqBw4Ixh_normal.jpg,false,false
Corey Olson,centurionblog,'22442062',true,2009-03-02 04:53:05,Grandson of a member of the Nonpartisan league; son of liberal democrats; proud to be a Social Democrat.,5227,1129,2385,15481,"Fargo, ND",64,https://www.twitter.com/centurionblog,https://pbs.twimg.com/profile_images/143881311/l_f9e190a9d4df8a2f263657525d8fe624_normal.jpg,false,false
A,02elocinassyla,'1764283829282283520',false,2024-03-03 15:37:14,,3,35,4,11,,0,https://www.twitter.com/02elocinassyla,https://abs.twimg.com/sticky/default_profile_images/default_profile_normal.png,false,false
Bruna,Bruna66645250,'1078058160592703489',false,2018-12-27 00:41:09,"Patos são lindos.
A greta thumberg não está a agir meus caros.
As pessoas são estranhas...
Mas não é um insulto",62,8,30,20,"Lisbon, Portugal",4,https://www.twitter.com/Bruna66645250,https://pbs.twimg.com/profile_images/1204497064719273986/DsbNXxKV_normal.jpg,false,false
Tremica Cherry-Wall,uneekcherry,'233248316',false,2011-01-02 20:46:02,,282,17,589,518,19904,223,https://www.twitter.com/uneekcherry,https://pbs.twimg.com/profile_images/1458239301960052740/0xZo5Li9_normal.jpg,false,false
Dom,DopeAssDom32,'920007627593072640',false,2017-10-16 22:24:46,,13,52,205,3566,"New Orleans, LA",1,https://www.twitter.com/DopeAssDom32,https://pbs.twimg.com/profile_images/1051860623703896064/Lx348iNC_normal.jpg,false,false
Tracy Zack,tracyRacey,'232088191',false,2010-12-30 08:18:22,,3164,72,437,599,,48,https://www.twitter.com/tracyRacey,https://pbs.twimg.com/profile_images/1488905458610065410/RZ1PV5ya_normal.jpg,false,false
larogers,La_rog_80,'770698697143382016',false,2016-08-30 22:04:23,,27,65,342,321,"Augusta, GA",5,https://www.twitter.com/La_rog_80,https://pbs.twimg.com/profile_images/770708408399986688/P7MmLWHb_normal.jpg,false,false
Nbest,Nbest12,'24204809',false,2009-03-13 18:56:51,,272,63,466,202,,18,https://www.twitter.com/Nbest12,https://pbs.twimg.com/profile_images/831373846599069697/zrYSHQq3_normal.jpg,false,false
Cathy Esmonde,Cathy_ECatalina,'607267770',false,2012-06-13 15:53:32,Catalina Hackett Esmonde,22,118,1618,370,"New Hampshire, USA",0,https://www.twitter.com/Cathy_ECatalina,https://pbs.twimg.com/profile_images/1343326340070715394/tADeUVnQ_normal.jpg,false,false
Ivy Blue,mrsivyblue,'897778013517041664',true,2017-08-16 14:12:13,Blessed,10,1,528,398,"New Castle, DE",1,https://www.twitter.com/mrsivyblue,https://pbs.twimg.com/profile_images/897786490851389441/LGw2dAtB_normal.jpg,false,false
HAREEM HUSSAIN,HareemHussainn,'1712548170851561472',true,2023-10-12 22:18:26,mai apni favourite hoon,514,54,544,2182,,42,https://www.twitter.com/HareemHussainn,https://pbs.twimg.com/profile_images/1793974988032106496/OpvQmwq9_normal.jpg,false,false
Pablo Daniel Carvajal Guzman,Apa1091apa1091,'1836868070301655040',false,2024-09-19 23:43:26,,0,1,7,0,,0,https://www.twitter.com/Apa1091apa1091,https://pbs.twimg.com/profile_images/1836868728710934528/ugZ4zOrj_normal.png,false,false
Velvet95,Velvet_007,'1834754478920368128',false,2024-09-14 03:45:47,"God is good!
🙏❤️✝️",179,4,1673,4,,0,https://www.twitter.com/Velvet_007,https://pbs.twimg.com/profile_images/1836648004343992320/qGqabz4L_normal.jpg,false,false
Sofi07 Pallares,Sorenly_tz1,'1836862977569595392',false,2024-09-19 23:21:04,,0,0,18,0,,0,https://www.twitter.com/Sorenly_tz1,https://pbs.twimg.com/profile_images/1836863101175746561/726EnYsw_normal.png,false,false
علي ستار,lystar14490207,'1487815003080216577',false,2022-01-30 17:49:03,,352,191,5473,5012,,18,https://www.twitter.com/lystar14490207,https://pbs.twimg.com/profile_images/1809008706904076288/PEsYNWD2_normal.jpg,false,false
Jimmy Lai,jimmylai99,'1275295370516426752',false,2020-06-23 08:11:32,I don’t know what to write here.,9,186,1950,672,"Coquitlam, British Columbia",2,https://www.twitter.com/jimmylai99,https://pbs.twimg.com/profile_images/1343731757737078785/jfvcfk-j_normal.jpg,false,false
wordnerd,thiswordnerd,'1832966546656030720',false,2024-09-09 05:18:22,,0,22,20,32,,0,https://www.twitter.com/thiswordnerd,https://abs.twimg.com/sticky/default_profile_images/default_profile_normal.png,false,false
Ajai P.,littleman23,'42002335',false,2009-05-23 12:26:00,Always listen to the Little Man (https://t.co/hwsfRzOQjq). Proud Cal Golden Bear 🐻 & LB Poly Jackrabbit 🐰,5424,237,453,727,"Berkeley, CA",559,https://www.twitter.com/littleman23,https://pbs.twimg.com/profile_images/1822645697470181376/ZtesVVjJ_normal.jpg,false,false
Keon,Scorpion2184,'1835375792219459584',false,2024-09-15 20:51:14,,0,37,252,0,,0,https://www.twitter.com/Scorpion2184,https://pbs.twimg.com/profile_images/1835376025368207360/PXeKs3z2_normal.jpg,false,false
Jan B,BishopJanny,'808870669',false,2012-09-07 16:23:28,,378,40,182,277,U.K.,72,https://www.twitter.com/BishopJanny,https://pbs.twimg.com/profile_images/456449638585757696/hr9N45T2_normal.jpeg,false,false
meri,ameriiiher,'1575192305027252225',false,2022-09-28 21:34:59,🪞☁️💘✨🪐🥼🧬🧪🧸,1592,34,117,7892,mexico,4,https://www.twitter.com/ameriiiher,https://pbs.twimg.com/profile_images/1836499517329354752/QniB92I3_normal.jpg,false,false
Leah Van Buren,Leah15825Leah,'1830777506363789313',false,2024-09-03 04:19:12,,1,1,26,2,,0,https://www.twitter.com/Leah15825Leah,https://abs.twimg.com/sticky/default_profile_images/default_profile_normal.png,false,false
Muhammed,mmdly168203,'1831360382033629185',false,2024-09-04 18:55:27,,0,10,38,17,,0,https://www.twitter.com/mmdly168203,https://pbs.twimg.com/profile_images/1831360437297750016/ZR6I9v69_normal.png,false,false
🐼 Pandinha 🐼,JVPandinha_97,'3296522674',false,2015-05-24 15:18:16,"🇾🇪 SPFC 🇾🇪

Sejam seu próprio amor ❤❣

Alguém vai me ouvir.....!!! 🎤🎶",738,128,172,10689,,21,https://www.twitter.com/JVPandinha_97,https://pbs.twimg.com/profile_images/1457537011477274626/GBi_Y8rT_normal.jpg,false,false
Dalia,divinelydahlia,'1817430190114643969',false,2024-07-28 08:22:48,,18,1,43,123,,0,https://www.twitter.com/divinelydahlia,https://pbs.twimg.com/profile_images/1817430755162857472/mxr4fjwF_normal.jpg,false,false
Isabelle Kaplan,Isabellehkaplan,'1227410984018550788',true,2020-02-12 03:56:13,Medical student @sunydownstate | aspiring psychiatrist 🛋 🧠 | probably running or knitting | tweets are my own | she/her 🏳️‍🌈,37,295,651,3989,,7,https://www.twitter.com/Isabellehkaplan,https://pbs.twimg.com/profile_images/1279883679599341568/qsBiCJXi_normal.jpg,false,false
T.V Gorl,TGorl18169,'1836831606083842048',false,2024-09-19 21:16:15,,0,0,1,10,,0,https://www.twitter.com/TGorl18169,https://pbs.twimg.com/profile_images/1836831687310761984/gdGCTA4E_normal.jpg,false,false
Crystal 🔮,Mary_Andrew0,'1741972986339512320',true,2024-01-02 02:01:54,Thankful For Another Day.,3675,467,1212,10296,Russell Wilson ,54,https://www.twitter.com/Mary_Andrew0,https://pbs.twimg.com/profile_images/1836833725394395136/DLW3vxhN_normal.jpg,false,false
Korean Abdul Jabbar,HeyDaveKim,'21519634',false,2009-02-21 23:43:09,Head of digital @wdet. Program Director for @ferndaleradio. Advocate for egg tarts. Opinions are my own.,38968,1103,849,16182,"Detroit, MI",3926,https://www.twitter.com/HeyDaveKim,https://pbs.twimg.com/profile_images/1333268520285724672/1M-qG88C_normal.jpg,false,false
Dirty Dan,inarliswetrust,'740514038778597376',true,2016-06-08 15:01:19,Don't follow me if you take your hair off when you go to bed.,1724,806,523,168,"Boston, MA",12,https://www.twitter.com/inarliswetrust,https://pbs.twimg.com/profile_images/1479838531572973575/a76f0RVY_normal.jpg,false,false
Martin Pontz,aboasl10,'999347937237970948',false,2018-05-23 20:54:50,Theoretical population geneticists with a PhD. Postdoc at Tel Aviv University.,1387,345,598,259212,,0,https://www.twitter.com/aboasl10,https://pbs.twimg.com/profile_images/999555237940678658/5g5uO9-w_normal.jpg,false,false
Stephanie Herrera,steph_herrera_,'1493745978',false,2013-06-08 22:52:52,Founder #SalesforceSaturday | Co-Founder @pepuptech | Board Member @merivisvets | @salesforce MVP x7 | #WIT #DEI Leader | KeynoteSpeaker | Community Creator❤️,6388,9205,1891,14565,"Austin, Tx",995,https://www.twitter.com/steph_herrera_,https://pbs.twimg.com/profile_images/1261722317438189574/yG_mvvhO_normal.jpg,false,false
petitefoufoune,joshua_isenor,'1501297041925943297',false,2022-03-08 22:41:28,90% of my replies are jokes. Chiefs🔛🔝 #ChiefsKingdom #LetsGoOilers 🇨🇦,796,238,242,5872,,24,https://www.twitter.com/joshua_isenor,https://pbs.twimg.com/profile_images/1675881779691937792/y5oLPBcQ_normal.jpg,false,false
Riley,Riley425621,'1836822599474487297',false,2024-09-19 20:40:20,,0,0,10,0,"Nevada, IA",0,https://www.twitter.com/Riley425621,https://pbs.twimg.com/profile_images/1836824857767518208/0ABRxYdi_normal.jpg,false,false
Mar,Marrmarr711,'1812791462486032384',false,2024-07-15 13:09:09,,3,9,68,45,,0,https://www.twitter.com/Marrmarr711,https://pbs.twimg.com/profile_images/1812791757064519680/XwBaO5_l_normal.jpg,false,false
Waltermellin,Waltermellin45,'1759249671510282240',false,2024-02-18 18:13:18,Blessings,73,544,2395,15,"Florida, USA",7,https://www.twitter.com/Waltermellin45,https://pbs.twimg.com/profile_images/1831191435283988480/yoOY9qOd_normal.jpg,false,false
Bessie Waters,BessieWate85308,'1836819075626061824',false,2024-09-19 20:26:20,,0,0,56,17,,0,https://www.twitter.com/BessieWate85308,https://pbs.twimg.com/profile_images/1836819123965415426/zgCU_9Vr_normal.png,false,false
BluMTgrl🌊 🇺🇸🇺🇦,BluMTgrl,'282396403',false,2011-04-15 06:55:24,"#VoteBlue#Resister~Spiritual Atheist~ Luv my Grandkids, the Mountains,Beach, makin Jewelry! Dislike Cold, Brrrr, & Hypocrisy! Bots/Trolls 🚫! #Ω #HarrisWalz2024",36706,2048,3958,17214,,133,https://www.twitter.com/BluMTgrl,https://pbs.twimg.com/profile_images/1540414873611472898/ncIYaZMo_normal.jpg,false,false
Abby Hall,AbbyHallBball45,'1574858847310651392',false,2022-09-27 23:29:56,DMCS 2024 • 4.11 GPA • SG • Cornerstone WBB Commit,43,49,29,48,,3,https://www.twitter.com/AbbyHallBball45,https://pbs.twimg.com/profile_images/1649103791290040329/NCfCSNvb_normal.jpg,false,false
souMb,souMbsou,'1794815222575689728',false,2024-05-26 22:38:05,,2,0,3,0,,1,https://www.twitter.com/souMbsou,https://pbs.twimg.com/profile_images/1794815654308003841/OEoKGc_N_normal.jpg,false,false
Tracy Lambert,myeskiebaby,'240374733',false,2011-01-19 21:45:09,,7154,4,27,184,,8,https://www.twitter.com/myeskiebaby,https://pbs.twimg.com/profile_images/441660683839483904/RMWBx-2m_normal.jpeg,false,false
Zoe Cooper,ZoeCooper738252,'1712573251862331392',false,2023-10-12 23:57:46,"Live your life: love, laugh, respect and be kind 🙏🏼 Headteacher at Hanley St Luke’s C of E  💙💛",125,178,494,465,"England, United Kingdom",15,https://www.twitter.com/ZoeCooper738252,https://pbs.twimg.com/profile_images/1822974710189268992/T0DVzX25_normal.jpg,false,false
Graham Wagner,GrahamW2K24,'1836768280574337025',false,2024-09-19 17:04:31,,4,55,786,3,,0,https://www.twitter.com/GrahamW2K24,https://pbs.twimg.com/profile_images/1837272159896346624/HW2wdoen_normal.jpg,false,false
Psyche,Psyche_Seastar,'1806064784036536320',false,2024-06-26 23:40:08,,8,3,18,4350,,0,https://www.twitter.com/Psyche_Seastar,https://pbs.twimg.com/profile_images/1806065174329077760/nNwVeTWV_normal.jpg,false,false
Victoria,lovely1victoria,'1836791603320541184',false,2024-09-19 18:37:06,,2,6,24,3,,0,https://www.twitter.com/lovely1victoria,https://pbs.twimg.com/profile_images/1836791816844120064/L8jJYOgO_normal.jpg,false,false
⚾️ Bird Watcher ⚾️,CardinalNation1,'430386340',false,2011-12-07 05:23:23,"Father of 2, StL Cardinals, Blues and CITY SC, boating, Golden Tee, Rec Teq meat smokin' and a little technology thing on the side.",8843,245,530,3263,St. Louis,1878,https://www.twitter.com/CardinalNation1,https://pbs.twimg.com/profile_images/1637283273087778817/4q8JXbws_normal.jpg,false,false
RAINMAKER,IgnatiusAvalon,'797823711499915264',false,2016-11-13 17:29:30,,10044,62,612,4598,,1423,https://www.twitter.com/IgnatiusAvalon,https://pbs.twimg.com/profile_images/1743662390191837184/JbzYS_Li_normal.jpg,false,false
eduardo,olligo2018,'1321540712039649280',false,2020-10-28 21:54:07,6'4 ft | reescrever.,3136,11,108,59506, ,155,https://www.twitter.com/olligo2018,https://pbs.twimg.com/profile_images/1794223769168347136/qA-0z7YK_normal.jpg,false,false
Agos,ine_who,'1836785942608203776',false,2024-09-19 18:14:42,"Acá me descargo.
Cuenta secundaria de @aggosporfirio",0,0,13,0,,0,https://www.twitter.com/ine_who,https://pbs.twimg.com/profile_images/1836786302131314688/Pf6wf0uX_normal.jpg,false,false
Septima P. Snark,DrSubini,'2343470749',true,2014-02-14 13:43:27,"DisCrit-Critical Educator-Black Asian Feminist exploring intersections, searching for Justice-Yogini-Tweets=mine. She/Her Author-Pedagogy of Pathologization 🍉",36341,13399,2607,105038,,1483,https://www.twitter.com/DrSubini,https://pbs.twimg.com/profile_images/1719920778765090816/xfdAIips_normal.jpg,false,false
Merle,Oktober0810,'4792545382',false,2016-01-13 10:38:07,Reader,16,3,147,76,"Cape Town, South Africa",0,https://www.twitter.com/Oktober0810,https://abs.twimg.com/sticky/default_profile_images/default_profile_normal.png,false,false
Amy 🌻,amyhawt_,'1869518498',true,2013-09-16 02:12:07,"houstonian, future CPA, UH alumna",6993,700,265,22353,"Houston, TX",465,https://www.twitter.com/amyhawt_,https://pbs.twimg.com/profile_images/1759395168795361280/51VW5Dm4_normal.jpg,false,false
Jen Bornemann,JenBornemann,'49046885',false,2009-06-20 19:27:32,"Identical twin, proud aunt, social worker, marathoner and three-time Ironman. Proud lesbian who happens to wear a lanyard. She/her/hers 🏳️‍🌈",1746,758,719,13172,"Atlanta, GA",37,https://www.twitter.com/JenBornemann,https://pbs.twimg.com/profile_images/1315740708653928448/ZMBIwVbG_normal.jpg,false,false
Carr Scott,CarrScott3,'1034805486342819840',false,2018-08-29 17:10:28,,480,80,113,1554,"New Hampshire, USA",12,https://www.twitter.com/CarrScott3,https://abs.twimg.com/sticky/default_profile_images/default_profile_normal.png,false,false
Teo,speaknow1913,'1566379742315642880',false,2022-09-04 13:57:15,got a lot of things to be happy about 😌,4361,1866,2323,38325,,157,https://www.twitter.com/speaknow1913,https://pbs.twimg.com/profile_images/1823332952123559936/nAldYF92_normal.jpg,false,false
Adam Anthony,mranthony0885,'1835775071647875072',false,2024-09-16 23:17:52,,1,28,331,122,,0,https://www.twitter.com/mranthony0885,https://pbs.twimg.com/profile_images/1836759103886020608/_OWAvyCj_normal.jpg,false,false
imaniamirah._,KeemaCarter1,'1631447081981296641',false,2023-03-03 02:11:21,,1770,47,293,8983,,3,https://www.twitter.com/KeemaCarter1,https://pbs.twimg.com/profile_images/1758408001134710784/eQRQF_3-_normal.jpg,false,false
Jackie Smith,jacka_monique,'3072059443',false,2015-03-11 00:19:39,,190,6,130,205,,0,https://www.twitter.com/jacka_monique,https://pbs.twimg.com/profile_images/575421974614159361/tbVWBIo4_normal.jpeg,false,false
Inngridy,Inngridy19,'1626396437037580293',false,2023-02-17 03:42:25,,2,6,194,5,,0,https://www.twitter.com/Inngridy19,https://abs.twimg.com/sticky/default_profile_images/default_profile_normal.png,false,false
A.Oriol,Aorioli89Orioli,'1527617921199050753',false,2022-05-20 14:51:27,"De gente BURRA, só quero VAIAS!. N.Rodrigues",1546,23,316,4201,,51,https://www.twitter.com/Aorioli89Orioli,https://pbs.twimg.com/profile_images/1587910667356573705/gYQUy_gT_normal.jpg,false,false
Krypto K Rex Chiqita,BognerHealth,'59362451',false,2009-07-23 07:31:59,Wife 👫🏼 Mom 👨‍👩‍👧‍👦 Health Coach 💪 Teacher 👩🏼‍🏫👩🏼‍💻 Investor 💰 Believer 🙏🏻 Cheerleader 🙌 #SpreadtheHealth,179,13,109,366,,8,https://www.twitter.com/BognerHealth,https://pbs.twimg.com/profile_images/1395851824251293697/j6s1PXJ5_normal.jpg,false,false
Roberto,Robertobrilha10,'74497029',true,2009-09-15 20:07:26,,6,2,13,27,"Manaus, Brasil",0,https://www.twitter.com/Robertobrilha10,https://pbs.twimg.com/profile_images/1749438362950250497/8M2Pxlr1_normal.jpg,false,false
Leah Glauser,LEAHGLAUSER,'1831685159780749312',false,2024-09-05 16:26:16,"Student at North Broward Prep, Class of 2028. Soccer player with a passion for teamwork and the game. Always chasing dreams and goals both on and off the field",5,0,21,0,,1,https://www.twitter.com/LEAHGLAUSER,https://pbs.twimg.com/profile_images/1831687958623047680/9fHM7NB-_normal.jpg,false,false
kaden meighen,kadenmeighen,'1180564369513631748',false,2019-10-05 22:24:22,wv | ‘24 | soccer & swim | snap: kmeighen7,42,105,190,1122,"Clarksburg, WV",0,https://www.twitter.com/kadenmeighen,https://pbs.twimg.com/profile_images/1319713401334091777/NBS13wu0_normal.jpg,false,false
Kristin M,KristinMcClell1,'2328031800',false,2014-02-05 03:59:14,,315,67,1367,4594,,10,https://www.twitter.com/KristinMcClell1,https://pbs.twimg.com/profile_images/855020024016379904/WjoE8Qc6_normal.jpg,false,false
Stoic Lady 🩵,stoicladies,'1814627525605085184',false,2024-07-20 14:44:58,… Dracarys ❤️‍🔥,573,437,396,322,,126,https://www.twitter.com/stoicladies,https://pbs.twimg.com/profile_images/1814628686672363520/Cnvjyoz2_normal.jpg,false,false
Roxy Tirado,roxy_tirado,'582829252',false,2012-05-17 17:31:04,Media & Marketing | Effie winner | Global citizen | Latinx,906,57,125,264,"NJ/NYC (past CHI, CDMX, SEA)",54,https://www.twitter.com/roxy_tirado,https://pbs.twimg.com/profile_images/621111017494294528/Q7L8Usi3_normal.jpg,false,false
BlackShugga,BlackKween_Shug,'2623141715',true,2014-06-19 17:25:22,"Peace ✌🏾 ☮️, Love ❤️ 💕, Light 💫✨💫, Melanin 🍫🍫",180,37,429,99,Incognito ,5,https://www.twitter.com/BlackKween_Shug,https://pbs.twimg.com/profile_images/1642703323449966594/hSl-9RIw_normal.jpg,false,false
Amy,fuentes_ak,'1689483115301941248',false,2023-08-10 06:46:09,,0,1,10,0,,0,https://www.twitter.com/fuentes_ak,https://pbs.twimg.com/profile_images/1824059582278418432/NcwuaeNE_normal.jpg,false,false
Harold James,HaroldDean84,'881157560400625665',false,2017-07-01 17:28:28,Love sports and life,41,177,967,269,"Virginia, USA",1,https://www.twitter.com/HaroldDean84,https://pbs.twimg.com/profile_images/1489343703542030336/Z0qWsnJD_normal.jpg,false,false
Ádan Arcanjo,AdanArcanjo,'301159098',false,2011-05-19 03:15:07,"Jovem cantor, moro e nasci em Patos de Minas.
Grande influência em cantar músicas de sertanejo universitário e raízes sertanejas.",223,116,307,5,Patos de Minas - MG,27,https://www.twitter.com/AdanArcanjo,https://pbs.twimg.com/profile_images/1793897525/1__131__normal.JPG,false,false
Yupuppy,JosephApont,'1464979886171467778',false,2021-11-28 17:30:22,Madridsta.,3274,280,882,8222,,15,https://www.twitter.com/JosephApont,https://pbs.twimg.com/profile_images/1613707226140614662/xCE0WwF8_normal.jpg,false,false
Eliane,ElianeA1820,'1049021845280837632',false,2018-10-07 22:41:12,Contábeis👩🏾‍🎓💼,119,31,634,22150,"Americana, Brasil",29,https://www.twitter.com/ElianeA1820,https://pbs.twimg.com/profile_images/1595914103897395202/SKmaNMqf_normal.jpg,false,false
Jummai Yila,JoyYila,'2799734103',false,2014-10-02 15:02:39,Gender Research Scientist at the International Crops Research Institute for the Semi-Arid Tropics (ICRISAT).,192,112,189,617,Mali,8,https://www.twitter.com/JoyYila,https://pbs.twimg.com/profile_images/1134570370873397248/Xj8EfYfX_normal.png,false,false
Kristina Nash,KNashNP,'263200776',false,2011-03-09 17:58:01,"Mom, Wife, Pediatric Gastroenterology APRN, PNP-AC at Children’s Mercy Kansas City, specializing in Pediatric Feeding Disorder, goal-driven. DNP student at UMKC",1343,189,471,2090,"Shawnee, KS",30,https://www.twitter.com/KNashNP,https://pbs.twimg.com/profile_images/1693252587003285504/lyZFzkty_normal.jpg,false,false
Toroyoo,Toroyoo11,'1575477928259092480',true,2022-09-29 16:29:57,,2848,538,1303,2165,,4,https://www.twitter.com/Toroyoo11,https://abs.twimg.com/sticky/default_profile_images/default_profile_normal.png,false,false
Tanya Moore,TanyaMo40473982,'743030100266876928',false,2016-06-15 13:39:15,"Wife, Mother of Precious Girls and West Coast Eagles Fan💙💛",222,10,426,10217,"Perth, Western Australia",2,https://www.twitter.com/TanyaMo40473982,https://pbs.twimg.com/profile_images/1219966895677374466/AFcQ2M9r_normal.jpg,false,false
PretzRevenge,PretzRevenge,'1644345473577234438',false,2023-04-07 17:27:03,Elder millennial with a side part who enjoys pretzels and vengeance.,1366,18,172,258,,34,https://www.twitter.com/PretzRevenge,https://pbs.twimg.com/profile_images/1644426193528057864/_Dqe-Nb2_normal.jpg,false,false
KB,kjburwell,'1524517075594661888',false,2022-05-12 01:29:53,,14,212,612,5884,,0,https://www.twitter.com/kjburwell,https://pbs.twimg.com/profile_images/1728178646387404800/6UtXON7f_normal.jpg,false,false
Arnold Williams,ArnoldW23861367,'1475894365935517698',false,2021-12-28 20:21:22,I am a Businessman and a Family kind of guy,33,7,64,73,,1,https://www.twitter.com/ArnoldW23861367,https://abs.twimg.com/sticky/default_profile_images/default_profile_normal.png,false,false
Kate Katrīna Vildiņa,katrina_kkV,'1667786200252313601',false,2023-06-11 09:50:05,,49,4,43,623,,0,https://www.twitter.com/katrina_kkV,https://abs.twimg.com/sticky/default_profile_images/default_profile_normal.png,false,false
An Maolchathach,maolchathach,'1008966709070499840',false,2018-06-19 09:56:24,Dlí agus Gaelainn - Law and Irish | UL - William (Billy) Mulcahy,1296,114,133,12496,,219,https://www.twitter.com/maolchathach,https://pbs.twimg.com/profile_images/1786810473096130560/N-IO2DvB_normal.jpg,false,false
Barry Agnew,barryjagnew,'481563838',false,2012-02-03 00:39:00,,389,259,1063,1202,"Glasgow, Scotland",82,https://www.twitter.com/barryjagnew,https://pbs.twimg.com/profile_images/662308345336963072/bQhNWses_normal.jpg,false,false
Brian Richard,BrianRi86286152,'1583746843988606977',false,2022-10-22 12:07:42,,6,81,169,29,,4,https://www.twitter.com/BrianRi86286152,https://pbs.twimg.com/profile_images/1583747264262045696/N-Wf-kxF_normal.jpg,false,false
Gisele Abanke,AbankeGise76628,'1836707108043059200',false,2024-09-19 13:02:09,,0,0,18,0,,0,https://www.twitter.com/AbankeGise76628,https://abs.twimg.com/sticky/default_profile_images/default_profile_normal.png,false,false
ChefKeisha,KeishaChef,'874782878839840768',true,2017-06-14 03:17:45,STELLAR CHEFS WEAR 🤩STAFF PICK AWARD #cheflife🔪 #stellar #aliveshoes #staffpick #sporty #fashionforward #unique #unisex#trendy #chefcomfort #trendy,83,239,1550,246,United States,7,https://www.twitter.com/KeishaChef,https://pbs.twimg.com/profile_images/1431253505692643329/r8C-hg45_normal.jpg,false,false
Sheba,ShebaLaQueen,'1835551502594699264',false,2024-09-16 08:29:58,,0,0,16,0,,0,https://www.twitter.com/ShebaLaQueen,https://abs.twimg.com/sticky/default_profile_images/default_profile_normal.png,false,false
Oluwagbemisola,GbemiOnafuye,'910257919907831808',true,2017-09-20 00:42:54,Living and Thriving!,17211,3727,1908,25524,Nations ,78,https://www.twitter.com/GbemiOnafuye,https://pbs.twimg.com/profile_images/1806279232835760128/cOkla_za_normal.jpg,false,false
musana.engineering,musana_eng,'795528415',true,2012-09-01 10:08:35,"Platform Engineer specializing in designing and managing scalable SaaS solutions, with a strong emphasis on Kubernetes, infrastructure, and networking",312,454,901,468,"Los Angeles, CA",21,https://www.twitter.com/musana_eng,https://pbs.twimg.com/profile_images/1814483979183312897/0RPr3TH0_normal.jpg,false,false
Maria Muiruri,mio_newsiol,'1835945401813196800',false,2024-09-17 10:35:05,,0,1,15,0,,0,https://www.twitter.com/mio_newsiol,https://pbs.twimg.com/profile_images/1835945558944501760/HCS0ddhe_normal.png,false,false
DiariesInq,inq_diaries,'1769570253187567616',false,2024-03-18 05:43:36,,1,4,24,6,,0,https://www.twitter.com/inq_diaries,https://pbs.twimg.com/profile_images/1836650248665489408/BUH-OSKE_normal.jpg,false,false
Ren,ren_earlj,'1558157128816287744',false,2022-08-12 21:23:27,,110,97,56,3759,,0,https://www.twitter.com/ren_earlj,https://pbs.twimg.com/profile_images/1692268686168526848/RUnpTDTw_normal.jpg,false,false
Charles Kilgore,CharlesK75157,'1731344808789393408',false,2023-12-03 18:09:25,,0,125,97,3,,0,https://www.twitter.com/CharlesK75157,https://pbs.twimg.com/profile_images/1731344899038228480/6fLcxaha_normal.jpg,false,false
Maverick,maveriiicck,'1791935562951299073',false,2024-05-18 23:55:17,Anti-Dumbass 🤡| Pro-Sarcasm | Pro-Need For Speed 🛩️ 🐦 | Pro-College Sports | Anti-NBA 🤡 Wingman: @G0o0oSSE,558,191,178,81,United States,80,https://www.twitter.com/maveriiicck,https://pbs.twimg.com/profile_images/1834826358020792320/b149JEKX_normal.jpg,false,true
Honeybiscuit,Honeybiscu55137,'1836598917263224832',false,2024-09-19 05:51:29,,0,4,21,1,,0,https://www.twitter.com/Honeybiscu55137,https://pbs.twimg.com/profile_images/1836599475839655936/iUCKf1C1_normal.jpg,false,false
Gilbert Musa,GilbertMusa15,'1835828450680012800',false,2024-09-17 02:51:35,,2,0,12,88,,0,https://www.twitter.com/GilbertMusa15,https://pbs.twimg.com/profile_images/1835828914570067968/QyxewfUx_normal.jpg,false,false
Jacob Brown,JB_2795,'1828805266151804928',false,2024-08-28 17:42:28,,0,82,710,526,,0,https://www.twitter.com/JB_2795,https://pbs.twimg.com/profile_images/1828805559681691648/9tNZ6V8e_normal.jpg,false,false
Diana Connelly,crusadenigga,'1375262671',false,2013-04-23 21:57:38,INTERPOL 🇺🇸; FIGHT AGAINST CYBER BULLYING (CYBER BULLYING AFFECTS REAL LIFE),0,161,858,0,United Kingdom,0,https://www.twitter.com/crusadenigga,https://pbs.twimg.com/profile_images/1830993534339391488/UMiBfViO_normal.jpg,false,false
madeleine,madstweetsnow,'1836463067103678464',false,2024-09-18 20:51:47,pls be oomf I’m new,1,2,18,30,"Northampton, MA",0,https://www.twitter.com/madstweetsnow,https://pbs.twimg.com/profile_images/1836467734349037568/_8uxA5dk_normal.jpg,false,false
chichon (no de piso),notchichearano,'1749278699759796224',false,2024-01-22 05:52:22,Aquí me descargo y escribo // lo mejor esta por venir // 🏋️‍♀️👩‍🎤,96,0,24,305,,0,https://www.twitter.com/notchichearano,https://pbs.twimg.com/profile_images/1749281303374057472/ZRya5qgr_normal.jpg,false,false
felipe 👼🏻,felipehaleo,'423497008',true,2011-11-28 17:44:49,Outubro 😁,85139,4221,1673,69853,"São Paulo, Brasil",8465,https://www.twitter.com/felipehaleo,https://pbs.twimg.com/profile_images/1829562518878015488/MO8anFri_normal.jpg,false,false
Annette Jackson-Hughes,Annette30901364,'1243655310809731072',false,2020-03-27 23:45:39,,3701,52,351,2051,,19,https://www.twitter.com/Annette30901364,https://pbs.twimg.com/profile_images/1243656424078684164/VfSt8F4s_normal.jpg,false,false
Spring,ladyspring71,'1552193470428639237',true,2022-07-27 10:25:56,"Love Your Neighbor as Yourself.  You were made for more.
Everything is gonna be okay.

Entrepreneur/Artist/Pastry Chef. Autism Mom.",4158,703,479,8838,Pacific Northwest,748,https://www.twitter.com/ladyspring71,https://pbs.twimg.com/profile_images/1699960725303959552/liw-n5z6_normal.jpg,false,true
Don't Poodle My Doodle Grooming,DPMDGrooming,'1584639372170756098',false,2022-10-24 23:14:46,"In - Home Grooming for your convenience and doggies needs. 
FB Groomer Caroline 205.842.4817",51,6,16,174,"McCalla, AL",35,https://www.twitter.com/DPMDGrooming,https://pbs.twimg.com/profile_images/1599887379719921669/ROul5pUa_normal.jpg,false,false
Ben Marshall,xBennnM,'394781191',false,2011-10-20 19:26:40,@LFC | RedBull Racing | Max Verstappen Fan | #MV1 | Lando Norris Fan | #LN4 | Wrestling Fan | ❤️,109443,12911,7261,105406,,4616,https://www.twitter.com/xBennnM,https://pbs.twimg.com/profile_images/1830290068101054464/uITYbCef_normal.jpg,false,false
Alli Simmons,allaywallay,'4719943713',true,2016-01-06 03:14:07,"I forgot how to use Twitter, sry",489,60,425,5130,"Houston, TX",7,https://www.twitter.com/allaywallay,https://pbs.twimg.com/profile_images/1808534584193130496/r0cCsdLC_normal.jpg,false,false
Keying Sun,KeyingSun288,'1836590361906397185',false,2024-09-19 05:17:29,,0,2,17,0,,0,https://www.twitter.com/KeyingSun288,https://pbs.twimg.com/profile_images/1836590406944907264/dk02X5WA_normal.png,false,false
Nya Thomas,NyaT256096,'1836592040848642048',false,2024-09-19 05:24:04,,0,0,1,0,,0,https://www.twitter.com/NyaT256096,https://abs.twimg.com/sticky/default_profile_images/default_profile_normal.png,false,false
Scott Lunden,LundenScot21029,'1836581736865472512',false,2024-09-19 04:44:07,,0,3,23,1,,0,https://www.twitter.com/LundenScot21029,https://pbs.twimg.com/profile_images/1836582293357350912/BqKyjdJW_normal.jpg,false,false
Keri Crews,crews_keri,'1245524368622583811',false,2020-04-02 04:32:25,,1,0,93,7,,0,https://www.twitter.com/crews_keri,https://pbs.twimg.com/profile_images/1245524804683341825/v58xltpy_normal.jpg,false,false
Kimberly Conklin,kimmieconklin,'3234142997',false,2015-05-04 22:54:29,😳,506,208,87,15399,"Austin, TX",34,https://www.twitter.com/kimmieconklin,https://pbs.twimg.com/profile_images/1311120969461833728/exZfO57X_normal.jpg,false,false
lmao,lmaootwittwr323,'1816936357484462080',false,2024-07-26 23:39:38,,43,7,9,240,,0,https://www.twitter.com/lmaootwittwr323,https://pbs.twimg.com/profile_images/1816936904824139776/-De_la_f_normal.jpg,false,false
ally,ally2006_,'1833509024865660928',false,2024-09-10 17:14:29,,0,0,11,0,,0,https://www.twitter.com/ally2006_,https://abs.twimg.com/sticky/default_profile_images/default_profile_normal.png,false,false
Ms. Katchadourian🙃,scorched_water,'1136669659221172224',false,2019-06-06 19:22:19,,22002,317,240,179789,,769,https://www.twitter.com/scorched_water,https://pbs.twimg.com/profile_images/1739714470480408576/kNwfDn6g_normal.jpg,false,false
Zeldasd45,zeldasd4dc,'1693748358907600897',false,2023-08-22 01:14:39,,1266,23,116,8655,,6,https://www.twitter.com/zeldasd4dc,https://abs.twimg.com/sticky/default_profile_images/default_profile_normal.png,false,false
Maya,mayaokc,'65850062',true,2009-08-15 10:09:22,one of them “i like art” type girls  + your favorite music guru,21925,2091,460,26355,"Dallas, TX",759,https://www.twitter.com/mayaokc,https://pbs.twimg.com/profile_images/1721701598353661952/Nj5YSJkg_normal.jpg,false,false
Bill,BillL_75,'955761432',true,2012-11-18 18:19:38,"Sports Fan, CFB Junkie, Music, Family, Friends, & Football. 'It's not whether you get knocked down; it's whether you get up.""",863,346,3167,4190,Chicago Land ,21,https://www.twitter.com/BillL_75,https://pbs.twimg.com/profile_images/904811635340136451/qtcFL_5C_normal.jpg,false,false
Eduardo Engel,eduengell,'716421771',true,2013-10-15 21:38:13,mapeando pasárgada,37,856,1027,463,"Porto Alegre, Brasil",4,https://www.twitter.com/eduengell,https://pbs.twimg.com/profile_images/1539434329641824256/1WaWV_4p_normal.jpg,false,false
Cali 916,BubbaKnows916,'1566977182681165824',true,2022-09-06 05:33:11,Slow feet don't eat.,71,367,3185,4770,"Sacramento, CA",17,https://www.twitter.com/BubbaKnows916,https://pbs.twimg.com/profile_images/1626783108216528898/tYTm_oqk_normal.jpg,false,false
Sonja S,SonjaSquare,'1279468693387390979',false,2020-07-04 20:35:09,"Love 💖 Peace 🌻 Respect 🌹💞 💙🌈🟧 🌹🏳️‍⚧️ 🌊 🚫 DM
Retired to SWVa enjoying mother nature and the mountains ❤️ of course with Tater🐕❤️",2188,431,1179,11099,,382,https://www.twitter.com/SonjaSquare,https://pbs.twimg.com/profile_images/1699259714947698689/zp20DACQ_normal.jpg,false,false
Michaiah Bryan,mixeyeview,'1498036794994184192',false,2022-02-27 22:47:13,made in 🇯🇲 raised in 🇰🇾,959,27,235,12698,Cayman Islands,72,https://www.twitter.com/mixeyeview,https://pbs.twimg.com/profile_images/1498037689592995852/Wutn0x5V_normal.jpg,false,false
Michelle,MichellevE94,'264224427',false,2011-03-11 17:08:52,,268,42,247,6974,27,2,https://www.twitter.com/MichellevE94,https://pbs.twimg.com/profile_images/992475582326820864/Cn4v7zgN_normal.jpg,false,false
mari,jauregimme,'2820013619',true,2014-10-09 20:15:44,This world is in desperate need of love.,88708,2388,308,111873,01/07/2016,17769,https://www.twitter.com/jauregimme,https://pbs.twimg.com/profile_images/1617951138053083137/rGUre--D_normal.jpg,false,false
😶‍🌫️,goattr7,'1513083059779870720',true,2022-04-10 12:15:39,,2968,4,10,5596,,49,https://www.twitter.com/goattr7,https://pbs.twimg.com/profile_images/1829486166510325760/n3nq5w-d_normal.jpg,false,false
ashley,longlive_chaos,'1669119168250281984',true,2023-06-15 02:07:07,"30 || southern california
#seniorswiftie
ERAS LA N3, DBATC & YOYOK",834,1221,1201,35556,,39,https://www.twitter.com/longlive_chaos,https://pbs.twimg.com/profile_images/1837504020770136064/XW6fCBXH_normal.jpg,false,false
"Caroline Phelan, PhD",cphelanphd,'2541699486',false,2014-06-02 18:37:56,Biotech | Amgen,42,14,572,1011,"Los Angeles, CA",0,https://www.twitter.com/cphelanphd,https://pbs.twimg.com/profile_images/482338520069967874/zhY-pLqU_normal.jpeg,false,false
يوسف إسماعيل _ Yousif Ismail,Yousif205030,'1577643543945953280',true,2022-10-05 15:55:34,"The wind lies, no one knocks on the door 🚪🧍‍♂️✊",109,16,487,443,,7,https://www.twitter.com/Yousif205030,https://pbs.twimg.com/profile_images/1609966003026272256/E_Jztivz_normal.jpg,false,false
Bubble Pop News ,BubblePopNewzz,'1832164308945358848',true,2024-09-07 00:10:12,im here for stan twitter 🩵 ♒️☀️♋️🌕♍️⬆️ ✿ He/Him ❤︎︎ bigots dni 😘 bring back the bird ,924,118,650,5331,"Illinois, USA",9,https://www.twitter.com/BubblePopNewzz,https://pbs.twimg.com/profile_images/1834415995605147648/kIGrWf6g_normal.jpg,false,false
엘리,marsdpIanet,'1003589511719211008',true,2018-06-04 13:49:20,eme lang ‘to ♡,30499,246,1224,99173,@FNMOR dp,385,https://www.twitter.com/marsdpIanet,https://pbs.twimg.com/profile_images/1794403983207075840/D6iK1R-v_normal.jpg,false,false
John Michael,12John_Michael,'1836550533558960128',false,2024-09-19 02:39:26,Gentle And Honestly ❣️,2,3,75,0,United States,0,https://www.twitter.com/12John_Michael,https://pbs.twimg.com/profile_images/1836551268237451264/hapmUlOt_normal.jpg,false,false
Justin Dow Stevens,JAXKing904,'765557404989792256',false,2016-08-16 17:34:43,"WWE Future,Teen Titans leader, WWE 2K17 King Of The Ring Winner, and a human weapon",821,277,1765,1524,Not From This Realm,190,https://www.twitter.com/JAXKing904,https://pbs.twimg.com/profile_images/1652880541966905345/Qw-uR4cX_normal.jpg,false,false
Emily Larsson,emisweetie13,'1258078438709243904',true,2020-05-06 19:57:41,taylor swift & women’s football • @arsenalwfc,26795,132,416,153416,Suecia,3179,https://www.twitter.com/emisweetie13,https://pbs.twimg.com/profile_images/1631448474225987586/8b9pNMN1_normal.jpg,false,false
ryan,squekkyy,'801037427385270272',true,2016-11-22 14:19:40,#NYR · #G2ARMY he/him,886,37,277,76571,21 | NJ,9,https://www.twitter.com/squekkyy,https://pbs.twimg.com/profile_images/1781126658755268608/ydFQRkWW_normal.jpg,false,false
Everton-Rowe,everton_rowe,'119781781',true,2010-03-04 18:42:25,Choose your next words wisely,1177,74,605,674,"Virginia, USA",39,https://www.twitter.com/everton_rowe,https://pbs.twimg.com/profile_images/1642150580771516416/CYJpCmQ8_normal.jpg,false,false
Lalabel,Nin_ouck,'472318591',true,2012-01-23 22:40:58,profe des écoles et plein d’autres trucs!,641,20,98,502,Bordeaux,10,https://www.twitter.com/Nin_ouck,https://pbs.twimg.com/profile_images/1741513955640508416/0XZ6ZaYj_normal.jpg,false,false
janban 🐨,JazzLux_,'706129094870700032',false,2016-03-05 16:47:50,💜,2447,486,395,5028,,103,https://www.twitter.com/JazzLux_,https://pbs.twimg.com/profile_images/1629760480926474242/s255MHvy_normal.jpg,false,false
KleDaVincci,KleDaVincci901,'1824285622892154880',false,2024-08-16 06:22:54,Musician 🎹|| Producer 💻 || Songwriter 📝 ll New Music on the Way!|| bookings & beats: allthingskdv@gmail.com,117,82,450,61,"Memphis, TN",7,https://www.twitter.com/KleDaVincci901,https://pbs.twimg.com/profile_images/1831870764028461057/3vPs69_Y_normal.jpg,false,false
Towns Turner,TownsTurner,'1529268064197525505',false,2022-05-25 04:08:25,"Christian, Father, Husband, Farmer",314,116,290,38,Colorado,24,https://www.twitter.com/TownsTurner,https://pbs.twimg.com/profile_images/1529268987099594753/vpjcDBbV_normal.jpg,false,false
Silver Ryan,silverryan35,'1593733063334297601',true,2022-11-19 00:29:40,"❣❣❣ SINGLE FATHER ❣❣❣

REAL ESTATE BUSINESS AND MANAGEMENT 🏡🏡🏡🏡🏡🏡🏡🏡🏡🏡🏡🏡🏡🏡",62,141,1066,1263,"Amsterdam, The Netherlands",21,https://www.twitter.com/silverryan35,https://pbs.twimg.com/profile_images/1835744469053734912/SVY8t3uo_normal.jpg,false,false
anne🗼,bvoltanalise,'1406408650172870656',true,2021-06-20 03:29:06,sla,2304,83,105,25587,,1,https://www.twitter.com/bvoltanalise,https://pbs.twimg.com/profile_images/1772407656235327488/ZnlRT8-3_normal.jpg,false,false
yogurt cobain,toxic_algae,'1555311650722529280',false,2022-08-05 00:56:15,Alien enthusiast / Jeopardy apologist,161,130,64,452,,7,https://www.twitter.com/toxic_algae,https://pbs.twimg.com/profile_images/1555314513402122242/d58DGmsR_normal.jpg,false,false
Victoria,Victori67374851,'1644342747992666112',false,2023-04-07 17:14:05,,81,0,6,903,,0,https://www.twitter.com/Victori67374851,https://abs.twimg.com/sticky/default_profile_images/default_profile_normal.png,false,false
Joice,Joice50708577,'979409249922109446',false,2018-03-29 20:25:36,,7,2,18,147,,1,https://www.twitter.com/Joice50708577,https://pbs.twimg.com/profile_images/987337372785348609/r5Hg_7Q-_normal.jpg,false,false
Rebeca Simone,RebecaSimo20369,'1836539442594533376',false,2024-09-19 01:55:34,,11,0,4,45,,0,https://www.twitter.com/RebecaSimo20369,https://pbs.twimg.com/profile_images/1836539591483932673/mx-pNTI-_normal.png,false,false
m 🖤 ISOTA TODAY,augustfilmreel,'775020494',true,2012-08-23 05:56:44,"wanting was enough, for me it was enough",255864,2876,1496,250036,the eras tour,7851,https://www.twitter.com/augustfilmreel,https://pbs.twimg.com/profile_images/1835066060325740544/hT8eyzxe_normal.jpg,false,false
* YOU WILL CRUMBLE | 🍬💜⁷,553Angel627,'1678066432406351880',false,2023-07-09 18:40:15,Filthy Moarmy,14540,266,177,27544,Black | She/Her | 23yo,2712,https://www.twitter.com/553Angel627,https://pbs.twimg.com/profile_images/1808575588585619456/xmwt7H2u_normal.jpg,false,false
Kauana Alves,AKauanaAlves,'1796573738030301184',false,2024-05-31 19:05:39,,543,5,59,2402,,1,https://www.twitter.com/AKauanaAlves,https://pbs.twimg.com/profile_images/1807116494825766912/wpDhDcZe_normal.jpg,false,false
emm ≅,aloveletgo,'1486716274340098057',true,2022-01-27 17:02:46,"❝maybe the emptiness is just a lesson in canvases❞ lewis capaldi, hozier, and noah kahan enthusiast ♡",26982,1162,972,47686,18 ×͜× | she/her | 🏳️‍🌈 ,2934,https://www.twitter.com/aloveletgo,https://pbs.twimg.com/profile_images/1719146055260856320/6MO5FPpw_normal.jpg,false,false
Mary,sk8grljeanny,'1696649978792333312',false,2023-08-30 01:24:36,,0,1,4,0,,0,https://www.twitter.com/sk8grljeanny,https://pbs.twimg.com/profile_images/1696650385522360320/7HenU13E_normal.jpg,false,false
Marie T-L 🐞🎾,MarieMTL,'235688934',false,2011-01-08 23:14:01,I’m from Montreal. Proud supporter of @geniebouchard 💞#GenieArmy,6154,550,1518,46704,"Montréal, Québec",641,https://www.twitter.com/MarieMTL,https://pbs.twimg.com/profile_images/1323415975757316097/v4rYvfa1_normal.jpg,false,false
mila ♟️,jujusoareslover,'1754650434067701760',false,2024-02-06 01:37:42,amo minha amiga nanda,1082,3,25,264,,40,https://www.twitter.com/jujusoareslover,https://pbs.twimg.com/profile_images/1836480978350403584/4UVIpN-U_normal.jpg,false,false
rich wife 💋,rarehummer,'1095871555383541760',false,2019-02-14 04:25:13,https://t.co/5yCtfE1e23 Islam is the way 🤲🏾,22440,8,412,28496,,53,https://www.twitter.com/rarehummer,https://pbs.twimg.com/profile_images/1549888073080737793/pb3cZX7E_normal.jpg,false,false
miss bitch,shadydre1_,'1816495359595819008',false,2024-07-25 18:27:20,#believethehype,4281,48,66,3953,,6,https://www.twitter.com/shadydre1_,https://pbs.twimg.com/profile_images/1833849360100085760/goIYttlq_normal.jpg,false,false
duda,idaleencio,'1048613553333329921',false,2018-10-06 19:38:48,,40711,36,42,4840,"Santa Catarina, Brasil",4171,https://www.twitter.com/idaleencio,https://pbs.twimg.com/profile_images/1836522407529529344/zejw1MOr_normal.jpg,false,false
Marissa Diener,DienerMar,'398850651',false,2011-10-26 19:49:08,,4,6,246,162,,2,https://www.twitter.com/DienerMar,https://abs.twimg.com/sticky/default_profile_images/default_profile_normal.png,false,false
david.marlow,david_marlowX,'1785068429696757761',false,2024-04-30 01:07:52,GOD FIRST☦️ Proudly Dad 👨 Global Financial Coach🌎 Blockchain Expert💯 CRYPTO MINING INVESTMENT ACCOUNT MANAGER💲 #life_changing_investment,14,293,5327,55,"New Jersey, USA",11,https://www.twitter.com/david_marlowX,https://pbs.twimg.com/profile_images/1828590927209787392/zcVdKUe4_normal.jpg,false,false
✨dana ✨,DanaFreedman2,'1598809741857366035',false,2022-12-03 00:42:17,,12,0,47,63,"Colorado, USA",0,https://www.twitter.com/DanaFreedman2,https://pbs.twimg.com/profile_images/1836526367313473536/MJyP5WV5_normal.jpg,false,false
Camargo__,caamargo_cris,'1554624618148790275',false,2022-08-03 03:26:46,,0,4,121,55,,0,https://www.twitter.com/caamargo_cris,https://pbs.twimg.com/profile_images/1721584157694844928/u10Rb0qs_normal.jpg,false,false
Alyssa 💜,AliceSkywalker_,'1702799330',true,2013-08-26 22:53:55,fan of rocket league and star wars | mechanical engineer and musician | MIT 2021 | she/her,7467,1216,1878,31580,"Colorado, USA",521,https://www.twitter.com/AliceSkywalker_,https://pbs.twimg.com/profile_images/1776993799752814592/WJxcz8Rb_normal.jpg,false,false
John Robert - Papa Credit,papacredit,'90056814',true,2009-11-15 02:35:04,We are an affordable credit repair and restoration business.  We serve the entire United States  #papacredit,28583,2073,5929,1335,"Tampa, FL",9035,https://www.twitter.com/papacredit,https://pbs.twimg.com/profile_images/1770246306818125824/3MPHSm01_normal.jpg,false,true
Cheri,night_nurse96,'762976232430505984',false,2016-08-09 14:38:04,Very outgoing and friendly,45,6,137,29,"Shady Shores, TX",0,https://www.twitter.com/night_nurse96,https://abs.twimg.com/sticky/default_profile_images/default_profile_normal.png,false,false
Mazlan Hamdan,cikgumazlan78,'1836515009150750720',false,2024-09-19 00:18:17,husband to @nlmslna87 | dad to 5 kids.,43,72,1711,8,,0,https://www.twitter.com/cikgumazlan78,https://pbs.twimg.com/profile_images/1837572278567292930/qxG1-H-B_normal.jpg,false,false
Moe PT,MoePiti,'1359125998156013570',false,2021-02-09 15:05:03,,1,72,824,1168,,0,https://www.twitter.com/MoePiti,https://pbs.twimg.com/profile_images/1471140642755649543/1_tNDsPM_normal.jpg,false,false
lily ☆,womensgf_,'1826030868508430336',false,2024-08-21 01:57:49,a super graphic ultra modern girl,22,31,37,124,,1,https://www.twitter.com/womensgf_,https://pbs.twimg.com/profile_images/1826432290919989248/FrWipqmd_normal.jpg,false,false
elli,elli_is_me,'3310930395',true,2015-06-06 22:00:41,You shine 💗💜💙 // she/her/sie ♎,18430,629,449,64454,"Würzburg, Germany",1616,https://www.twitter.com/elli_is_me,https://pbs.twimg.com/profile_images/1733985979734659072/FsXR1t-v_normal.jpg,false,false
Gina,sloppiestonion,'1430570648582119426',true,2021-08-25 19:40:05,i hate this app,3127,12,209,11136,"Buffalo, NY",4,https://www.twitter.com/sloppiestonion,https://pbs.twimg.com/profile_images/1430571078263480321/a2UbMCK5_normal.jpg,false,false
Evelu 🐶🏴‍☠️🫡,Gordomancho,'1571928164137603072',false,2022-09-19 21:24:39,"not a bot, just shy. 26. Doctor who by conviction, OFMD ☠️🏴‍☠️🫡 Mx",811,54,162,6992,,16,https://www.twitter.com/Gordomancho,https://pbs.twimg.com/profile_images/1746275923513540608/J42o7HWd_normal.jpg,false,false
S. 🤍,ssmspider,'913117929574748160',true,2017-09-27 22:07:34,"I'm sorry, did I step on your moment?",6047,617,765,37381,ela/dela,285,https://www.twitter.com/ssmspider,https://pbs.twimg.com/profile_images/1738279249700683776/2xRWkU8G_normal.jpg,false,false
𝒅𝒂𝒏𝒊𝒆𝒍𝒍𝒆🪼,2youngvolcanoes,'3303449949',true,2015-05-30 10:15:41,"✶🏳‍🌈🌻🐴🎧ྀི✨✶🦦🐸✶🎸🎤✶🫀🕷️✶🪩🐍✶💙💚✶
✶ʜɪ ʏ'ᴀʟʟ✶ᴅᴍꜱ ᴀʀᴇ ᴏᴘᴇɴ💕✶
“ɪꜰ ʏᴏᴜ ᴡᴇʀᴇ ᴡᴀɪᴛɪɴɢ ꜰᴏʀ ᴛʜᴇ ᴏᴘᴘᴏʀᴛᴜɴᴇ ᴍᴏᴍᴇɴᴛ, ᴛʜᴀᴛ ᴡᴀꜱ ɪᴛ.” -ᴄᴊꜱ",2152,1361,2802,26151,Eroda𓆝 𓆟 𓆞 𓆝 𓆟,370,https://www.twitter.com/2youngvolcanoes,https://pbs.twimg.com/profile_images/1830867196953657345/On7a5FgM_normal.jpg,false,false
Heather,heather070377,'3981417267',false,2015-10-17 21:48:52,,5518,111,624,19535,,22,https://www.twitter.com/heather070377,https://pbs.twimg.com/profile_images/1268161134462406656/M8TTKWVA_normal.jpg,false,false
Lorrayne Silva,SilvaJs2008,'1598033742123175957',false,2022-11-30 21:19:06,,0,0,5,0,,0,https://www.twitter.com/SilvaJs2008,https://pbs.twimg.com/profile_images/1598033900017750021/o0CllLat_normal.jpg,false,false
Angie Williams,AngieWi1002,'602151708',false,2012-06-07 20:56:08,Personal: Mom and wife. Professional: Human Resources Coordinator,694,54,282,638,,47,https://www.twitter.com/AngieWi1002,https://pbs.twimg.com/profile_images/1557003948187426816/c7ooLRMV_normal.jpg,false,false
Bobby,RobertP70850455,'1449854290172993542',false,2021-10-18 00:46:41,Sports Fanatic swinger,3259,423,1207,5602,,13,https://www.twitter.com/RobertP70850455,https://pbs.twimg.com/profile_images/1719517611724066816/mm9ONnKh_normal.jpg,false,true
Pamela Crenshaw,starract54,'3096631423',false,2015-03-18 19:38:15,,62,8,52,43,"West Hollywood, CA",0,https://www.twitter.com/starract54,https://abs.twimg.com/sticky/default_profile_images/default_profile_normal.png,false,false
Abigail Rice,ricegrain1529,'1827400953638559744',false,2024-08-24 20:42:07,,1,11,14,0,,0,https://www.twitter.com/ricegrain1529,https://pbs.twimg.com/profile_images/1827401284082700288/Ldl9iML9_normal.jpg,false,false
JEENA BERDEPRADO,ilovejerwin03,'1836490955798777857',false,2024-09-18 22:43:19,,0,4,30,0,,0,https://www.twitter.com/ilovejerwin03,https://pbs.twimg.com/profile_images/1836491211370303491/sZzBxdCZ_normal.png,false,false
Xavier Moore,xaviermoorexm,'1275583537639575559',true,2020-06-24 03:16:43,A cheer anon but not anon || Future World Champion 🤞🏾  (I’ve never cheered in my life),5429,983,238,75040, 20 || Jersey,165,https://www.twitter.com/xaviermoorexm,https://pbs.twimg.com/profile_images/1837640268851433472/G0cjG6D4_normal.jpg,false,false
rachel goodrich,RachelArlene29,'1258428974256001025',true,2020-05-07 19:10:31,"Spontaneous, fun, adventurous, mom of 2 cool kids",39,3,36,33,"Elgin, IL",14,https://www.twitter.com/RachelArlene29,https://pbs.twimg.com/profile_images/1258429086747234309/Yvrh4dG1_normal.jpg,false,false
