﻿name,username,userId,can_dm,created_at,bio,tweets_count,followers_count,following_count,favourites_count,location,media_count,profile_url,avatar_url,verified,blue_verified
Lebogang,Lebogan88717476,'1672944012536209408',false,2023-06-25 15:25:43,,1,32,70,364,,0,https://www.twitter.com/Lebogan88717476,https://pbs.twimg.com/profile_images/1672944158409908229/RNhmEhBI_normal.png,false,false
Rama Kulkarni,RamaKulkarni753,'1581313980479700992',false,2022-10-15 19:00:31,,0,14,220,11,,0,https://www.twitter.com/RamaKulkarni753,https://abs.twimg.com/sticky/default_profile_images/default_profile_normal.png,false,false
John Mugambi,JohnMugamb87330,'1651915117959815169',false,2023-04-28 14:44:13,Beard,733,362,1809,6935,,14,https://www.twitter.com/JohnMugamb87330,https://pbs.twimg.com/profile_images/1651915218178416642/-mmD5EPq_normal.jpg,false,false
Ify👽,Ifeanyi32107,'1705300768306208768',false,2023-09-22 22:19:32,₦Ø βłØ ¥Ɇ₮ 💫,14,57,177,43,Nigeria,2,https://www.twitter.com/Ifeanyi32107,https://pbs.twimg.com/profile_images/1821956456507179008/GSQi7vD-_normal.jpg,false,false
Niv Govindaraju,ngovind2,'605927444',true,2012-06-12 05:05:51,,0,7,714,3367,"Toronto, Ontario",0,https://www.twitter.com/ngovind2,https://pbs.twimg.com/profile_images/637810138821189632/NywRLMHN_normal.jpg,false,false
Shailendra kumar Yadav,Shailendra05525,'1834254816870100992',false,2024-09-12 18:37:04,,5,11,78,7,,3,https://www.twitter.com/Shailendra05525,https://pbs.twimg.com/profile_images/1834255268068126720/__k2_Lt8_normal.jpg,false,false
@Kawira_TheHR,DeeIAm3,'885450953280937990',false,2017-07-13 13:48:52,"Life Navigator.
The Right We Carry Shall Never Be Dimmed.🔥🔥🔥🇰🇪",109,73,663,1528,Nairobi_Kenya,1,https://www.twitter.com/DeeIAm3,https://pbs.twimg.com/profile_images/1004595964106170371/utK_Y7Cg_normal.jpg,false,false
Enock,esimbaya,'261810050',true,2011-03-06 21:11:46,"Writer, Engineer, Dad, Hubby, Friend, Day-Dreamer. You might love my novel *Nasomi's Quest*. I also post short pieces on Medium when the muse hits.👇🏾",2957,1200,2998,5756,Zambia,227,https://www.twitter.com/esimbaya,https://pbs.twimg.com/profile_images/1836782756170280960/DKzenzXz_normal.jpg,false,false
joan trouw,Trappatini,'2608933204',false,2014-06-14 17:22:27,,12,22,188,4,,0,https://www.twitter.com/Trappatini,https://abs.twimg.com/sticky/default_profile_images/default_profile_normal.png,false,false
Shoogah_free,Ngoni_George,'3129127596',false,2015-04-02 09:09:44,|🙃HAPPY!🙂| | @mancity💙 |,240,244,298,9781,🇿🇼🇺🇦🇿🇦🇶🇦🇷🇸🇲🇾🇹🇭,10,https://www.twitter.com/Ngoni_George,https://pbs.twimg.com/profile_images/1801632165135839232/QUdbRnv1_normal.jpg,false,false
JediMastaG,JediMastaG,'708388762145964034',false,2016-03-11 22:26:56,,51,99,140,1880,,14,https://www.twitter.com/JediMastaG,https://pbs.twimg.com/profile_images/708390686995955714/QwgIAPN5_normal.jpg,false,false
Ant Steps,Ant_Steps,'342901510',true,2011-07-26 22:17:06,,0,259,2902,29654,USA,0,https://www.twitter.com/Ant_Steps,https://pbs.twimg.com/profile_images/1593209020449447938/vDCN38si_normal.jpg,false,false
@Andrewkunyu254,kunyu_andrew,'1612051386',true,2013-07-22 08:16:56,,40,45,632,13,Nairobi kenya,1,https://www.twitter.com/kunyu_andrew,https://pbs.twimg.com/profile_images/1685205708310974464/NKEzGZ3Q_normal.jpg,false,false
Lynn Masankane,kidd10kiddo,'318892949',false,2011-06-17 09:45:11,,905,143,5115,12937,"Centurion, South Africa",80,https://www.twitter.com/kidd10kiddo,https://pbs.twimg.com/profile_images/1608208246057074688/1Ly5feio_normal.jpg,false,false
Pramod Godara,pramodgoda47205,'1739670400551022592',false,2023-12-26 17:32:15,Govt. teacher,2466,3072,3294,2536,,88,https://www.twitter.com/pramodgoda47205,https://pbs.twimg.com/profile_images/1799628369065385984/ijv26Bd-_normal.jpg,false,true
DRiP,GOYFGIYB,'1834298732055076864',false,2024-09-12 21:31:26,,47,16,29,381,,1,https://www.twitter.com/GOYFGIYB,https://pbs.twimg.com/profile_images/1834298910472359936/a0bBKK7t_normal.jpg,false,false
Joe,Joe47107314,'1225463980803657729',false,2020-02-06 18:59:28,,62,113,167,15008,,1,https://www.twitter.com/Joe47107314,https://abs.twimg.com/sticky/default_profile_images/default_profile_normal.png,false,false
Jahson90,oshane_jahson,'1817173959822942208',false,2024-07-27 15:23:47,,54,124,279,198,,1,https://www.twitter.com/oshane_jahson,https://pbs.twimg.com/profile_images/1817174225666375681/z0xVnR0-_normal.jpg,false,false
Chance Pillsbury,chance022222,'1627834442193534978',false,2023-02-21 02:57:11,,98,251,225,1,,1,https://www.twitter.com/chance022222,https://pbs.twimg.com/profile_images/1630643096869322754/esJAo0PV_normal.jpg,false,false
Classic University,ClassicUnivers3,'1503355578005049351',false,2022-03-14 15:01:39,,4,346,1923,388,,2,https://www.twitter.com/ClassicUnivers3,https://pbs.twimg.com/profile_images/1524090083233742849/vW86_sO3_normal.jpg,false,false
Jayshawn Orlando Grant,jayshawnog,'1520416902845284352',false,2022-04-30 17:57:52,"Interested in manufacturing, sustainable energy, neuroscience, space exploration, and more.",0,5,17,88,,0,https://www.twitter.com/jayshawnog,https://pbs.twimg.com/profile_images/1717737638050865152/DMpKrX3m_normal.jpg,false,false
A&MCarter,mcarter_113,'1805668548431278080',true,2024-06-25 21:25:17,,2,13,51,30,,0,https://www.twitter.com/mcarter_113,https://pbs.twimg.com/profile_images/1805669118269427712/hqqFxJFf_normal.jpg,false,false
Watching roofer,RooferWatching,'1502378609134166020',false,2022-03-11 22:19:16,,0,51,28,784,,0,https://www.twitter.com/RooferWatching,https://abs.twimg.com/sticky/default_profile_images/default_profile_normal.png,false,false
Extra$imple,XtraSmpl,'921032394093850626',true,2017-10-19 18:16:49,Being great at being me. What are you doing?,1976,181,390,54394,United States,261,https://www.twitter.com/XtraSmpl,https://pbs.twimg.com/profile_images/944465610003636224/0F4OQuUQ_normal.jpg,false,false
yellowclock,howardharris5,'529686790',true,2012-03-19 22:10:08,,8442,198,382,7672,philadelphia PA,304,https://www.twitter.com/howardharris5,https://abs.twimg.com/sticky/default_profile_images/default_profile_normal.png,false,false
Mshagoz Ramz ™,shagzphil,'328031863',false,2011-07-02 19:12:59,"East, west home is best... Love always",2012,223,654,650,"PpÜT: -23.9688308,24.9632776",52,https://www.twitter.com/shagzphil,https://pbs.twimg.com/profile_images/1161173425844609026/9lph7cyh_normal.jpg,false,false
Christy pispitsos ,Wvuchristy,'977395106',false,2012-11-29 04:05:10,,10,13,576,860,,0,https://www.twitter.com/Wvuchristy,https://abs.twimg.com/sticky/default_profile_images/default_profile_normal.png,false,false
Sise Aroloye,AroloyeSise,'1814336266760073221',true,2024-07-19 19:27:43,"2007 c/o 2025 Athlete and run for Golden Eagles T&F in Ont, Canada. 100m (11.00), 200m (22.55), LJ (6.67m). email: urboisise@gmail.com or s.aroloye@gmail.com",17,144,208,50,"Oakville, Ontario",6,https://www.twitter.com/AroloyeSise,https://pbs.twimg.com/profile_images/1833642437195051008/lL552ab8_normal.jpg,false,false
Victoria Lamas,vlamasber,'1834757286000037888',false,2024-09-14 03:53:49,,0,0,5,0,,0,https://www.twitter.com/vlamasber,https://pbs.twimg.com/profile_images/1834757412139532288/jc2y3AH6_normal.jpg,false,false
Awintima Divine,AwintimaD29892,'1789995578723647490',false,2024-05-13 15:27:32,,0,130,686,0,,0,https://www.twitter.com/AwintimaD29892,https://pbs.twimg.com/profile_images/1789995896693776384/ya4Pij_r_normal.png,false,false
Roydel,RmckJr,'1073689881568784384',false,2018-12-14 23:23:10,live your fuckin life #fukem,718,76,290,881,"Nashville, TN",11,https://www.twitter.com/RmckJr,https://pbs.twimg.com/profile_images/1754720112043495424/y0-kkp8G_normal.jpg,false,false
ᴛʜᴇ ʙʀᴜᴀᴅ'ᴅɪʙ,con_bru,'492686569',false,2012-02-15 02:43:15,"If HBO & PBS had a tall human son
Actor & Artist | Self Tape IG: AuditionDash
PS5: he11__bat  🦇🔥",17358,327,1364,58031,nyc by way of pa,920,https://www.twitter.com/con_bru,https://pbs.twimg.com/profile_images/1692919349902790656/JQj58q9__normal.jpg,false,false
c⭐️,chlostaarr,'1568426589494607872',true,2022-09-10 05:30:26,🌈 🐳 this life is a parody account,220,42,108,2472,"Los Angeles, CA",6,https://www.twitter.com/chlostaarr,https://pbs.twimg.com/profile_images/1569067918708862977/wwB6z67y_normal.jpg,false,false
Alfred Scott,AlfredS43011603,'1497521980043583490',false,2022-02-26 12:40:59,,0,149,92,3103,,0,https://www.twitter.com/AlfredS43011603,https://pbs.twimg.com/profile_images/1562233015069179904/r2OCSn_L_normal.jpg,false,false
Cheryl Stokes,Stokes_Cheryl74,'1303884284495908864',true,2020-09-10 05:34:03,Wife 💁🏽‍♀️/Softball mom 🥎/stroke survivor,1544,157,820,8649,"Dallas, TX",241,https://www.twitter.com/Stokes_Cheryl74,https://pbs.twimg.com/profile_images/1775251267201171456/vM3QzKXp_normal.jpg,false,false
Hasina_Drippy,Hasina_Drippy,'1834304878522372096',false,2024-09-12 21:55:56,,295,2,75,352,,12,https://www.twitter.com/Hasina_Drippy,https://pbs.twimg.com/profile_images/1834764191640535041/HlVV6Fu5_normal.jpg,false,false
black american women are the standard,readabook2024,'2513017511',false,2014-04-27 19:47:35,Stop Cosplaying Black American Women ♥️♥️♥️♥️♥️♥️♥️♥️♥️♥️♥️♥️♥️,27366,838,157,34079,,4035,https://www.twitter.com/readabook2024,https://pbs.twimg.com/profile_images/1832528097721110528/VLUKazBG_normal.jpg,false,false
C_Lito,C_Lito10,'1324370819083108355',false,2020-11-05 17:20:03,,2009,249,410,2658,"Miami, Florida ",82,https://www.twitter.com/C_Lito10,https://pbs.twimg.com/profile_images/1517691002601021443/ReOGgDT4_normal.jpg,false,false
BlackKing63,KingBlackNaruto,'1642176741115404288',true,2023-04-01 17:47:11,,29,150,114,22,,1,https://www.twitter.com/KingBlackNaruto,https://abs.twimg.com/sticky/default_profile_images/default_profile_normal.png,false,false
CJ Jenkins 🏳️‍🌈♋️,Stallion_81,'44016140',false,2009-06-02 03:34:55,,2725,295,720,1127,"Leesville, LA",173,https://www.twitter.com/Stallion_81,https://pbs.twimg.com/profile_images/1545901876796956672/v4h2KN4q_normal.jpg,false,false
json y,youc963141,'1684112014887763968',false,2023-07-26 11:03:12,,18,377,801,76,"Los Angeles, CA",2,https://www.twitter.com/youc963141,https://pbs.twimg.com/profile_images/1704346087342153728/w-amTq9I_normal.jpg,false,false
Benj,b3nj_11,'1810263318189486080',false,2024-07-08 13:43:18,,14,143,163,8,,1,https://www.twitter.com/b3nj_11,https://pbs.twimg.com/profile_images/1810263570115907584/hQ2eXT1x_normal.jpg,false,false
Leo J R,LeoRothwell,'1678447822675255299',true,2023-07-10 19:55:29,Running @worldathletics | Arsenal | Boxing,645,149,98,2404,,3,https://www.twitter.com/LeoRothwell,https://pbs.twimg.com/profile_images/1820252950591164416/yBfE_iMU_normal.jpg,false,false
chuck carethers,CarethersChuck,'1451343052384182277',false,2021-10-22 03:22:27,,0,114,590,1,,0,https://www.twitter.com/CarethersChuck,https://pbs.twimg.com/profile_images/1451343155782168578/knh9UoP2_normal.jpg,false,false
Akeonia Millbrooks,akeonia66800,'1792114624994635776',false,2024-05-19 11:47:09,,125,21,466,126,,0,https://www.twitter.com/akeonia66800,https://pbs.twimg.com/profile_images/1792115114943893504/9AjHRN0S_normal.jpg,false,false
Ed Graham,EdGraham630218,'1765090169445900289',false,2024-03-05 21:02:36,Just being me,427,291,339,8458,Detroit,0,https://www.twitter.com/EdGraham630218,https://pbs.twimg.com/profile_images/1801266072403795969/0dkUV-45_normal.jpg,false,false
Aidan Quashie,QuashieAidan,'1589641577349013504',false,2022-11-07 17:31:24,,180,47,626,24273,,6,https://www.twitter.com/QuashieAidan,https://pbs.twimg.com/profile_images/1589641676007448577/iUt9bnfA_normal.png,false,false
Victoria Jackson,VictoriaJa1041,'1688294406791593989',false,2023-08-07 00:02:22,,1,17,214,431,,0,https://www.twitter.com/VictoriaJa1041,https://abs.twimg.com/sticky/default_profile_images/default_profile_normal.png,false,false
Sherri🤎♒🤎,ann213,'27914063',false,2009-03-31 20:11:44,,23952,592,604,52255,,679,https://www.twitter.com/ann213,https://pbs.twimg.com/profile_images/1425232870851981312/XkhQllvs_normal.jpg,false,false
OGUN,town_beezy,'848876816',false,2012-09-27 11:15:15,Just here for the entertainment,3866,574,6109,11054,Atlanta,113,https://www.twitter.com/town_beezy,https://pbs.twimg.com/profile_images/948150994906558465/7I9Q-BDs_normal.jpg,false,false
Jimjum Gomez,JimjumG6610,'1834703173962911744',false,2024-09-14 00:18:42,,0,9,2,0,,0,https://www.twitter.com/JimjumG6610,https://abs.twimg.com/sticky/default_profile_images/default_profile_normal.png,false,false
elsa hosk enthusiast,syd_wink,'1387911079',false,2013-04-28 23:48:13,,893,193,447,47014,she/her,63,https://www.twitter.com/syd_wink,https://pbs.twimg.com/profile_images/1770210271400734720/ZV22uBR3_normal.jpg,false,false
Noah,TheRealDealNoey,'1831454380010225664',false,2024-09-05 01:08:57,"Pvi
Wide Reciver",10,37,58,39,VA,0,https://www.twitter.com/TheRealDealNoey,https://pbs.twimg.com/profile_images/1831454972380110848/elyvpFip_normal.jpg,false,false
Monique Pascual,MsJolaun,'362256223',false,2011-08-26 06:00:03,,158,27,392,895,,12,https://www.twitter.com/MsJolaun,https://pbs.twimg.com/profile_images/839176645722329089/F0SfcjZp_normal.jpg,false,false
The Highest,ThaHighestOne,'968205914766565376',true,2018-02-26 21:27:33,,9264,280,5479,17372,"Philadelphia, PA",0,https://www.twitter.com/ThaHighestOne,https://pbs.twimg.com/profile_images/1193979131001790467/sl81GPQm_normal.jpg,false,false
demi-P,_demi_p_,'3005926322',false,2015-02-01 07:37:49,"just another producer on the internet influenced by many things, Lain appreciator, and Pro Wrestling mark.",14361,363,4262,20218,"Carthage, MO",581,https://www.twitter.com/_demi_p_,https://pbs.twimg.com/profile_images/1474554942438273025/JbxJ3yk7_normal.jpg,false,false
Miss Ki Ki Dior,kee0829,'26666383',true,2009-03-26 04:27:35,"Blessed! Trust ,Believe & Have Faith 🙏🏾",3420,69,301,3010,Jerseylicious,120,https://www.twitter.com/kee0829,https://pbs.twimg.com/profile_images/1598145731751301131/B211cluA_normal.jpg,false,false
Marcus brown,BrownMarcu20576,'1743033925969072128',false,2024-01-05 00:17:54,,19,203,247,234,,2,https://www.twitter.com/BrownMarcu20576,https://pbs.twimg.com/profile_images/1748230955645431808/bDmOd63n_normal.jpg,false,false
Sammy Olalo,Kenyanscouser,'452968597',false,2012-01-02 14:47:04,,1291,128,751,772,,4,https://www.twitter.com/Kenyanscouser,https://pbs.twimg.com/profile_images/1729487047/image_normal.jpg,false,false
Adri,AdriVk94,'365341197',false,2011-08-31 11:23:13,@Ashtray_Films | https://t.co/U2clRUWATM   |  https://t.co/idd9D6j6Nz,7367,92,634,8193,Madrid,151,https://www.twitter.com/AdriVk94,https://pbs.twimg.com/profile_images/822209584991506434/R0rIlsm-_normal.jpg,false,false
Olufisayo Ogunsola Ph.D,iampluv,'20331263',true,2009-02-07 22:32:58,Philosopher| Animal Scientist|Google Certified Digital Marketer| Consultant|Researcher|Writer| Poet| Public Speaker| Husband and Father. Man u fan,3636,571,2107,17829,Nigeria,58,https://www.twitter.com/iampluv,https://pbs.twimg.com/profile_images/986214070142500865/MhNc7F7T_normal.jpg,false,false
Styles,Rodstyles_,'268028916',false,2011-03-18 03:01:08,◼️Wardrobe Stylist ◼️Designer ◼️Business Man,2270,533,680,6366,,169,https://www.twitter.com/Rodstyles_,https://pbs.twimg.com/profile_images/1752945039729205250/DclifRZa_normal.jpg,false,false
David Lowe,LoweLowe331,'1339204976',false,2013-04-09 16:30:40,,18,15,365,2780,,6,https://www.twitter.com/LoweLowe331,https://pbs.twimg.com/profile_images/839574701726961664/smO0iECG_normal.jpg,false,false
SEBB!,ImSebIkolo,'1460793398760071169',false,2021-11-17 04:14:40,WYA,2,15,20,11,,2,https://www.twitter.com/ImSebIkolo,https://pbs.twimg.com/profile_images/1834661930449223680/3tEHFq___normal.jpg,false,false
HOT SENCE,ishankay999,'1806974163879632896',false,2024-06-29 11:53:24,,1,45,517,0,"USA,Washington, D.C.",0,https://www.twitter.com/ishankay999,https://pbs.twimg.com/profile_images/1837240028814262272/nmkpnAme_normal.jpg,false,false
Parra Fabián,ParraFabin23928,'1657196486608949248',false,2023-05-13 04:30:16,,0,22,573,1,,0,https://www.twitter.com/ParraFabin23928,https://abs.twimg.com/sticky/default_profile_images/default_profile_normal.png,false,false
Daniel waudby,5413Waudby,'1441227085',true,2013-05-19 16:35:24,⚽️NUFC 🖤🤍🖤🤍 since 1996,288,119,638,368,,5,https://www.twitter.com/5413Waudby,https://pbs.twimg.com/profile_images/1446893977668554752/McTjYwkE_normal.jpg,false,false
川村 篤雪,atsuyuki_kwmr,'1829876175411560449',false,2024-08-31 16:38:08,"挿し絵、イラスト、白と黒の手描き線、裏紙の落書き　そんなイメージです。

日本の文化や風景、何気なき景色が好き
ブログ準備中。",0,8,26,17,日本,0,https://www.twitter.com/atsuyuki_kwmr,https://pbs.twimg.com/profile_images/1832328328050831360/ZNHweQQa_normal.jpg,false,false
Orexios | GO ~,OrexioSTEPN,'1467552351812730898',true,2021-12-05 19:52:14,"https://t.co/VhvISUWGQY 👟 💚💜

Bir şeyin olduğu yer hariç, hiç bir yerde olmayıp,her yerde olan şey? 

Sha'carri Richardson 👸💛

#STEPNGO⚡🇹🇷",9102,589,1694,24481,,2085,https://www.twitter.com/OrexioSTEPN,https://pbs.twimg.com/profile_images/1834906830251724801/LV7RS5oB_normal.jpg,false,false
Ghana Boy,GhanaBo59038777,'1340988300178448385',true,2020-12-21 13:52:32,"being the best u can 
even when you go down",110,83,577,213,,1,https://www.twitter.com/GhanaBo59038777,https://pbs.twimg.com/profile_images/1809633109823905792/BF9HEsY3_normal.jpg,false,false
anthony evans,evanan196,'1834430908629192704',false,2024-09-13 06:19:37,,2,6,43,0,,0,https://www.twitter.com/evanan196,https://pbs.twimg.com/profile_images/1834431716615770112/5nc9LsW__normal.png,false,false
Tô Tiến Đạt,Topunika,'3254409247',false,2015-06-24 09:34:13,"* Forever Wibu *
$ Gamble for Life $",5,70,430,3030,,0,https://www.twitter.com/Topunika,https://pbs.twimg.com/profile_images/1251346897698095104/1g3NCC1O_normal.jpg,false,false
Walter L. Hill Jr.,svobiggs,'524137660',false,2012-03-14 10:14:12,,347,190,861,14615,,1,https://www.twitter.com/svobiggs,https://pbs.twimg.com/profile_images/1895962862/image_normal.jpg,false,false
Andres Felipe,AndresF95141124,'1682524258876944384',false,2023-07-22 01:54:05,,2,52,33,171,,1,https://www.twitter.com/AndresF95141124,https://pbs.twimg.com/profile_images/1682524374757257216/KYNWu2-E_normal.png,false,false
HISUIAN BITCH 💅🏻💅🏻,Forchan123,'1280297777533247493',false,2020-07-07 03:29:35,,611,225,2186,66421,,4,https://www.twitter.com/Forchan123,https://pbs.twimg.com/profile_images/1689816542479781888/JdJESxe2_normal.jpg,false,false
Awwesome April,AwwesomeApril,'1834354994704678912',false,2024-09-13 01:15:33,"I may not be Perfect, but parts of me are pretty Awesome.😉",10,7,40,47,Ohio,6,https://www.twitter.com/AwwesomeApril,https://pbs.twimg.com/profile_images/1834361863934443520/tihSLq9H_normal.jpg,false,false
Andrew Ruscoe ⚽️,AndrewRuscoe,'1583415068',true,2013-07-10 18:46:29,"GB Futsal 2018, Founder of @FCUtdofwxm, L7 PGDip Sports Coach & Develop, BA (Hons) Youth & Com, PGCE, UEFA C & GK C,FA Futsal L1, 2 x Coach of the Year!",63431,52449,11177,67353,"Wrexham, Wales",8500,https://www.twitter.com/AndrewRuscoe,https://pbs.twimg.com/profile_images/1785022797795782656/Z3dZR4Qt_normal.jpg,false,true
Fuqua,FUQUA__,'38352116',true,2009-05-07 06:00:33,"The most laid back female you'll ever meet, 4 me having fun is as important as breathing. Passionate about the drums, NYY, NY Giants, UConn, Knicks & TWD.",3816,429,555,2446,The Bronx,25,https://www.twitter.com/FUQUA__,https://pbs.twimg.com/profile_images/678425832298143744/e9j44sH1_normal.png,false,false
Darth Visionz,PureVisionz_IV,'3010370276',true,2015-02-05 18:18:28,S T A Y 👁‍🗨 P U R E,7169,473,612,6568,"Texas, USA",93,https://www.twitter.com/PureVisionz_IV,https://pbs.twimg.com/profile_images/1027924402870964225/x5BpF_TI_normal.jpg,false,false
Pako Alfredo Valle,PakoAlfredoVal1,'1194130630638002176',false,2019-11-12 07:52:09,Club Lobos Tampico,376,133,1108,901,"Tampico, Tamaulipas",214,https://www.twitter.com/PakoAlfredoVal1,https://pbs.twimg.com/profile_images/1814148340034023424/rba8irt7_normal.jpg,false,false
igloqjdujhaunnrg,igloqjdujh70657,'1834294285954400256',false,2024-09-12 21:13:32,,0,4,5,0,,0,https://www.twitter.com/igloqjdujh70657,https://abs.twimg.com/sticky/default_profile_images/default_profile_normal.png,false,false
masahalu,masahalu850523,'1788915298793611264',false,2024-05-10 15:53:51,,87,566,327,773,,0,https://www.twitter.com/masahalu850523,https://pbs.twimg.com/profile_images/1788915962919690241/QO7H_2Ub_normal.jpg,false,false
🕸️,spidrmanwannabe,'1294843796807733248',false,2020-08-16 06:50:05,"4x wm attendee if that counts for anything | wrestling, spider-man, female rap, and anime",6,6,83,15,,0,https://www.twitter.com/spidrmanwannabe,https://pbs.twimg.com/profile_images/1834235081302450177/2NPy_yH9_normal.jpg,false,false
Wil Ching,war_ching3,'1036249870867124229',false,2018-09-02 16:49:56,The distance between dreams and reality is discipline.,118,45,284,5803,"Manila, Philippines",2,https://www.twitter.com/war_ching3,https://pbs.twimg.com/profile_images/1829493474493857792/pYp0qqwZ_normal.jpg,false,false
arilanae05,GarrettAriyanna,'1264342902093893632',false,2020-05-24 02:50:22,https://t.co/LhGhdkNw0a,32,12,288,5545,,0,https://www.twitter.com/GarrettAriyanna,https://pbs.twimg.com/profile_images/1641407557573984256/WjIrlA12_normal.jpg,false,false
La’Cora_Rocero,Lacorarocero,'1824836750809632768',true,2024-08-17 18:52:50,Shoemaker 28’ | Volleyball | Track | NCAA ID# 2408382272,12,1,105,0,"Killeen, TX",12,https://www.twitter.com/Lacorarocero,https://pbs.twimg.com/profile_images/1826090061504352256/foHbbETx_normal.jpg,false,false
Kingshooter843💦💦🍆,jfreaky1216859,'1661674003587649542',true,2023-05-25 13:02:22,"I am a single freak that love to play with my dick till I bust a big nut for u #contentcreater  #southcarolina #thickdickthursday
#nutvideo #followme #hbcu",415,371,1214,4429,"Florence, SC",130,https://www.twitter.com/jfreaky1216859,https://pbs.twimg.com/profile_images/1823667359950794752/_t_2rSEJ_normal.jpg,false,true
Zefrino Olavio,ZefrinoOlavio1,'1385953863744770048',true,2021-04-24 16:48:57,Vai ficar tudo bem 🙏,6,188,4606,200,,1,https://www.twitter.com/ZefrinoOlavio1,https://pbs.twimg.com/profile_images/1837202601902735360/R6G--pRv_normal.jpg,false,false
CJ Johnson,cjjohnsonjr,'20811534',true,2009-02-14 00:04:29,"Creator (Adweek, GQ Magazine, more), Brand Strategist, Author (The Maguire Method). Learn more at https://t.co/wwyPEYUpEG",43759,154036,130912,199986,"Los Angeles, California",7943,https://www.twitter.com/cjjohnsonjr,https://pbs.twimg.com/profile_images/1767438685157691392/I1PE2efL_normal.jpg,false,false
curtis abrams,curtis90113,'1753411456941371392',false,2024-02-02 15:35:19,,0,94,30,0,,0,https://www.twitter.com/curtis90113,https://pbs.twimg.com/profile_images/1753411779126784000/Em9ZYDGg_normal.png,false,false
Cornell Green,Cornell82849521,'1495690110712565764',true,2022-02-21 11:23:48,,3,71,36,3,,0,https://www.twitter.com/Cornell82849521,https://pbs.twimg.com/profile_images/1495690709403381763/C-ZM42Wf_normal.png,false,false
ff,ff7943505247844,'1753792397329276928',false,2024-02-03 16:47:59,,3,204,85,399,,0,https://www.twitter.com/ff7943505247844,https://abs.twimg.com/sticky/default_profile_images/default_profile_normal.png,false,false
Vee Brunson,BrunsonVee,'1834072259595472896',false,2024-09-12 06:31:29,,0,17,54,0,,0,https://www.twitter.com/BrunsonVee,https://abs.twimg.com/sticky/default_profile_images/default_profile_normal.png,false,false
Tango President,HighDefEdition,'62548027',false,2009-08-03 19:04:59,"I hire haters - then pay em no attention! Let them argue their mindless politics. The more they disagree, the sooner they'll fall apart",4360,42,190,14649,"Fort Lauderdale, FL",683,https://www.twitter.com/HighDefEdition,https://pbs.twimg.com/profile_images/822317199956156416/vTnsdsZG_normal.jpg,false,false
Andy,Andyelectric18,'1832796332664459264',false,2024-09-08 18:01:30,,0,28,195,33,,0,https://www.twitter.com/Andyelectric18,https://abs.twimg.com/sticky/default_profile_images/default_profile_normal.png,false,false
Desiree,Desiree165730,'1834027057908432896',false,2024-09-12 03:31:46,,0,6,21,0,,0,https://www.twitter.com/Desiree165730,https://abs.twimg.com/sticky/default_profile_images/default_profile_normal.png,false,false
D,certifiedbuxket,'1823209961008058368',false,2024-08-13 07:08:40,,0,38,292,0,,0,https://www.twitter.com/certifiedbuxket,https://abs.twimg.com/sticky/default_profile_images/default_profile_normal.png,false,false
V-Rawat,VRawat0024,'1834025980853362688',false,2024-09-12 03:27:30,,0,0,21,5,,0,https://www.twitter.com/VRawat0024,https://pbs.twimg.com/profile_images/1834026076244508676/KOsn1Q7E_normal.jpg,false,false
W SPORTS,WS_wsports,'1597621909897854977',false,2022-11-29 18:02:50,Support growth of women sports #WNBA #NWSL #WTA #Motorsports #Athletics #WWE #UFC #eSports Owner @Remy_Jac,3442,106,374,5765,Worldwild,231,https://www.twitter.com/WS_wsports,https://pbs.twimg.com/profile_images/1834034358765629440/FH6l2HjP_normal.jpg,false,false
Assume Balanced,assume72976,'1833441315046232064',true,2024-09-10 12:46:24,,0,16,15,0,,0,https://www.twitter.com/assume72976,https://pbs.twimg.com/profile_images/1833445495760621568/jTwgpMO6_normal.jpg,false,false
Blondina Kusi,reallyblondina,'1832968416501641216',false,2024-09-09 05:25:11,,19,26,46,38,,0,https://www.twitter.com/reallyblondina,https://pbs.twimg.com/profile_images/1833576417587511296/k0whUg3w_normal.jpg,false,false
Noé,Noecit0,'892006382156750848',false,2017-07-31 15:57:48,,10,30,130,24,,0,https://www.twitter.com/Noecit0,https://pbs.twimg.com/profile_images/911994219123716096/w2oP6ciB_normal.jpg,false,false
Ơʋƭαƙʋɾιղα ԃҽʂ Rɦყղιxƙσ🦋🔮✨,rhynixko,'1344406607254478848',false,2020-12-31 00:15:10,♊️♊︎☼Տɦҽ/Ӈҽɾ 🝮Aղιɱ︎ҽ꥟Ƭσσղʂ ⚘ ɠαɱ︎ҽʂ ♔ ρσρ ƈʋƖƭʋɾҽ✩Ɓҽαʋƭყ✿ՏƭყƖҽ☽l︎ყƒҽ☯︎︎🧋& Ƒɾαρρʋƈιղσ ƒιҽղԃꨄ✾JJƘ Տιɱ︎ρミ★,2041,119,1477,11921,mᥲᥣᥱ᥎᥆ᥣᥱᥒ𝗍 sһrіᥒᥱ,21,https://www.twitter.com/rhynixko,https://pbs.twimg.com/profile_images/1828616429735686144/sggI5yrp_normal.jpg,false,false
Abdi🚀,Abdi09566162,'1149940495268896768',false,2019-07-13 10:15:53,true story,11,131,515,2265,,1,https://www.twitter.com/Abdi09566162,https://pbs.twimg.com/profile_images/1235245725275086849/EiE8uefX_normal.jpg,false,false
pawan singh,pawan04090650,'2490217152',false,2014-05-11 21:19:02,,1810,43,328,272,India,99,https://www.twitter.com/pawan04090650,https://pbs.twimg.com/profile_images/1834457299336953856/tvLW-AYu_normal.jpg,false,false
Talita Everette,tayrez45,'1833938821819281408',false,2024-09-11 21:41:33,,0,0,7,0,,0,https://www.twitter.com/tayrez45,https://pbs.twimg.com/profile_images/1833938950215356417/v1nwUKwm_normal.png,false,false
Mohamed Omar,Mohamed75888492,'1704208068634873856',true,2023-09-19 21:58:24,,16,4,62,42,,0,https://www.twitter.com/Mohamed75888492,https://pbs.twimg.com/profile_images/1704208338014154752/OqJaX0fz_normal.png,false,false
Twon,Twon1189141,'1705254722205110277',false,2023-09-22 19:16:35,,0,120,71,15,,0,https://www.twitter.com/Twon1189141,https://pbs.twimg.com/profile_images/1739931236309606400/7dhsdCwf_normal.jpg,false,false
Paetongtan Uppatham,paetongtan69349,'1761048389616316416',false,2024-02-23 17:20:43,,0,19,4,0,,0,https://www.twitter.com/paetongtan69349,https://abs.twimg.com/sticky/default_profile_images/default_profile_normal.png,false,false
Chama,qy7Q6wClFq2qAOQ,'1030458171188334593',true,2018-08-17 17:15:47,#Arsenal,697,106,230,4977,,52,https://www.twitter.com/qy7Q6wClFq2qAOQ,https://pbs.twimg.com/profile_images/1292811219548528640/45kgkw44_normal.jpg,false,false
Setabele Mohlophe,SMohlophe73628,'1833855616474820609',false,2024-09-11 16:11:28,,1,21,14,2,,0,https://www.twitter.com/SMohlophe73628,https://pbs.twimg.com/profile_images/1833855886109892609/_MnA3pBX_normal.png,false,false
DICK TRACY,DICKTRACY001,'1833824808619909120',false,2024-09-11 14:08:32,,20,29,248,2,,15,https://www.twitter.com/DICKTRACY001,https://pbs.twimg.com/profile_images/1833825213256990720/qjHZGQRs_normal.jpg,false,false
Roger Dwight Hill,dwight74111,'1833804613855657984',false,2024-09-11 12:49:04,Hi hello everyone I am Roger Dwight Hill I am on Facebook and YouTube. My email is Rogerdwighthill38@gmail.com  My church is https://t.co/yauSFEU6os YouTube us at TCLJC.,2,48,314,78,"Newark, NJ",0,https://www.twitter.com/dwight74111,https://pbs.twimg.com/profile_images/1833807788037836800/oDl8yADF_normal.jpg,false,false
joseph j,peppinoxxx75,'3699025095',true,2015-09-18 21:27:04,,2231,59,473,6503,,2,https://www.twitter.com/peppinoxxx75,https://pbs.twimg.com/profile_images/1022077160335527937/HCqvWK5n_normal.jpg,false,false
𓇬,katiebug727,'1563436271099187204',false,2022-08-27 11:00:39,.·:*¨༺༻¨*:·. ₂₆,113,65,89,134,,3,https://www.twitter.com/katiebug727,https://pbs.twimg.com/profile_images/1827267399621517312/4RDcJBhk_normal.jpg,false,false
reggie moore,mrmoore42,'325867070',false,2011-06-29 03:34:51,,1400,73,90,7,,0,https://www.twitter.com/mrmoore42,https://pbs.twimg.com/profile_images/378800000258518660/89b9999b84d5f03228f5658a3c902c86_normal.jpeg,false,false
SpazzRu,FTP500Peaxh,'1686282466351276032',false,2023-08-01 10:47:46,,118,144,2564,5616,"California, USA",39,https://www.twitter.com/FTP500Peaxh,https://pbs.twimg.com/profile_images/1702300012732952576/wIDDtqKZ_normal.jpg,false,false
AkulturaB,AkulturaB,'1712132353743613952',false,2023-10-11 18:46:53,Despise humanity for way too many of it’s wrongs. No One Love as I thought,192,33,66,2918,"Istanbul, Turkey",1,https://www.twitter.com/AkulturaB,https://pbs.twimg.com/profile_images/1712133382761541632/JXqih8Ij_normal.jpg,false,false
220 Choices,220Choices,'629724680',false,2012-07-08 02:26:37,"Every day, trying to make those 220choices healthy ones.",489,33,107,0,,0,https://www.twitter.com/220Choices,https://pbs.twimg.com/profile_images/2467260001/yghkcbbf4e6ldg4lpswu_normal.jpeg,false,false
S,SlamTommy1,'1355900678',false,2013-04-16 05:58:57,,0,28,60,5,,0,https://www.twitter.com/SlamTommy1,https://pbs.twimg.com/profile_images/1387995642446827525/4d26WykQ_normal.jpg,false,false
Newton Dede,NewtonNder35230,'1637718996370837510',false,2023-03-20 10:05:01,,8,1,41,2,,0,https://www.twitter.com/NewtonNder35230,https://pbs.twimg.com/profile_images/1726608739250343936/aAxX1Bq6_normal.jpg,false,false
Tyson,PrinceTyson__,'1259493703808409601',false,2020-05-10 17:41:29,,9,648,1327,323968,,1,https://www.twitter.com/PrinceTyson__,https://pbs.twimg.com/profile_images/1534321797423894528/jMmyCc5I_normal.jpg,false,false
Michele Andrews,chele_em04,'1833702381638537216',false,2024-09-11 06:01:45,,2,1,30,3,,0,https://www.twitter.com/chele_em04,https://pbs.twimg.com/profile_images/1833702444968427520/SJAMq-vI_normal.png,false,false
ZOE BROWARD,ZoeBroward1993,'1832618988154531840',false,2024-09-08 06:16:55,"🌏New Gen, New Technology 
New mind sets 🌏 THE WORLD IS YOUR 2025",17,29,386,0,"Pompano Beach, FL",5,https://www.twitter.com/ZoeBroward1993,https://pbs.twimg.com/profile_images/1832619186884935680/H9-SPSBo_normal.jpg,false,false
Nany,AtanacioNa43459,'1833696366440202240',false,2024-09-11 05:37:49,,0,0,8,0,,0,https://www.twitter.com/AtanacioNa43459,https://pbs.twimg.com/profile_images/1833702781602967552/caE5NAf6_normal.jpg,false,false
Dj schott,djschott69,'1833674434571337729',false,2024-09-11 04:10:39,,0,36,181,0,,0,https://www.twitter.com/djschott69,https://abs.twimg.com/sticky/default_profile_images/default_profile_normal.png,false,false
elonn,elonn194949,'1833107108356599808',false,2024-09-09 14:36:16,A proud mother a georgia peach but a bills mafia,0,32,107,1,"Buffalo, NY",0,https://www.twitter.com/elonn194949,https://pbs.twimg.com/profile_images/1833108061721866240/GXymEjUM_normal.jpg,false,false
B♈️,queenbee082,'785636296177946624',false,2016-10-11 03:21:04,Tweetin bullshit and minding my business.,78372,9110,3545,223545,Some where 😘,5965,https://www.twitter.com/queenbee082,https://pbs.twimg.com/profile_images/1813673784357883904/qafR8hMB_normal.jpg,false,true
norah SAW OLIVIA🪻,businessgoos3,'1263619043854028802',false,2020-05-22 02:54:04,19 | white | she/they | LiviesHQ x1,106440,946,4566,161815,kentucky,1457,https://www.twitter.com/businessgoos3,https://pbs.twimg.com/profile_images/1637992446486355969/-d20mszP_normal.jpg,false,false
✨🍓ぉ–ぇ*,bokuooekundesu,'4548202429',true,2015-12-13 17:10:45,現在進行形でサウナにどハマり中！！！週1でととのらせて頂いております。サウナからの水風呂からの日光浴、、、最高ですわ。,1305,399,1958,1634,岐阜県,123,https://www.twitter.com/bokuooekundesu,https://pbs.twimg.com/profile_images/1435195888914161667/izy_7Nx6_normal.jpg,false,false
Alvaro J. Rey F.,alvaroelreyleon,'558708352',false,2012-04-20 18:05:35,"Bogotá D.C. Colombia 🇨🇴 B. Eng, global citizen 🌎 environmentalist & spiritual explorer 🧭 ciudadano global, ingeniero, ambientalista y metafísico 🗺.",564,354,919,11292,,39,https://www.twitter.com/alvaroelreyleon,https://pbs.twimg.com/profile_images/956655135043792896/-qOaxQHW_normal.jpg,false,false
Shanell,sxlxc_,'1323986345686110211',false,2020-11-04 15:52:29,founder & owner of @shadedbyshanell. minding that business. 💅🏽,13428,53,65,2042,,826,https://www.twitter.com/sxlxc_,https://pbs.twimg.com/profile_images/1833624585205329921/wFIGmAox_normal.jpg,false,false
Ryan Perry,Epitomeofgreatd,'1833555062359990272',false,2024-09-10 20:16:14,,0,20,12,0,,0,https://www.twitter.com/Epitomeofgreatd,https://pbs.twimg.com/profile_images/1833555308905385985/OULnGSOi_normal.jpg,false,false
Carleshiababe,Carleshia5,'1135949289257963520',false,2019-06-04 19:39:50,Pisces🍭🎀😜,91,94,330,612,,4,https://www.twitter.com/Carleshia5,https://pbs.twimg.com/profile_images/1337121098500993025/bYWBzEVJ_normal.jpg,false,false
Reanna Etwaroo,ReannaRe31211,'1833538749390557184',false,2024-09-10 19:12:47,,0,3,29,0,,0,https://www.twitter.com/ReannaRe31211,https://pbs.twimg.com/profile_images/1833539126974373888/fUfWJgd9_normal.png,false,false
Jala Witherspoon,JalaWitherspoon,'1802826549244166144',false,2024-06-18 01:12:31,Wilbraham & Monson Academy ’27| 23-24 NEPSTA Track & Field D3 Champion| 23-24 NEPSAC Basketball Class C New England Champion •instagram: jala.renee,15,34,124,37,"Massachusetts, USA",5,https://www.twitter.com/JalaWitherspoon,https://pbs.twimg.com/profile_images/1802831862974304257/TPk9csEp_normal.jpg,false,false
nino,daplugkongking,'170679894',true,2010-07-25 16:24:38,,288,935,385,736,dmv,80,https://www.twitter.com/daplugkongking,https://pbs.twimg.com/profile_images/1672438479760834560/a9sQHdej_normal.jpg,false,false
Paddy,martinpad1,'1875735120',false,2013-09-17 17:46:36,Spurs season ticket holder,221,89,96,741,,15,https://www.twitter.com/martinpad1,https://pbs.twimg.com/profile_images/1360629589140254721/eBkPWe9K_normal.jpg,false,false
Gbs:),un_tal_gbs,'1299167244950425600',true,2020-08-28 05:09:56,,586,3101,156,6817,CDMX,12,https://www.twitter.com/un_tal_gbs,https://pbs.twimg.com/profile_images/1807851124399263746/BFtFDDBp_normal.jpg,false,false
El Macho 🇵🇷,elmacho0104,'1615354452818501634',true,2023-01-17 16:25:02,A man of value and self respect 👌🏼 Untouched and Unbothered 🛡️ Déjalos hablar... es todo lo que saben hacer 😂 RHIT📊🎓/ Video Editing 🎥/Hubby Material💍,586,19,506,2282,On your mind ,32,https://www.twitter.com/elmacho0104,https://pbs.twimg.com/profile_images/1838417431208792064/P-Nf9xsC_normal.jpg,false,false
Realistic Rantz,RealisticRantz,'1833494400548155392',false,2024-09-10 16:15:17,,50,28,109,25,,9,https://www.twitter.com/RealisticRantz,https://pbs.twimg.com/profile_images/1833495520477626368/tID7bRf6_normal.jpg,false,false
Θόδωρος Πάρλας,teoparl,'1334013426927095809',false,2020-12-02 07:56:18,"Επάγγελμα: Ψεύτης

Status: Εσχάτως ανακαλύψας μιαν ακατανίκητη έλξη προς την αλήθεια.",1285,785,1186,775,,188,https://www.twitter.com/teoparl,https://pbs.twimg.com/profile_images/1334015209023938562/V-nB_plM_normal.jpg,false,false
John BiEn,BN__john,'840391814',true,2012-09-22 23:24:29,Random thoughts || Government's critique || Patriotic Kenyan 🇰🇪,6545,482,1648,1982,"Nairobi, Kenya",234,https://www.twitter.com/BN__john,https://pbs.twimg.com/profile_images/1664335599485034496/E_Du0fVn_normal.jpg,false,false
laan,alalgoar,'2512754879',false,2014-04-27 17:22:45,,1,0,962,276,,0,https://www.twitter.com/alalgoar,https://pbs.twimg.com/profile_images/821445010994429952/x-F2n0xU_normal.jpg,false,false
Isaac Young,iceman_wealth,'987327451',false,2012-12-03 21:58:06,,56,144,93,178,,0,https://www.twitter.com/iceman_wealth,https://pbs.twimg.com/profile_images/1795717455739867136/oJFaZXP5_normal.jpg,false,false
Ryan Williams,RyanWil25799195,'1832967164719923200',true,2024-09-09 05:20:43,,8,46,661,26,,1,https://www.twitter.com/RyanWil25799195,https://pbs.twimg.com/profile_images/1832967720037408768/JaB2bnce_normal.jpg,false,false
Gen J Dunford,GenJDunford24,'1833300834118991872',true,2024-09-10 03:26:05,May the grace that brought us this far never leaves us,7,37,170,0,"Maimi Florida,USA",7,https://www.twitter.com/GenJDunford24,https://pbs.twimg.com/profile_images/1833301083390697475/WKZiB5De_normal.jpg,false,false
Rose Allen,RoseAllen13116,'1832994700565086208',false,2024-09-09 07:09:46,,0,0,6,0,,0,https://www.twitter.com/RoseAllen13116,https://pbs.twimg.com/profile_images/1833298679232663552/FqZEfMEZ_normal.jpg,false,false
Meliha 🫶,Melhane,'196705309',true,2010-09-29 21:35:44,Pantheist #sokakhayvanlarısahipsizdeğil #yasayıgeriçek #kısırlaştıraşılatyerindeyaşat,2609,236,976,18087,,85,https://www.twitter.com/Melhane,https://pbs.twimg.com/profile_images/1664224450131161093/fSTl8vKT_normal.jpg,false,false
magicstick,magicstick61609,'1809801630688448513',false,2024-07-07 07:08:42,Freaky but not with no drama I'm straight,17,307,3550,5,,17,https://www.twitter.com/magicstick61609,https://pbs.twimg.com/profile_images/1817340043612094464/bcto7RFM_normal.jpg,false,false
e_Bn,BinameEric,'3243067445',true,2015-05-09 10:06:03,,0,19,21,0,"Liège, Belgique",0,https://www.twitter.com/BinameEric,https://pbs.twimg.com/profile_images/1833264300695117824/8wEZShEW_normal.jpg,false,false
AlrickD Galant,AlrickdG16405,'1832811696110305280',false,2024-09-08 19:02:38,,0,32,120,34,,0,https://www.twitter.com/AlrickdG16405,https://pbs.twimg.com/profile_images/1832811795469193216/xcPnGNsA_normal.png,false,false
Ant,VagSlayer35,'1443243052030693381',true,2021-09-29 18:55:55,"Live*Love* Laugh*🙌🏾
Just here for the entertainment!!😈
Hmu",375,566,6602,4817,Rochester NY ,8,https://www.twitter.com/VagSlayer35,https://pbs.twimg.com/profile_images/1744054536870707200/FdEBU2qe_normal.jpg,false,false
Constance Kennedy,Constan38071103,'1482223748254400512',false,2022-01-15 07:30:57,,256,87,594,245,,0,https://www.twitter.com/Constan38071103,https://pbs.twimg.com/profile_images/1487339494462394368/PW4AKusm_normal.jpg,false,false
ℜ𝔲𝔭𝔢,HenryRobinson,'31356217',false,2009-04-15 09:24:50,Tweet people how you want to be tweeted. Aspiring actor. Sports fan #LakeShow #Tigers #Spartans,20553,641,1384,3480,United States,2507,https://www.twitter.com/HenryRobinson,https://pbs.twimg.com/profile_images/1366949913054093317/hwGXr-vd_normal.jpg,false,false
RisperSynthia,Risper_Syn,'1530120231376637953',true,2022-05-27 12:34:48,Sheking❤. Sport (Football) Lover and Politics Lover .. Manchester United.. Messi Fan..,12148,1753,1157,59931,"Kisumu, Kenya",115,https://www.twitter.com/Risper_Syn,https://pbs.twimg.com/profile_images/1809294438750994432/V34mgnNi_normal.jpg,false,false
Alekhine García Alonso,AlekhineAl42861,'1830379508928487425',false,2024-09-02 01:58:06,,0,0,2,4,,0,https://www.twitter.com/AlekhineAl42861,https://pbs.twimg.com/profile_images/1830379635965607937/uvC0PdBD_normal.png,false,false
Comlan Fanoukpe,Fagas2024,'1833084380622848000',true,2024-09-09 13:06:39,,19,18,12,31,,2,https://www.twitter.com/Fagas2024,https://pbs.twimg.com/profile_images/1833084750258429952/gEXZHDDM_normal.jpg,false,false
Syed_Afzaal Hussain,Zeesyed15,'901682876433014784',false,2017-08-27 08:48:45,"Director, at LIL BUDS, CULTURE INN, and Zimal Fabrics",42,24,33,27,"لائل پور, پاکستان",4,https://www.twitter.com/Zeesyed15,https://pbs.twimg.com/profile_images/961269762012704768/ZAlmfx82_normal.jpg,false,false
John Williams,JohnWillia19822,'1833108503629631488',false,2024-09-09 14:42:18,,3,36,230,0,,3,https://www.twitter.com/JohnWillia19822,https://pbs.twimg.com/profile_images/1833108773633761280/sxfvRaUG_normal.jpg,false,false
• Mel Made Me Do It,_____mkxo,'284238289',false,2011-04-19 01:32:15,i tweet about football from time to time. #ManUnited ♥️,4075,259,124,7020,London,13,https://www.twitter.com/_____mkxo,https://pbs.twimg.com/profile_images/1831600643024252928/KA_DJg0I_normal.jpg,false,false
Samuel Achando,samuel_achando,'1649767223144194051',false,2023-04-22 16:29:28,,3,29,42,9,,0,https://www.twitter.com/samuel_achando,https://pbs.twimg.com/profile_images/1649767378064949248/yjgpRj2c_normal.png,false,false
Danielle lam,dlam26462,'1819393734078758912',false,2024-08-02 18:24:14,,16,303,1586,20,,2,https://www.twitter.com/dlam26462,https://pbs.twimg.com/profile_images/1819393912856846336/baMVWoY1_normal.jpg,false,false
Mangesh Dutonde,INCmangesh,'1427342073922002945',false,2021-08-16 21:51:27,"फुले - शाहू - आंबेडकर

• NET 
• PhD pursuing",5041,1633,398,13947,महाराष्ट्र - INDIA,1504,https://www.twitter.com/INCmangesh,https://pbs.twimg.com/profile_images/1828451299203129346/nM203p3z_normal.jpg,false,false
ob,ObungaJustine,'1491387931449249797',true,2022-02-09 14:26:40,,174,711,4077,28134,,15,https://www.twitter.com/ObungaJustine,https://pbs.twimg.com/profile_images/1568436311853252609/wi5AhWn__normal.jpg,false,false
HIGH SPORTS NEWS🚨🚨,Langat19Elkana,'1484576871476269059',false,2022-01-21 19:21:43,"nyash for life💯🥵#Chelsea itaniua😅😅#content creator , social influencer",257,102,730,783,"England, United Kingdom",16,https://www.twitter.com/Langat19Elkana,https://pbs.twimg.com/profile_images/1749159006176763904/Ud-KHKLP_normal.jpg,false,false
7andscape,QlarkQentt,'1064357603009019904',false,2018-11-19 05:20:02,"Adam Bouslog / Composer /
The Son of 2 Music Teachers/ Rock, IDM, SpaceTrap, Industrial, Psytrap, ProgRock /IQ/ PrizeFighting/ IU/ Law/ Indy Politcally/ tetris",2434,673,2174,1086,Danville illinois,455,https://www.twitter.com/QlarkQentt,https://pbs.twimg.com/profile_images/1831494322660716544/E92hm7a5_normal.jpg,false,false
Shubham Tipanawar,tipanawar55125,'1832973264966017024',false,2024-09-09 05:44:33,,0,2,2,4,,0,https://www.twitter.com/tipanawar55125,https://pbs.twimg.com/profile_images/1833045445712736256/Z0GnsR2Z_normal.jpg,false,false
moonlove2008,wangzhongyi1018,'18804067',false,2009-01-09 17:33:38,,59,10,34,2,,40,https://www.twitter.com/wangzhongyi1018,https://pbs.twimg.com/profile_images/1253182166285946880/euLXcJWc_normal.jpg,false,false
Fabian Piparo,flakillo1927,'1780460897888022528',false,2024-04-17 07:59:14,,1,25,336,6628,,0,https://www.twitter.com/flakillo1927,https://pbs.twimg.com/profile_images/1780460992490532864/KW78Vnzw_normal.png,false,false
realmecowhite,realmecowhite,'2905653000',false,2014-11-21 06:00:21,"Saint Louis Nation U.S.A
Retired US Army
Combat Arms & Logistics 
Rams
Chef Bubz
DJ of Music
Armored & Guns
84's",35,170,442,34,"Belleville, IL",2,https://www.twitter.com/realmecowhite,https://pbs.twimg.com/profile_images/1213210281473716224/k605cc6r_normal.jpg,false,false
Andrew,SirAndrewjh,'430339783',false,2011-12-07 03:51:54,embrace change,858,264,244,1652,In line at the deli,22,https://www.twitter.com/SirAndrewjh,https://pbs.twimg.com/profile_images/1135373913909858306/7VYm-k7v_normal.jpg,false,false
doug,desmiff,'29476405',true,2009-04-07 18:59:09,"Yeah but now I’m getting old, don’t wear underwear",77999,1185,798,35461,239 | 513,8166,https://www.twitter.com/desmiff,https://pbs.twimg.com/profile_images/1640115575488749572/pBPmIKnK_normal.jpg,false,false
bailey,bailee,'279212484',true,2011-04-08 23:29:35,i do cool internet things,3405,8735,4944,62005,🛩️,507,https://www.twitter.com/bailee,https://pbs.twimg.com/profile_images/1779289884227973120/suN5cwco_normal.jpg,false,true
buahcman Leikan,l94137,'1816481677146763264',false,2024-07-25 17:32:54,,0,0,14,0,,0,https://www.twitter.com/l94137,https://pbs.twimg.com/profile_images/1816481762081468416/qVq4giSi_normal.png,false,false
Laurel Crowned,LaurelxCrowned,'1453241391807713283',false,2021-10-27 09:05:41,,0,7,22,0,,0,https://www.twitter.com/LaurelxCrowned,https://pbs.twimg.com/profile_images/1453241473915314178/cjkK7TI__normal.png,false,false
CrownedByHim.Co,CrownedByHimCo,'1769227979459100672',false,2024-03-17 07:03:45,A Reminder to Fix Your Crown. 👑 Owner: @dst7nctdoc,198,7,68,69,"Mississippi, USA",14,https://www.twitter.com/CrownedByHimCo,https://pbs.twimg.com/profile_images/1807980700777250816/fSKNMZ2m_normal.jpg,false,false
NJ Ward,NWard96453,'1814546190509154304',false,2024-07-20 09:23:16,,0,1,18,16,,0,https://www.twitter.com/NWard96453,https://abs.twimg.com/sticky/default_profile_images/default_profile_normal.png,false,false
Ash,ashley9444,'3004642871',false,2015-01-30 02:34:17,,2,0,1,10484,,0,https://www.twitter.com/ashley9444,https://abs.twimg.com/sticky/default_profile_images/default_profile_normal.png,false,false
Wiktoria Hoppe,wihoppe,'1832868414563532800',false,2024-09-08 22:47:54,,0,5,16,0,,0,https://www.twitter.com/wihoppe,https://pbs.twimg.com/profile_images/1832868794936545280/aoQPcmjT_normal.jpg,false,false
julian 🌵,w0ll1n,'1725461854225326080',false,2023-11-17 12:32:27,🅰️TL x CHI #Xbox 🅿️ 0pium 💊 ⁶ hi:),70,134,66,1104,"Ulm, Germany",1,https://www.twitter.com/w0ll1n,https://pbs.twimg.com/profile_images/1838466542440271872/m-bFF6U8_normal.jpg,false,false
AthleteMi8011,AthleteMi8011,'1832855688017592320',false,2024-09-08 21:58:04,,1,22,44,18,,0,https://www.twitter.com/AthleteMi8011,https://abs.twimg.com/sticky/default_profile_images/default_profile_normal.png,false,false
龙龙888888,gyl888666,'1832313636758638592',false,2024-09-07 10:03:25,交友,0,2,132,4,,0,https://www.twitter.com/gyl888666,https://pbs.twimg.com/profile_images/1832319785754906624/qMNv7yoR_normal.jpg,false,false
Reiner_Populismus,flockaraiderz,'837743791591292929',true,2017-03-03 21:17:39,☮️Peace is always priority No.1☮️ Sharpshooter of the comment section,1970,141,224,1839,"Hessen, Deutschland",244,https://www.twitter.com/flockaraiderz,https://pbs.twimg.com/profile_images/1631943577717682177/DX7Z7vHx_normal.jpg,false,true
RAULMUNOZMORA,RAULMUNOZMORA,'50754865',true,2009-06-25 23:13:44,,1203,131,612,136,,482,https://www.twitter.com/RAULMUNOZMORA,https://pbs.twimg.com/profile_images/1784591085706121216/xMlHlur4_normal.jpg,false,false
synia hughley,syniahughley,'1610234127227174913',true,2023-01-03 13:18:38,"CO’ 2027, Phs🐅 #8503807050, Email: Hughleysynia3@gmail.com Track&Field/Student Athlete",2,95,33,2373,"Pensacola, FL",0,https://www.twitter.com/syniahughley,https://pbs.twimg.com/profile_images/1832827272958554112/nHs5S4Hh_normal.jpg,false,false
Maëva Soupaya Valliama,maeva_soupayav,'1518060827617775617',true,2022-04-24 05:55:28,🇷🇪,9,2,44,11,,1,https://www.twitter.com/maeva_soupayav,https://pbs.twimg.com/profile_images/1664746675418669056/pd7dIiuP_normal.jpg,false,false
Big Mack,MackCujo33952,'1647988775824261121',false,2023-04-17 18:42:05,in dallas wit a big dick n just wanna see what yall bout,48,425,850,2753,,7,https://www.twitter.com/MackCujo33952,https://pbs.twimg.com/profile_images/1776762549930762240/q2hYq9V7_normal.jpg,false,false
CARYL113,Caryl113,'389767498',false,2011-10-13 02:39:18,,13209,217,1235,18320,,346,https://www.twitter.com/Caryl113,https://pbs.twimg.com/profile_images/911681586147549186/VHVQXD5O_normal.jpg,false,false
Layla 💕,layla_harpp,'1832788769176485889',false,2024-09-08 17:31:45,,99,14,25,317,NYC | HTX,10,https://www.twitter.com/layla_harpp,https://pbs.twimg.com/profile_images/1832829170151211009/qFRF1NHB_normal.jpg,false,false
Amr,Amr_yahy,'749619823139840000',false,2016-07-03 18:04:27,dentist at ministry of health,383,55,611,340,Egypt,13,https://www.twitter.com/Amr_yahy,https://pbs.twimg.com/profile_images/1558986381271113729/AeLBW5Ds_normal.jpg,false,false
kaja,_vzkajakxl,'1583915799672197120',false,2022-10-22 23:19:01,,1,3,9,77,,0,https://www.twitter.com/_vzkajakxl,https://pbs.twimg.com/profile_images/1754244588636688384/HE-Zq6Bw_normal.jpg,false,false
👑Queenologist👑,_Cle0patraJ0nes,'615742877',false,2012-06-23 05:56:17,,23695,159,87,3909,Within ,262,https://www.twitter.com/_Cle0patraJ0nes,https://pbs.twimg.com/profile_images/1649888276436721666/LDgNFzvy_normal.jpg,false,false
Thalyna 973,Thalyy_973,'1521190323229270019',true,2022-05-02 21:11:32,ShenYeng 🐉🇬🇫🏴‍☠️,384,15,27,8747,,43,https://www.twitter.com/Thalyy_973,https://pbs.twimg.com/profile_images/1711244278075179008/2zAf6DF__normal.jpg,false,false
T,TeeEssJay12,'1832756979724353537',false,2024-09-08 15:25:06,,0,27,50,0,,0,https://www.twitter.com/TeeEssJay12,https://abs.twimg.com/sticky/default_profile_images/default_profile_normal.png,false,false
ViralVisions,ViralVisionss,'1820934592250953728',false,2024-08-07 00:27:05,Content Managers @itzSimpson,4,56,427,1,,3,https://www.twitter.com/ViralVisionss,https://pbs.twimg.com/profile_images/1826788801244729344/XmEU_KMP_normal.jpg,false,false
Ray Ng'andwe,thyngandwe,'1777776750665101312',false,2024-04-09 22:13:28,"pious (JW). patéras (boy). 1894_fc. books, articles, movies, +",26,58,264,82,"Copperbelt, Zambia",3,https://www.twitter.com/thyngandwe,https://pbs.twimg.com/profile_images/1831032939850694656/TApC6Zjc_normal.jpg,false,false
Aidan,achisholme25,'1132302085',false,2013-01-30 00:33:28,,7432,202,255,14923,"England, United Kingdom",263,https://www.twitter.com/achisholme25,https://pbs.twimg.com/profile_images/1363765820447481857/RKPd9ViW_normal.jpg,false,false
Mattia⭐⭐,MattiaRaimo83,'865482891588812800',true,2017-05-19 11:22:56,"mhfb83 on Instagram #amala
#Juvemerda",12217,433,1131,87891,"Pistoia, Toscana",710,https://www.twitter.com/MattiaRaimo83,https://pbs.twimg.com/profile_images/1714706974103797761/bQbhwk5c_normal.jpg,false,false
とーる,19972silver,'1479786919420895237',true,2022-01-08 14:08:36,,0,22,131,197,地球,0,https://www.twitter.com/19972silver,https://pbs.twimg.com/profile_images/1479794946555379712/IvyNxf4A_normal.jpg,false,false
Dione Kemp,dionekemp,'321379860',false,2011-06-21 16:44:35,Born to stand out!!,217,56,247,138,"Worcester, South Africa",35,https://www.twitter.com/dionekemp,https://pbs.twimg.com/profile_images/1832270903251488769/XB6wxsDD_normal.jpg,false,false
playoff momo 🙂‍↕️,frankocean1fann,'929438431276617729',true,2017-11-11 21:59:24,@uscwbb,17461,558,322,49655,literally just a girl 🎀,674,https://www.twitter.com/frankocean1fann,https://pbs.twimg.com/profile_images/1837657832855867392/4GaphCEl_normal.jpg,false,false
playoff lina 🗽,womenownit,'1782590485254582272',true,2024-04-23 05:01:22,#onemoreyearDT #lightitupnyl ✌🏻,1502,119,347,2040,"19, free 🇵🇸🫶🏻",148,https://www.twitter.com/womenownit,https://pbs.twimg.com/profile_images/1835870704144678912/4eSLYTDv_normal.jpg,false,false
Elon Musk,ElonMusk2426,'1790903340685049857',false,2024-05-16 03:33:44,CEO of Tesla Motors,0,258,2624,0,,0,https://www.twitter.com/ElonMusk2426,https://pbs.twimg.com/profile_images/1791007683899723776/m28PKi-w_normal.jpg,false,false
Peezy🫡,PControlPeezy,'1271264751381893121',true,2020-06-12 05:15:27,I’m here so I won’t get fired. #BravesCountry,88193,1025,1096,14449,"Douglasville, GA",10070,https://www.twitter.com/PControlPeezy,https://pbs.twimg.com/profile_images/1716895694953611264/jQ3Sb6Hl_normal.jpg,false,false
ashmeet,GurtejS33157528,'1637781749391400967',false,2023-03-20 13:43:49,,0,28,50,16,,0,https://www.twitter.com/GurtejS33157528,https://pbs.twimg.com/profile_images/1637781992241545217/DO2RcWMM_normal.jpg,false,false
Jose,joseinvests,'17271208',true,2008-11-09 19:30:34,Passionate about making my money work harder than I do. Exploring the 🌎 of finance & real estate.,1426,372,2091,11679,United States,312,https://www.twitter.com/joseinvests,https://pbs.twimg.com/profile_images/1459315768760360960/Z5Hcs3cE_normal.jpg,false,false
舞馬長槍,John_Wuwei,'548390812',false,2012-04-08 15:31:25,本來青燈不歸客，卻因濁酒戀紅塵。,1094,42,53,72,,31,https://www.twitter.com/John_Wuwei,https://pbs.twimg.com/profile_images/2075542095/___.jpg11111111_normal.jpg,false,false
Wolf 🐺,Ima_Legend191,'3226962075',true,2015-05-02 00:26:06,She needs me to lift her up but I need her to help me stand,1133,53,175,493,"Atlanta, GA",169,https://www.twitter.com/Ima_Legend191,https://pbs.twimg.com/profile_images/1769094716534960131/Waer7NTU_normal.jpg,false,false
Chris Delrie,cajunUSA88,'1811239162177003520',false,2024-07-11 06:20:54,,0,132,806,1557,,0,https://www.twitter.com/cajunUSA88,https://pbs.twimg.com/profile_images/1811239261150248961/ZHDVykmy_normal.jpg,false,false
Asa Ferguson,AsaFerguson49,'3518963176',false,2015-09-02 05:53:22,,22,14,267,673,,1,https://www.twitter.com/AsaFerguson49,https://abs.twimg.com/sticky/default_profile_images/default_profile_normal.png,false,false
Rylo ☆,bandGangRylo,'1391214872831184898',true,2021-05-09 05:14:38,| 𝗢𝗻𝗹𝘆 𝗔𝗰𝗰𝗼𝘂𝗻𝘁 💙 | 𝐈𝐟 𝐢𝐭 𝐚𝐢𝐧’𝐭 𝐚𝐛𝐨𝐮𝐭 𝐦𝐨𝐧𝐞𝐲 𝐬𝐭𝐚𝐲 𝐨𝐮𝐭 𝐦𝐲 𝐃𝐦 ! 𝐈 𝐰𝐨𝐧’𝐭 𝐫𝐞𝐬𝐩𝐨𝐧𝐝 .🤷🏽,2521,114378,53470,127429,Dallas || New Orleans ,89,https://www.twitter.com/bandGangRylo,https://pbs.twimg.com/profile_images/1691136399242616832/GfktvlHh_normal.jpg,false,false
Caiden Garcia-Casey,Caiden_Casey_7,'1534980078680961024',true,2022-06-09 22:26:20,"Crimson Cliffs c/o 2025 6’1” 180lbs Slot, WR, CB, Safety, Returner. Track Hurdler/Sprinter! KAHUKU RED RAIDERS 4 LIFE!!!",1853,423,4019,6693,St.George Utah,1493,https://www.twitter.com/Caiden_Casey_7,https://pbs.twimg.com/profile_images/1710337315862900736/ee422-gX_normal.jpg,false,true
👒🟣🌊𝙼ii𝙼$.𝓢ol🌊🟣🏴‍☠️⚓️,EDEE510,'1335151734583246852',false,2020-12-05 11:19:28,🟣 $GME 🤝 $AMC 🟣🔛 $SOL 🟣#HAWKTUAH 🔛 $SOL 🟣 $PEPE 🔛 $SOL 🟣#POPDENG 🔛 $SOL 🟣,18421,1036,3652,34794,🟣🌊MiiM$🌊🟣on 𝓢ol🟣🌊🟣,2564,https://www.twitter.com/EDEE510,https://pbs.twimg.com/profile_images/1815073441739157504/mVe_bE2b_normal.jpg,false,true
ovo_45_77,45_ovo,'1832454189861249024',false,2024-09-07 19:21:55,,0,25,26,0,,0,https://www.twitter.com/45_ovo,https://pbs.twimg.com/profile_images/1832454451577417732/0BrDhrJV_normal.jpg,false,false
🌻Lex🦋,itsLexx_Lexx,'404432229',false,2011-11-04 00:35:11,"♍️ , BAMA to TX , 29, Independent , Social Worker , Engaged",30899,612,557,1767,AL✈️ TX ,205,https://www.twitter.com/itsLexx_Lexx,https://pbs.twimg.com/profile_images/1684975547225387010/QJeV8sS__normal.jpg,false,false
Kevin Washington,KevinWashi70974,'1816951879001047040',false,2024-07-27 00:42:40,,2,77,139,5,,1,https://www.twitter.com/KevinWashi70974,https://pbs.twimg.com/profile_images/1816952303733342208/ujoFNyT__normal.png,false,false
Uncle P,Gamerguy4000,'419086985',true,2011-11-23 01:06:18,🙏🏿🫡,27443,1059,1338,27742,"Washington, DC",3416,https://www.twitter.com/Gamerguy4000,https://pbs.twimg.com/profile_images/1818751690373263360/NShQZ_p4_normal.jpg,false,false
Spencer,5Socat,'1068183833344974848',false,2018-11-29 18:44:06,,1,2,1645,21,,0,https://www.twitter.com/5Socat,https://abs.twimg.com/sticky/default_profile_images/default_profile_normal.png,false,false
Nedjma,sinml1,'1189256869996564480',false,2019-10-29 21:07:02,N’entre pas docilement dans cette douce nuit,269,21,18,675,,36,https://www.twitter.com/sinml1,https://pbs.twimg.com/profile_images/1825614574797676544/1KAToJDI_normal.jpg,false,false
Richard Hardy Jr 😈,Rhardy610,'1580934016399810561',true,2022-10-14 17:55:53,Time is money 💵 Sleep when I’m dead 😴☠️,7,255,839,952,,0,https://www.twitter.com/Rhardy610,https://pbs.twimg.com/profile_images/1836807118835396610/MhdRNS-u_normal.jpg,false,false
Emmanuel M Alvarado,Emmanuel1138124,'829744806951804928',false,2017-02-09 19:32:32,,16566,224,642,117397,,105,https://www.twitter.com/Emmanuel1138124,https://pbs.twimg.com/profile_images/1595382294172286977/PGct3eHV_normal.jpg,false,false
Deepak sagar,deepaksagarfrd,'771016822187560960',false,2016-08-31 19:08:30,Engineer by Education | Political Science,2179,325,4298,7652,,16,https://www.twitter.com/deepaksagarfrd,https://pbs.twimg.com/profile_images/1588133541271212032/3cR0x2we_normal.jpg,false,false
L. Juarez,lljuarez22,'4827500760',true,2016-01-29 01:09:10,🎓🤘🏻TEXAS EX,150,98,1102,2364,"Texas, USA",15,https://www.twitter.com/lljuarez22,https://pbs.twimg.com/profile_images/1812288673636864000/bCKJlQ6s_normal.jpg,false,false
Kiett,Xtrodnry_Gntlmn,'38054182',false,2009-05-06 02:39:03,Here for the entertainment,5174,80,560,60,,302,https://www.twitter.com/Xtrodnry_Gntlmn,https://pbs.twimg.com/profile_images/1244400325974515712/QuuOfoC3_normal.jpg,false,false
Shye,RShye,'54632001',false,2009-07-07 21:21:58,,2367,317,1670,4016,,22,https://www.twitter.com/RShye,https://pbs.twimg.com/profile_images/1837340718425092096/cY_2musk_normal.jpg,false,false
Tyesha Anderson,ayetyyynicki,'1756860334344720386',false,2024-02-12 03:58:59,,1,2,36,0,,0,https://www.twitter.com/ayetyyynicki,https://pbs.twimg.com/profile_images/1756860495221428224/CmLEqPNO_normal.jpg,false,false
Travis Steward Real Estate,travisstewardre,'1749487042851905536',false,2024-01-22 19:39:56,"Broker-Owner, Travis Steward Real Estate; As seen on HGTV; Non-Profit CEO and Local Civic President; Youth Mentor; Chamber Board Director and Public Speaker",303,244,70,1315,New York • Georgia • Florida,57,https://www.twitter.com/travisstewardre,https://pbs.twimg.com/profile_images/1749494459333513216/X1DSAyCU_normal.jpg,false,false
nndamuleni,ndamuleni,'3424330191',true,2015-08-15 19:50:47,,2,18,193,64,"Pretoria, South Africa",0,https://www.twitter.com/ndamuleni,https://abs.twimg.com/sticky/default_profile_images/default_profile_normal.png,false,false
Lieven Cnudde,lievencnudde,'55838464',false,2009-07-11 17:13:27,#carpediem #tousensemble,435,87,196,242,Belgium,23,https://www.twitter.com/lievencnudde,https://pbs.twimg.com/profile_images/1641304636417011716/ygWwbHau_normal.jpg,false,false
Not Jaga,Notjaga4,'1569724732110700552',false,2022-09-13 19:28:59,,0,134,48,0,,0,https://www.twitter.com/Notjaga4,https://pbs.twimg.com/profile_images/1582004630309199874/WRXcA6vF_normal.jpg,false,false
Camron Vidal,vidal_camron,'1097855767095447552',false,2019-02-19 15:49:46,🎶 🦾 we don’t pass we give it 🇯🇲,156,263,1889,21452,,7,https://www.twitter.com/vidal_camron,https://pbs.twimg.com/profile_images/1511364746125185034/Pw3sEt0f_normal.jpg,false,false
sugizo,sugizo529815,'1798552688818540544',false,2024-06-06 06:09:24,,1,34,27,38,,0,https://www.twitter.com/sugizo529815,https://pbs.twimg.com/profile_images/1799133692717309952/RLVoMvCz_normal.jpg,false,false
Jock Simon,jock_simon91769,'1800447019355377665',false,2024-06-11 11:37:08,Happy good day,9,138,55,88,,0,https://www.twitter.com/jock_simon91769,https://pbs.twimg.com/profile_images/1800447885500182528/oIJkQ9-6_normal.jpg,false,false
Christine,Christy_Ngongo,'785773125061390336',false,2016-10-11 12:24:46,"Bukavu/ RDC
 Ingénieure en Sciences Informatiques et Télécommunications/Conductrice 
Apte, Intègre",4158,292,332,4728,République Démocratique Du Con,341,https://www.twitter.com/Christy_Ngongo,https://pbs.twimg.com/profile_images/1780182224509571072/GX3dIl8V_normal.jpg,false,false
the problem.🫶🏾,kayfromthemurda,'1832303833470390272',false,2024-09-07 09:24:25,budding to bloom🪻,1563,17,45,6655,,1,https://www.twitter.com/kayfromthemurda,https://pbs.twimg.com/profile_images/1834502807094763520/EI0ys9tH_normal.jpg,false,false
DrMehtabalam,GujratiButcher,'1632304514563731456',false,2023-03-05 10:58:39,"Social activist, Human equality, rights to health, education and livings for all",506,50,93,4,Punjab,5,https://www.twitter.com/GujratiButcher,https://pbs.twimg.com/profile_images/1787467886656643072/2LgoRocC_normal.jpg,false,false
QPid,QPid901,'51275767',false,2009-06-27 02:38:51,Muslim / iDay Trade / Slang Houses / Eat Chicken Wings G14/Lifer/SoSoDef I wrote some of the songs you sing.,96967,1418,232,905,Memphis 10,2028,https://www.twitter.com/QPid901,https://pbs.twimg.com/profile_images/1224753015279759361/SFCmX50O_normal.jpg,false,false
TurnipBird177,TBird177,'1478600982065864704',false,2022-01-05 07:36:14,,36447,420,331,17539,,2,https://www.twitter.com/TBird177,https://pbs.twimg.com/profile_images/1540761758515597312/L5G7txRc_normal.jpg,false,false
Cool Idc,cool_idc25431,'1832240547265691649',false,2024-09-07 05:12:59,,0,26,93,2,,0,https://www.twitter.com/cool_idc25431,https://pbs.twimg.com/profile_images/1832240618715648000/dLbQdaJg_normal.png,false,false
GUARDIANS OF ⚾️,guardiansurge,'827338170966499331',true,2017-02-03 04:09:25,Guardians X Warriors X USMNT,2,465,5167,87056,,0,https://www.twitter.com/guardiansurge,https://pbs.twimg.com/profile_images/1820280749586595841/i-Fb4Usk_normal.jpg,false,false
Manu_Ela,Manuela_Lisboa9,'856535234',true,2012-10-01 18:17:41,,375,48,493,20096,France,4,https://www.twitter.com/Manuela_Lisboa9,https://pbs.twimg.com/profile_images/1286661351658618881/15TLdY5X_normal.jpg,false,false
Demetri Harris,HarrisDeme3056,'1832228374808322048',false,2024-09-07 04:25:10,,0,28,33,4,,0,https://www.twitter.com/HarrisDeme3056,https://pbs.twimg.com/profile_images/1832228583797936128/zk_aVQwO_normal.png,false,false
Jakhireyus Franklin,JFranklin2026,'1788449690200969216',false,2024-05-09 09:03:38,Co’2026 Track&field || x Cross Country - Zachary High School Email:Jakhireyus.franklin2026@zacharystudents.org,126,98,516,545,"Zachary, LA",4,https://www.twitter.com/JFranklin2026,https://pbs.twimg.com/profile_images/1834244768852832256/seVbh-cS_normal.jpg,false,false
Marcy,methomas04,'2479187450',true,2014-05-06 06:30:58,,268,25,521,11074,,4,https://www.twitter.com/methomas04,https://pbs.twimg.com/profile_images/1272730734529146880/giUqjtjk_normal.jpg,false,false
صلاح.,sazxc17,'1195491362952687617',false,2019-11-16 01:58:57,اللهم صل و سلم على نبينا محمد و على آله وصحبه أجمعين 🤲🤲,12938,910,4653,13931,,251,https://www.twitter.com/sazxc17,https://pbs.twimg.com/profile_images/1656458552616050690/AMGHA0tM_normal.jpg,false,false
Foune Baybe 🇲🇱 🇫🇷,FouneBaybe,'3290219375',false,2015-05-19 19:51:03,passion PSG,24448,432,513,298056,,257,https://www.twitter.com/FouneBaybe,https://pbs.twimg.com/profile_images/1668607593877581824/ea-vESts_normal.jpg,false,false
Jamaila 🦋,DymonJay,'626447728',false,2012-07-04 16:04:36,,1011,40,70,5415,Houston.,0,https://www.twitter.com/DymonJay,https://pbs.twimg.com/profile_images/1216112824147173376/zrZyQlaZ_normal.jpg,false,false
Kellyohgee,Kellyohgee43568,'1805284772538687488',false,2024-06-24 20:00:18,"I do a lot of things, but honestly, what I do doesn't matter if it's not helping you - so that's my only goal.",69,342,3522,590,"Miami Heights, OH",54,https://www.twitter.com/Kellyohgee43568,https://pbs.twimg.com/profile_images/1805284889685549057/MAXhRc0D_normal.jpg,false,false
Angela Driver,chocgyrl73,'1296269293',false,2013-03-24 20:51:19,,161,56,739,87,USA,16,https://www.twitter.com/chocgyrl73,https://pbs.twimg.com/profile_images/473914985920602113/6LOP-3Zq_normal.jpeg,false,false
Chill.Zon,Chill15Big,'1104813988792152064',false,2019-03-10 20:39:16,Rebirth: 777. welcome to the Lounge.🌊🐋,26851,17,543,93433,,57,https://www.twitter.com/Chill15Big,https://pbs.twimg.com/profile_images/1256040954353639426/UuRcOYfP_normal.jpg,false,false
Rico,sneakerkid727,'137221160',false,2010-04-26 07:36:45,"Tradition without progress is static and outdated, while progress without tradition lacks a solid foundation. 🌍 🌓 ... ☀️. Sneakers • Tech • Architecture",2057,35,219,14878,"ÜT: 39.660434,-104.761425",103,https://www.twitter.com/sneakerkid727,https://pbs.twimg.com/profile_images/1403552464448589827/OoYeTziH_normal.jpg,false,false
Kyle Steen,xkystalexanderx,'1500415706327826435',true,2022-03-06 12:19:44,Goal: Happiness/Peace of Mind. Love is Love; No Label. 🏳️‍🌈,12,2999,1298,31,,0,https://www.twitter.com/xkystalexanderx,https://pbs.twimg.com/profile_images/1835380692642930688/TjxRtfWG_normal.jpg,false,false
Madelyn E,Madelyn54,'28911623',false,2009-04-05 04:20:15,,536,32,886,1171,"Williston Park, NY",141,https://www.twitter.com/Madelyn54,https://pbs.twimg.com/profile_images/831386697782931459/7mCdtl30_normal.jpg,false,false
Pastor Mark K Norman,pastormknorman,'1160526313494646784',false,2019-08-11 15:20:09,💍@pastor_tasha 12.28. Father of @saucyjmn and @mc_mylas_murray_norman. It’s all about faith and family!,371,201,431,1313,"Maumelle, AR",27,https://www.twitter.com/pastormknorman,https://pbs.twimg.com/profile_images/1834957810825580544/hPuOEmm6_normal.jpg,false,false
María José,MariaE46651,'1737862291893149696',false,2023-12-21 17:48:17,,0,0,39,4106,,0,https://www.twitter.com/MariaE46651,https://pbs.twimg.com/profile_images/1737862564350918656/kdEY3hUt_normal.png,false,false
Quinn Nguyen,QuinnNg50332973,'1447894155816947713',false,2021-10-12 14:57:36,product designer,2049,309,295,2131,melbourne,59,https://www.twitter.com/QuinnNg50332973,https://pbs.twimg.com/profile_images/1829869622210019331/hcVjB-u5_normal.jpg,false,false
Na’Colby,nacolbyroland,'1832141299937320960',false,2024-09-06 22:38:30,"Track & Field 
Sophomore 
100m,200m,4x100m",0,9,6,0,"Grand Prairie, TX",0,https://www.twitter.com/nacolbyroland,https://pbs.twimg.com/profile_images/1832142456667680768/jMgJ-qdP_normal.jpg,false,false
ZIHINDULA BIGURU LUCIEN,ZIHINDULABIGURU,'2287049840',true,2014-01-11 20:55:07,"Mathématicien,je suis Prof aux universités Catholique et Officielle de Bukavu.Activiste de l'Education,je travaille à la promotion de l’Excellence et du genre..",2087,3256,627,2452,"BUKAVU, Sud-Kivu",586,https://www.twitter.com/ZIHINDULABIGURU,https://pbs.twimg.com/profile_images/1749686670717227008/l4WnOtCt_normal.jpg,false,true
Andrew Alphas,AndrewAlphas,'839616627255754753',true,2017-03-09 01:19:38,A Social Scientist Student who has a tendency to be critical of himself.He serves the most High God.The rest is all that we know about and more.🎩🎓🌍⚽🎹🎼🔫💷,12027,52,636,55570,South Africa,25,https://www.twitter.com/AndrewAlphas,https://pbs.twimg.com/profile_images/1423971201953812481/-V1YRYem_normal.jpg,false,false
BornBlacknBlessed,Diary77S,'790947232325533697',true,2016-10-25 19:04:50,Black & Blessed,3721,2214,2653,9631,Duduza,34,https://www.twitter.com/Diary77S,https://pbs.twimg.com/profile_images/1691099060055277569/Fz9iTpu4_normal.jpg,false,false
👸🏿,_mayyyyan,'1703145889',false,2013-08-27 01:45:58,💕🫶🏿,23104,223,150,5538,"Pensacola,FL",71,https://www.twitter.com/_mayyyyan,https://pbs.twimg.com/profile_images/1832136270123778048/j9kQHI0N_normal.jpg,false,false
Raju bhai,Rajubha74456310,'1629701042727165953',false,2023-02-26 06:33:24,Dalit Ekata missan,1122,86,326,1437,India,18,https://www.twitter.com/Rajubha74456310,https://pbs.twimg.com/profile_images/1629719063244013568/ftyDTEwP_normal.jpg,false,false
Mr.Unpredictable,S6X0__,'1439178000000557057',false,2021-09-18 13:43:06,Netflix da flixky da flixky🗣💫♿️ Gibby’s lil’ son💜🪃 @S6X0_ November Bite 💨🧪 Hyper⚡,80,66,52,49,,16,https://www.twitter.com/S6X0__,https://pbs.twimg.com/profile_images/1789269561373523968/ckYz8ABC_normal.jpg,false,false
Joshua Tanczer,TanczerJ,'1824586985119313921',false,2024-08-17 02:20:32,,4,1,657,5,"Cincinnati, Ohio",0,https://www.twitter.com/TanczerJ,https://pbs.twimg.com/profile_images/1827851168124440576/akYjlKcS_normal.jpg,false,false
Eddie,EDDIE_5185,'1828519934147665920',false,2024-08-27 22:48:38,,0,44,106,0,,0,https://www.twitter.com/EDDIE_5185,https://pbs.twimg.com/profile_images/1828520296963330048/2BK1awKD_normal.jpg,false,false
Na-homie,The_Naomi1201,'287925849',false,2011-04-26 02:05:48,Low vibration plates only!,18668,86,232,41491,,1016,https://www.twitter.com/The_Naomi1201,https://pbs.twimg.com/profile_images/1817016461358927872/8YdkJGSD_normal.jpg,false,false
MosMoneyENT#QGTM,MosMoneyBTF,'1330326409357783042',false,2020-11-22 03:45:21,ONE MAN ARMY,4291,132,91,10854,AT YOUR BABY MOMMA HOUSE,223,https://www.twitter.com/MosMoneyBTF,https://pbs.twimg.com/profile_images/1761263628446031872/IJvR_Hid_normal.jpg,false,false
Optimistic Kenyan,optimistic_ken,'1221129223710158851',true,2020-01-25 19:54:42,🇰🇪,8309,640,2590,17101,"Nairobi, Kenya ",85,https://www.twitter.com/optimistic_ken,https://pbs.twimg.com/profile_images/1821858603852083200/3fapkuo3_normal.jpg,false,false
Dev,onlyknwhow2bme,'29384038',true,2009-04-07 07:34:01,"When life gets blurry, adjust your focus",17364,319,361,8291,,338,https://www.twitter.com/onlyknwhow2bme,https://pbs.twimg.com/profile_images/1833608720963534848/PHmV_Pe0_normal.jpg,false,false
Odk,manfred_appeah,'1446889981',false,2013-05-21 20:23:42,never give up!! 🇬🇭 🇬🇧,81,39,127,263,London,17,https://www.twitter.com/manfred_appeah,https://pbs.twimg.com/profile_images/1823490531587923968/0mauOC9E_normal.jpg,false,false
Des,destiny_224,'2899925346',true,2014-11-15 06:37:50,“I’m literally going to get violent.” - Maddy Perez Moon Child🌕♐️♏️♎️ Always protect your peace.,43130,623,504,51186,"Connecticut, USA",1026,https://www.twitter.com/destiny_224,https://pbs.twimg.com/profile_images/1829282593151348738/wPUinVZo_normal.jpg,false,false
Albert Alvarado,TheMuffinMan1E,'1267340752239001600',false,2020-06-01 09:22:58,,86,70,557,126954,,1,https://www.twitter.com/TheMuffinMan1E,https://pbs.twimg.com/profile_images/1267351946546954240/6rzd6P4A_normal.jpg,false,false
Joe Average,JoeAverage_2024,'1800267932569567232',false,2024-06-10 23:45:25,New account,129,18,58,1360,England,14,https://www.twitter.com/JoeAverage_2024,https://abs.twimg.com/sticky/default_profile_images/default_profile_normal.png,false,false
SPICY NIGERIAN ⭐️⭐️⭐️⭐️⭐️🇳🇬,missmamas2raw,'1605560089728978947',true,2022-12-21 15:45:49,TRAVEL ADVISOR || ENTREPRENEUR ||E’HO 😈.,40,164,32,1583,,9,https://www.twitter.com/missmamas2raw,https://pbs.twimg.com/profile_images/1823438034492080128/-C9M4Po4_normal.jpg,false,false
👑🐐,humantornadow,'1796462439028207617',false,2024-05-31 11:43:32,🦘,1005,192,553,2147,,92,https://www.twitter.com/humantornadow,https://pbs.twimg.com/profile_images/1796463511176159232/sUFdhcNK_normal.jpg,false,false
jim johnson,jimjohn51393867,'1618993762998386689',false,2023-01-27 17:26:27,,2,78,20,55,"Minnesota, USA",0,https://www.twitter.com/jimjohn51393867,https://pbs.twimg.com/profile_images/1743973189028356097/LSV3jTl__normal.jpg,false,true
Cam,CAM2000Troy,'1804719116458078208',false,2024-06-23 06:32:37,,18,0,303,89,"Temple, TX",0,https://www.twitter.com/CAM2000Troy,https://pbs.twimg.com/profile_images/1832092229076135936/9-RHyaem_normal.jpg,false,false
Bigen Bandito,marcjones91,'625639008',true,2012-07-03 16:32:42,Waffle House Boxing Champ (2016 - 2021),3145,484,1678,50293,"Atlanta, GA",715,https://www.twitter.com/marcjones91,https://pbs.twimg.com/profile_images/1194887388763262978/z0j0TM6u_normal.jpg,false,false
啦啦,zhazha1127,'1796057583415066624',false,2024-05-30 08:54:43,,0,74,1524,3357,,0,https://www.twitter.com/zhazha1127,https://pbs.twimg.com/profile_images/1796057657977270272/GrQ2NSDN_normal.jpg,false,false
Λxole ℍ𝕒𝕜𝕦𝕝𝕒,Axolehakula,'895294196323667968',false,2017-08-09 17:42:24,Ambivert || 🇿🇦 || 𝗗𝗶𝗴𝗶𝘁𝗮𝗹 ᵉⁿᵗʰᵘˢᶦᵃˢᵗ,4821,2046,4838,13430,Gauteng ,1227,https://www.twitter.com/Axolehakula,https://pbs.twimg.com/profile_images/1658389298721193984/axmYI2No_normal.jpg,false,false
O'Relius,Opone5,'61960200',true,2009-08-01 07:20:40,Don't be afraid to give your best to what seemingly are small jobs.  Every time you conquer one it makes you that much stronger.,141,13,480,924,,0,https://www.twitter.com/Opone5,https://pbs.twimg.com/profile_images/1227428097/OP_Twitter_normal.JPG,false,false
🧙🏾‍♂️,2manywav3s,'2851260416',true,2014-10-11 01:22:36,| Producer | Recording engineer | Eli This a Vibe🛟,22774,553,59,40615,,9,https://www.twitter.com/2manywav3s,https://pbs.twimg.com/profile_images/1832035797186318336/76yQyvXM_normal.jpg,false,false
MistaN1ceGuy,GuyN1ce,'1053239812281565184',false,2018-10-19 14:01:54,"Salesforce Admin in Security Industry 👨🏾‍💻 Aspiring Real Estate Goals 🏡💰 Learning & Growing in Stocks, Crypto & NFTs 📈📉 Do it Right or Do it Over🧐🤔",1972,1197,2252,3752,"New York, USA",554,https://www.twitter.com/GuyN1ce,https://pbs.twimg.com/profile_images/1756670099140853760/c3sfzdBE_normal.jpg,false,false
DunXDun,DunXDun149001,'1799592940588740608',true,2024-06-09 03:03:21,,53,226,1915,1768,,1,https://www.twitter.com/DunXDun149001,https://abs.twimg.com/sticky/default_profile_images/default_profile_normal.png,false,false
deepa dwivedi,dwivedi_deepa,'345400627',false,2011-07-30 17:51:43,paheli,89,175,1609,24272,bhopal,3,https://www.twitter.com/dwivedi_deepa,https://pbs.twimg.com/profile_images/1469453518/Genelia-D_Souza_normal.jpg,false,false
CoolBoi,CoolBoi73916363,'1037911740816740352',false,2018-09-07 06:53:37,,228,2,109,16848,,1,https://www.twitter.com/CoolBoi73916363,https://abs.twimg.com/sticky/default_profile_images/default_profile_normal.png,false,false
Malachi Rwanks,RWANKS,'212156984',false,2010-11-05 11:04:01,am just a free person like making friends. Staunch supporter of @manutd,3014,457,1637,2855,kampala,212,https://www.twitter.com/RWANKS,https://pbs.twimg.com/profile_images/1132616645866926080/JIS8encC_normal.jpg,false,false
CT Carolina T | #YTS,trackside_843,'337379573',false,2011-07-18 02:06:37,HOW CAN I LOSE SOMETHING I NEVER HAD -CT,15595,442,491,13727,Official Page 👇🏿🥶🔥🎶💯🤯,4171,https://www.twitter.com/trackside_843,https://pbs.twimg.com/profile_images/1806051308740210688/q9FCoxQn_normal.jpg,false,false
Clarence Watts,clarencesdb,'301285218',true,2011-05-19 09:28:20,"love life in all its forms.working for & guiding young people, reaching their true potential...love music, good food & the fascinating moments in life..",287967,7427,6495,79698,"Johannesburg , South Africa",21712,https://www.twitter.com/clarencesdb,https://pbs.twimg.com/profile_images/1727620359434752000/t5kuIdjI_normal.jpg,false,false
Daniel,DunnDilla410,'21682665',false,2009-02-23 21:21:01,,9030,260,322,24482,,247,https://www.twitter.com/DunnDilla410,https://pbs.twimg.com/profile_images/1777474942130360320/owhEsRgO_normal.jpg,false,false
SOMALI SUN,TheSun_Somalia,'1480913142670671879',false,2022-01-11 16:43:15,Analysing all the latest news from Somalia and the greater World. RTs are not endorsements,7228,827,1742,9708,"Hargeisa,Somalia ",236,https://www.twitter.com/TheSun_Somalia,https://pbs.twimg.com/profile_images/1518804160765997065/pRokdi44_normal.jpg,false,false
🦩Precious,UmdPrecious,'1482366239909588999',false,2022-01-15 16:57:25,,2682,189,920,79480,,3,https://www.twitter.com/UmdPrecious,https://pbs.twimg.com/profile_images/1518709794814767105/mGzSRYdg_normal.jpg,false,false
Owen Hullum,OwenHullum18350,'1826237019829215232',false,2024-08-21 15:37:14,,0,30,14,1,,0,https://www.twitter.com/OwenHullum18350,https://pbs.twimg.com/profile_images/1826237404518268928/z_qRX9Pt_normal.jpg,false,false
yura_kramer,gefest9322,'1522578132733210627',false,2022-05-06 17:05:11,...,1215,49,158,4271,Украина,112,https://www.twitter.com/gefest9322,https://pbs.twimg.com/profile_images/1625654101152260100/90J4YbFS_normal.jpg,false,false
Isaiah Rhodes,Isaiah21plstop,'1430554621127405568',true,2021-08-25 18:36:27,,14,58,112,9740,,0,https://www.twitter.com/Isaiah21plstop,https://pbs.twimg.com/profile_images/1831664609993883648/_eTivI0Y_normal.jpg,false,false
YO A TO Z SOLUTIONS PVT.LTD,yosolutions2010,'1717413819130253312',false,2023-10-26 08:32:34,Hotel Consultant with Security Facility Management and Manpower Service Provider,33,4,45,127,New Delhi ,19,https://www.twitter.com/yosolutions2010,https://pbs.twimg.com/profile_images/1717413990341681152/PoBFTJji_normal.jpg,false,false
Xitshembiso Shivambu,XitshembisoShi3,'1182290658482151424',false,2019-10-10 16:44:10,"Run, Runner, Runnist. We do not surrender to the hills and valleys, they are only our subjects. #Mark11:23. Social/ Fun Runner",51,51,217,1568,,15,https://www.twitter.com/XitshembisoShi3,https://pbs.twimg.com/profile_images/1743952359431041024/G2xfnA_b_normal.jpg,false,false
JohnnyDizzick,JohnnyDizzick,'3099910313',true,2015-03-20 20:15:39,https://t.co/7yPgeqgukN,1254,4838,492,1895,"Philadelphia, PA",440,https://www.twitter.com/JohnnyDizzick,https://pbs.twimg.com/profile_images/1491706661337276416/toIwrSh__normal.jpg,false,false
jan jwan,Najwan53529220,'991014217984585728',true,2018-04-30 20:59:36,"A Judoka, GIS enthusiastic",58,10,367,91,Univers / planet Earth,0,https://www.twitter.com/Najwan53529220,https://pbs.twimg.com/profile_images/1519188888266457088/eK1m-8K5_normal.jpg,false,false
Edith Rivera Alicea,edith_alicea,'4867799650',false,2016-02-01 02:24:49,,57,12,37,269,,8,https://www.twitter.com/edith_alicea,https://pbs.twimg.com/profile_images/1264963452533080064/j2PXksUq_normal.jpg,false,false
K8,K8Revoh,'1831990492281597952',false,2024-09-06 12:39:52,Iowan. Organizer. Mama of two. photographer. Prolific in profanities. Situational comedian. AuDHD. Opinions my own.,6,52,113,29,"Iowa City, IA",0,https://www.twitter.com/K8Revoh,https://pbs.twimg.com/profile_images/1831992644097933312/yzOrdjLq_normal.jpg,false,false
Joy🇨🇮⭐️⭐️⭐️,Roiargente,'980420204051222528',true,2018-04-01 15:22:46,Champion d’Afrique dans ta maman  #Entertainment #noserieux,31008,247,961,20063,"Paris, France",3732,https://www.twitter.com/Roiargente,https://pbs.twimg.com/profile_images/1821227946276700160/O6egh6a1_normal.jpg,false,false
Undisclosed,MTE1787,'323872677',true,2011-06-25 18:43:14,Undisclosed,7,10,1412,804,Somewhere in New England,0,https://www.twitter.com/MTE1787,https://pbs.twimg.com/profile_images/1619012938848673793/vid0eQnZ_normal.jpg,false,false
MsMcGovern,mmcgoverncbcg,'789066680139997184',true,2016-10-20 14:32:11,"Assistant Principal I - Yearhead. Business, Maths and LCVP teacher @ClaregalwayColl",931,268,420,4000,"Galway, Ireland",49,https://www.twitter.com/mmcgoverncbcg,https://pbs.twimg.com/profile_images/997543334221500416/0SziI-Vd_normal.jpg,false,false
Machacha Muchiri,MachachaMuchiri,'1915703545',false,2013-09-29 03:07:33,,288,186,1156,1040,"Nairobi,Kenya",8,https://www.twitter.com/MachachaMuchiri,https://pbs.twimg.com/profile_images/378800000521660279/a40b84fccf85f31c2b033368187589ce_normal.jpeg,false,false
Ricardo Mireles,RitchieMireles,'241620046',true,2011-01-22 20:30:35,,2914,88,2306,23812,,21,https://www.twitter.com/RitchieMireles,https://pbs.twimg.com/profile_images/1654502448772292608/f3cFHzs0_normal.jpg,false,false
W Ï Z Z Y,AwizZay,'1131197125277171713',true,2019-05-22 16:56:26,Barcelona ❤️💙,751,232,1173,56098,Ewiase ,33,https://www.twitter.com/AwizZay,https://pbs.twimg.com/profile_images/1559881227389308930/TLsf8Z6g_normal.jpg,false,false
✞ The Anchorman and 3 others ✪,kxngdede,'2917239341',false,2014-12-12 11:47:00,"Dėdė David

¦ Royalē ¦ × MAWGICnotMAGIC × ¦",14727,370,358,11498,,179,https://www.twitter.com/kxngdede,https://pbs.twimg.com/profile_images/1752132368549224448/l55QAkAY_normal.jpg,false,false
Takudzwa Mbangure,Taquembangure,'1271864053716209665',false,2020-06-13 20:57:35,Nisi dominus frustra,46,103,681,50912,,2,https://www.twitter.com/Taquembangure,https://pbs.twimg.com/profile_images/1795689999083380737/FkDtlR2X_normal.jpg,false,false
Paul another 🇬🇭 + 🇳🇬,Paulanother1,'1563160902051909634',true,2022-08-26 16:46:29,love ❤️ is all that matters 🇳🇬🇬🇭 📄📌👀✌🏿,8316,917,1336,57928,,2906,https://www.twitter.com/Paulanother1,https://pbs.twimg.com/profile_images/1563161151885545472/2FhDgaVA_normal.jpg,false,false
Deepak Singh,7deepaksingh7,'1506273643705540611',false,2022-03-22 16:17:12,Hii,5,20,219,189,,4,https://www.twitter.com/7deepaksingh7,https://pbs.twimg.com/profile_images/1506902361217937410/_D_YKawa_normal.jpg,false,false
jp-pmg,jppmg1930,'1824374129723678722',false,2024-08-16 12:14:33,,39,106,1046,765,,0,https://www.twitter.com/jppmg1930,https://abs.twimg.com/sticky/default_profile_images/default_profile_normal.png,false,false
💐 📀⁷,Mimie_ByMe,'2195185455',true,2013-11-25 09:51:38,"Biscuit 🤍🤍🤍
Don't follow me, I'm not a good person........
.. ..Always remember 'Men deserve nothing'.",16839,261,188,190621,,811,https://www.twitter.com/Mimie_ByMe,https://pbs.twimg.com/profile_images/1837064327834079232/jy-axcvs_normal.jpg,false,false
Gideon Mbako,mbako18,'4018013896',false,2015-10-22 19:07:15,Financial Engineer.,35,91,1178,220,Botswana,2,https://www.twitter.com/mbako18,https://pbs.twimg.com/profile_images/1825466514138386432/eAIVaFVU_normal.jpg,false,false
Ideas Aubrey,ideasaubrey,'2600570832',false,2014-07-03 01:49:23,"Ideas Aubrey is a Youth Educator, Poet, and Spoken Word artist! Ideas open up his heart on stage and let his audience feel better",2412,1644,5015,16123,,399,https://www.twitter.com/ideasaubrey,https://pbs.twimg.com/profile_images/1761633125514584064/Hn1iZrpp_normal.jpg,false,false
Lefika Brian Seloka,LefikaBrian7,'793304698170273793',false,2016-11-01 06:12:33,We all have a part to play 😊,308,118,822,1553,Botswana,13,https://www.twitter.com/LefikaBrian7,https://pbs.twimg.com/profile_images/1539593731690708992/fp-5xw81_normal.jpg,false,false
opoku gurgisberg,OGurgisber29192,'1774627008376602624',false,2024-04-01 05:38:16,,9,109,139,73,,0,https://www.twitter.com/OGurgisber29192,https://pbs.twimg.com/profile_images/1774627311385726976/BGmLVWan_normal.png,false,false
Henrex,Henrexjnr11,'1520478506794291201',true,2022-04-30 22:01:55,🚀🚀🚀,5413,145,303,2895,,60,https://www.twitter.com/Henrexjnr11,https://pbs.twimg.com/profile_images/1776739306465271809/FAS_z6ew_normal.jpg,false,false
KTB,PainAndPassion,'555470654',true,2012-04-17 01:31:20,R.I.P chubb,25259,612,423,13707,"Hattiesburg, MS",38,https://www.twitter.com/PainAndPassion,https://pbs.twimg.com/profile_images/1600247659557707787/mjkLmjdL_normal.jpg,false,false
manuel_99👑❤️,Emmanue22926272,'1483530545384595456',false,2022-01-18 22:03:58,CEO🤴,632,29,239,5110,,22,https://www.twitter.com/Emmanue22926272,https://pbs.twimg.com/profile_images/1622233612530683911/UvlCmVdz_normal.jpg,false,false
Tish.0,tishpoint0_,'39592456',true,2009-05-12 23:50:17,Bon Vivant | Entrepreneur | Music Snob | @NVARAIDERS2011,56672,1001,660,30283,"Virginia, USA",1503,https://www.twitter.com/tishpoint0_,https://pbs.twimg.com/profile_images/1820936087566520320/Kf5jSuBh_normal.jpg,false,false
Bootylover,matthewmallard1,'2894350142',false,2014-11-09 06:22:35,,3583,510,6894,20504,Port Denison - Dongara,0,https://www.twitter.com/matthewmallard1,https://pbs.twimg.com/profile_images/1478950016538451973/DHjE2aZc_normal.jpg,false,false
Francis M,Francismihari,'933051905642811392',false,2017-11-21 21:18:04,Local News News World News Technology & Science,180,14,284,178,"Nairobi, Kenya",1,https://www.twitter.com/Francismihari,https://abs.twimg.com/sticky/default_profile_images/default_profile_normal.png,false,false
Karuri wa Gakure,MaMatigari,'1197183664356044800',false,2019-11-20 18:03:41,Chillin',18871,1040,1918,58413,"Baltimore Co, Murang'a County ",1,https://www.twitter.com/MaMatigari,https://pbs.twimg.com/profile_images/1364170034952740865/7bYSD2-n_normal.jpg,false,false
@godannyboy,godannyboy80001,'1828927402992386048',false,2024-08-29 01:47:44,,2,156,2903,1,,0,https://www.twitter.com/godannyboy80001,https://pbs.twimg.com/profile_images/1828927882225201152/ttA5Df6Y_normal.jpg,false,false
Joe K,JoeK432870,'1826132717546729472',false,2024-08-21 08:43:11,,0,0,96,72,,0,https://www.twitter.com/JoeK432870,https://abs.twimg.com/sticky/default_profile_images/default_profile_normal.png,false,false
JY,queen_jyy4,'3021722677',true,2015-02-16 01:06:36,im ngl im a crash out oh also lash tech n barb onna side  IG: queen_jyy4 / ♏️🦂! hehe,26293,742,1854,25356,"Seattle, WA ",802,https://www.twitter.com/queen_jyy4,https://pbs.twimg.com/profile_images/1838345898306465792/Ym8ndkij_normal.jpg,false,false
Mae,myownlane92,'1831910289169686529',false,2024-09-06 07:20:57,,71,33,174,777,,1,https://www.twitter.com/myownlane92,https://pbs.twimg.com/profile_images/1836449270360104960/GtKJ6Qh8_normal.jpg,false,false
Dominic Warrican,WarricanDominic,'846006636993036288',false,2017-03-26 17:31:15,Patience when you have nothing & attitude when you have everything. AP👸🏻💖. 💙RIP Pardy💙,200,196,801,2740,"Birmingham, England",4,https://www.twitter.com/WarricanDominic,https://pbs.twimg.com/profile_images/1389927156319494145/jFEHybAV_normal.jpg,false,false
Mr. T,7_trisso,'1752317578712649729',false,2024-01-30 15:07:42,Welcome to my World 🌍🦍🔥,0,93,478,159,South Africa,0,https://www.twitter.com/7_trisso,https://pbs.twimg.com/profile_images/1817617457437102080/90dslGuA_normal.jpg,false,false
Laxman,LaxmanSTomar,'895680660395802625',false,2017-08-10 19:18:05,Senior ML/AI Engineer,42,126,2488,2251,"Bangalore, India",0,https://www.twitter.com/LaxmanSTomar,https://pbs.twimg.com/profile_images/1745301933689098240/Y5sk_D2B_normal.jpg,false,false
DreMostWanted,Drefromthe1,'1805898418205990913',false,2024-06-26 12:38:55,,114,40,21,119,,1,https://www.twitter.com/Drefromthe1,https://pbs.twimg.com/profile_images/1831038732499050496/-SbgjMF4_normal.jpg,false,false
shang,Ccbeijingguoan,'2269876136',false,2013-12-31 06:56:02,,752,99,564,321,,4,https://www.twitter.com/Ccbeijingguoan,https://pbs.twimg.com/profile_images/417888616354811904/HU2IcjOd_normal.jpeg,false,false
Terrence Lambert,_TerrenceL_,'2970531868',true,2015-01-10 00:08:53,he/they,4606,413,560,62533,"Brooklyn, NY",78,https://www.twitter.com/_TerrenceL_,https://pbs.twimg.com/profile_images/1393629234191642626/PSusQkoq_normal.jpg,false,false
Utopia/ዮናታን,utopia1a,'1247079823505264640',true,2020-04-06 11:44:37,"Co-owner of SKY ስፖርት ET™ / Telegram channel with more than 220,000 followers/ ..... https://t.co/Vx4HPhgEBo writer .... Ethio-Maed On Bisrat FM 101.1",1378,467,2021,6490,,181,https://www.twitter.com/utopia1a,https://pbs.twimg.com/profile_images/1791050631764987904/LLb7qPI-_normal.jpg,false,false
Dina Chavez,Rockstardina,'102394219',false,2010-01-06 17:08:24,Fashion Designer @SixChelbydc A Chic and Ethical Sustainable Fashion Brand for the Modern Woman.,4997,609,760,16506,"Austin, TX",183,https://www.twitter.com/Rockstardina,https://pbs.twimg.com/profile_images/798723456502235136/VG6_DkvS_normal.jpg,false,false
chez parson,ChezShow,'1479532013237547011',true,2022-01-07 21:15:53,,1071,199,269,57902,,16,https://www.twitter.com/ChezShow,https://pbs.twimg.com/profile_images/1609635951365570566/1EWjMzij_normal.jpg,false,false
Summer🌺,SummerSize__,'1009996453173964800',false,2018-06-22 06:08:14,💙✨,2570,199,418,3627,"Nashville, TN",24,https://www.twitter.com/SummerSize__,https://pbs.twimg.com/profile_images/1390460254597664770/QrLdSzsl_normal.jpg,false,false
baby sama,BarackOsamaJr,'1659018289341685766',true,2023-05-18 05:09:45,North Philly,72,162,28,493,No Instagram/Facebook,0,https://www.twitter.com/BarackOsamaJr,https://pbs.twimg.com/profile_images/1834982235377745921/ybpqRe2X_normal.jpg,false,true
.,forcabarca_0,'1361527752583766016',false,2021-02-16 06:08:16,,0,140,500,0,United States,0,https://www.twitter.com/forcabarca_0,https://pbs.twimg.com/profile_images/1821376507576455168/Ae59-AbB_normal.jpg,false,false
Selim 🃏,ls_selim,'1250189145173082118',true,2020-04-15 01:28:24,La F1 détruit mes dimanches,13127,269,1155,31446,Heisenberg,640,https://www.twitter.com/ls_selim,https://pbs.twimg.com/profile_images/1681274740143534080/24mMKDyf_normal.jpg,false,false
Amit Kumar,bnramit,'1831769646837473280',false,2024-09-05 22:03:17,Entertainment||Struggler||Socialist,0,3,17,0,,0,https://www.twitter.com/bnramit,https://pbs.twimg.com/profile_images/1833194840290377728/E9jwfZ7X_normal.jpg,false,false
Jack,litljimmi,'1637643353532637184',true,2023-03-20 04:33:30,like to gamble…I pay for @therealpetetucc picks and @rickybobbybets…,345,17,187,421,"Wisconsin, USA",0,https://www.twitter.com/litljimmi,https://pbs.twimg.com/profile_images/1640896489009414144/1MKRjZDy_normal.jpg,false,false
Jahmarlii,SurgeonOfPeak,'1347752796179877890',false,2021-01-09 05:51:32,Age: 17| Currently in the Tekken 8 lab| Your least favorite DB fan|,17136,399,1109,16248,Who cares,4134,https://www.twitter.com/SurgeonOfPeak,https://pbs.twimg.com/profile_images/1831421262746251264/4cnWyn4w_normal.jpg,false,false
Cyber Security,nani_wilson,'212659470',true,2010-11-06 19:54:07,report your phishing email and text scam here,9695,3392,175,1026,"Brent, London",13,https://www.twitter.com/nani_wilson,https://pbs.twimg.com/profile_images/1466677406161276929/TTc27yrH_normal.jpg,false,true
Matthew Mondelli,MondelliMatt,'1516185577787432965',false,2022-04-19 01:43:26,Tampa Bay Buccaneers.,1781,127,18,865,"Cape Coral, FL",268,https://www.twitter.com/MondelliMatt,https://pbs.twimg.com/profile_images/1765479216139620352/MJA5epLh_normal.jpg,false,false
mrgoodbarrrrr,Mr_Gooddickxxx,'1074907937934499840',true,2018-12-18 08:03:17,It gets deeper,84208,5599,6306,317798,"San Francisco, CA",331,https://www.twitter.com/Mr_Gooddickxxx,https://pbs.twimg.com/profile_images/1470438470208286723/WVV_T0_a_normal.jpg,false,false
