﻿name,username,userId,can_dm,created_at,bio,tweets_count,followers_count,following_count,favourites_count,location,media_count,profile_url,avatar_url,verified,blue_verified
Bottomboi red,bottomboired,'1838075562125893633',false,2024-09-23 07:39:12,,0,0,33,0,,0,https://www.twitter.com/bottomboired,https://pbs.twimg.com/profile_images/1838075772449202176/JFdaIwJd_normal.jpg,false,false
Reece J,Reece87513908,'1597601364036788224',false,2022-11-29 16:40:31,🫶🏾🌴,4,2,24,11,"Tampa, FL",1,https://www.twitter.com/Reece87513908,https://pbs.twimg.com/profile_images/1838052344635822080/z3BtrN2X_normal.jpg,false,false
99岁 纯情爷爷,zzw13791208550,'1821218578517135361',false,2024-08-07 19:15:30,,1,0,10,3,,0,https://www.twitter.com/zzw13791208550,https://pbs.twimg.com/profile_images/1821218699006898176/xjetnavf_normal.jpg,false,false
Alif Nafis,AlifNafis7890,'1838070903638458368',false,2024-09-23 07:20:54,,0,5,61,31,,0,https://www.twitter.com/AlifNafis7890,https://pbs.twimg.com/profile_images/1838071661595439104/UtKPmm81_normal.jpg,false,false
Deonte Robinson,deonte78042,'1780809124365672448',false,2024-04-18 07:02:46,,1,4,37,0,,0,https://www.twitter.com/deonte78042,https://abs.twimg.com/sticky/default_profile_images/default_profile_normal.png,false,false
马哈哈,m199589a,'1838075358622683136',false,2024-09-23 07:38:18,,0,1,9,1,,0,https://www.twitter.com/m199589a,https://pbs.twimg.com/profile_images/1838075395767414784/JVwKZMuD_normal.png,false,false
TheAlmightyCox,TheAlmightyCox5,'1838075029747339264',false,2024-09-23 07:37:01,,2,0,23,5,,0,https://www.twitter.com/TheAlmightyCox5,https://pbs.twimg.com/profile_images/1838075340662673408/Gxn-Xnh5_normal.jpg,false,false
Santi Rodriguez,Santiag74917956,'1826684699332243456',false,2024-08-22 21:16:12,,5,1,51,6,,0,https://www.twitter.com/Santiag74917956,https://pbs.twimg.com/profile_images/1826684814918840321/v0nxTUZM_normal.jpg,false,false
AljurOrdinario,Aljur_Ordi27,'1832786879647023104',false,2024-09-08 17:23:54,Je vais bien,0,0,26,122,,0,https://www.twitter.com/Aljur_Ordi27,https://pbs.twimg.com/profile_images/1832805049783001088/Csuz19oH_normal.jpg,false,false
Mike,Mike2004Gr,'1789783048872923136',false,2024-05-13 01:21:56,Be Real,0,0,37,0,Athens,0,https://www.twitter.com/Mike2004Gr,https://abs.twimg.com/sticky/default_profile_images/default_profile_normal.png,false,false
H,H538913485540,'1740061270689124352',false,2023-12-27 19:25:21,,0,8,150,0,,0,https://www.twitter.com/H538913485540,https://abs.twimg.com/sticky/default_profile_images/default_profile_normal.png,false,false
Sam Barham,Barham351127Sam,'1838069131578642433',false,2024-09-23 07:14:11,,0,1,19,0,,0,https://www.twitter.com/Barham351127Sam,https://pbs.twimg.com/profile_images/1838069801303875584/yxPoftMV_normal.jpg,false,false
BIG MAMA❤️‍🔥,kiddstoner58,'1838070127947821056',false,2024-09-23 07:17:38,,0,1,127,0,,0,https://www.twitter.com/kiddstoner58,https://pbs.twimg.com/profile_images/1838072177750339584/r-Onh_f2_normal.jpg,false,false
Darius-Stefan Comsa,StefanComs88622,'1836078999195308035',false,2024-09-17 19:26:31,,0,10,55,11,,0,https://www.twitter.com/StefanComs88622,https://pbs.twimg.com/profile_images/1836079295770349569/_P3Xn_Mx_normal.png,false,false
Armin Mekanik,ArminMekanik,'1384289411668475904',false,2021-04-20 02:35:01,"Dallas, Texas 🇮🇷",1,22,91,12,"Dallas, TX",0,https://www.twitter.com/ArminMekanik,https://pbs.twimg.com/profile_images/1838068597702164480/pOBUzoPc_normal.jpg,false,false
deng,dyx3122642669,'1838068335394881537',false,2024-09-23 07:10:36,,0,0,9,0,,0,https://www.twitter.com/dyx3122642669,https://pbs.twimg.com/profile_images/1838068507487227904/VKDJtxe5_normal.jpg,false,false
Moot Mingo,skibbididdy,'1838064613092638720',false,2024-09-23 06:55:38,,0,3,81,4,,0,https://www.twitter.com/skibbididdy,https://pbs.twimg.com/profile_images/1838064657745235968/6dR4unS6_normal.png,false,false
Theodore C. Moore,CMoore35431,'1836681061260234753',false,2024-09-19 11:17:59,,0,6,76,2,,0,https://www.twitter.com/CMoore35431,https://pbs.twimg.com/profile_images/1836681130206203905/8IP-gVs1_normal.png,false,false
Pema Gurung,PemaGurung29982,'1838065328930304000',false,2024-09-23 06:58:38,,0,1,39,0,,0,https://www.twitter.com/PemaGurung29982,https://pbs.twimg.com/profile_images/1838065413424578560/RBJl9zjg_normal.png,false,false
Jordan Shearer,Billybobvild,'1810507511033946112',false,2024-07-09 05:53:36,,0,17,228,789,,0,https://www.twitter.com/Billybobvild,https://abs.twimg.com/sticky/default_profile_images/default_profile_normal.png,false,false
邓凯萨,kai_sa49797,'1838065476427202560',true,2024-09-23 06:59:11,,0,0,17,0,,0,https://www.twitter.com/kai_sa49797,https://abs.twimg.com/sticky/default_profile_images/default_profile_normal.png,false,false
Jameal Aych,J3_EliteBalln,'1838063399147622400',false,2024-09-23 06:51:14,"5'7/Basketball player/Brookwood High School /AAU ball 🏀
IG:  @j3toshiftyy 
Email: jamealaych2@gmail.com",1,2,62,0,"Snellville, GA",1,https://www.twitter.com/J3_EliteBalln,https://pbs.twimg.com/profile_images/1838066329472933888/WuoJVA-J_normal.jpg,false,false
Gaston Salazar,GastonSal63583,'1770880555027931137',false,2024-03-21 20:30:52,,0,0,9,40,,0,https://www.twitter.com/GastonSal63583,https://pbs.twimg.com/profile_images/1770880775694479361/ee9lBgf7_normal.png,false,false
陈皓,chenhaoHoliday,'1838057091027853312',true,2024-09-23 06:25:46,,0,11,65,0,,0,https://www.twitter.com/chenhaoHoliday,https://pbs.twimg.com/profile_images/1838057188667056128/FzMTge4H_normal.jpg,false,false
hongwen chen,chwoodyyyy,'1838063066400833536',false,2024-09-23 06:49:30,,0,0,7,2,,0,https://www.twitter.com/chwoodyyyy,https://pbs.twimg.com/profile_images/1838063114173943808/AasGXdoo_normal.png,false,false
MRxFix-it,Mrxfixit6854,'1836670958679322624',true,2024-09-19 10:37:57,,0,1,56,2,,0,https://www.twitter.com/Mrxfixit6854,https://pbs.twimg.com/profile_images/1836672976718303232/yYOPaqjX_normal.jpg,false,false
Shano ⭐️⭐️,FCIMShano,'1810184337494814720',false,2024-07-08 08:30:07,"@Inter ⬛️🟦 | #Quakes74 #FTTB, #DubNation",3220,136,284,23494,🇺🇸,285,https://www.twitter.com/FCIMShano,https://pbs.twimg.com/profile_images/1827211454812233728/3WnMeM1G_normal.jpg,false,false
唐旭林,tngxln523464,'1838060224759873536',false,2024-09-23 06:38:10,,0,0,23,0,,0,https://www.twitter.com/tngxln523464,https://pbs.twimg.com/profile_images/1838060303692558336/QnT8M0oK_normal.jpg,false,false
Edwin Talabon,jeeboy_talabon,'1838061832399101952',false,2024-09-23 06:44:55,,1,1,104,16,,0,https://www.twitter.com/jeeboy_talabon,https://pbs.twimg.com/profile_images/1838069775429459968/Yv_kKzfK_normal.jpg,false,false
Ali Abdou,Alizench00,'1838060492457463808',false,2024-09-23 06:40:53,,0,0,7,1,,0,https://www.twitter.com/Alizench00,https://pbs.twimg.com/profile_images/1838060948210532353/R4jAlUQo_normal.png,false,false
帆,zqh3I2OzOO43209,'1834662225212248064',true,2024-09-13 21:35:47,あの日見た花の名前を僕達はまだ知らない,0,2,21,3,美国 洛杉矶,0,https://www.twitter.com/zqh3I2OzOO43209,https://pbs.twimg.com/profile_images/1838061338763100160/6FI49I9a_normal.jpg,false,false
Jay,JayFull_616,'1838060687853035520',false,2024-09-23 06:40:11,,0,1,20,4,,0,https://www.twitter.com/JayFull_616,https://pbs.twimg.com/profile_images/1838061102929960960/w7Ti2ml8_normal.jpg,false,false
chimp,chimp_211,'1838058996357574656',false,2024-09-23 06:33:28,,0,6,121,1,,0,https://www.twitter.com/chimp_211,https://pbs.twimg.com/profile_images/1838059303531368448/ZvZgDYjw_normal.jpg,false,false
S G,Galaxyjack__,'1837584066117619712',false,2024-09-21 23:06:18,,1,0,8,1,,0,https://www.twitter.com/Galaxyjack__,https://abs.twimg.com/sticky/default_profile_images/default_profile_normal.png,false,false
nick yang,NickYyyyPppp,'1837860560857133056',false,2024-09-22 17:24:52,,0,0,4,0,,0,https://www.twitter.com/NickYyyyPppp,https://pbs.twimg.com/profile_images/1838408483844026368/Edy5HSQU_normal.jpg,false,false
Keira Coker,CoK36587,'1838059952994189313',false,2024-09-23 06:37:09,,0,0,12,0,,0,https://www.twitter.com/CoK36587,https://pbs.twimg.com/profile_images/1838060118363017216/CNDLOyoJ_normal.jpg,false,false
curry h,curryh116124,'1721439554912329728',false,2023-11-06 10:11:23,,11,38,45,2,,6,https://www.twitter.com/curryh116124,https://pbs.twimg.com/profile_images/1721440128558903296/lMPdh_Xz_normal.png,false,false
Jan Andrei,itsurboy_andrei,'1838057816558546944',false,2024-09-23 06:28:43,,0,1,10,0,,0,https://www.twitter.com/itsurboy_andrei,https://pbs.twimg.com/profile_images/1838058032405827584/pJF0Mpq9_normal.jpg,false,false
stermres,srmsrte,'1838057927892217856',false,2024-09-23 06:29:12,,0,0,20,0,,0,https://www.twitter.com/srmsrte,https://pbs.twimg.com/profile_images/1838058006032130048/x9znznoF_normal.png,false,false
Jazzmatazz,JuicyJZA,'1838056692191469568',false,2024-09-23 06:24:18,,0,0,5,0,,0,https://www.twitter.com/JuicyJZA,https://pbs.twimg.com/profile_images/1838057325057150977/gAoWTUSG_normal.jpg,false,false
c,23ULZCim2l77980,'1837153560322306048',true,2024-09-20 18:35:38,,2,6,51,6,,0,https://www.twitter.com/23ULZCim2l77980,https://pbs.twimg.com/profile_images/1837176760053727232/iXQjRL7w_normal.jpg,false,false
Musheemah,Musheemah123503,'1838055247031267328',false,2024-09-23 06:18:27,,0,1,153,0,,0,https://www.twitter.com/Musheemah123503,https://pbs.twimg.com/profile_images/1838055394301603840/qUh8eBbX_normal.jpg,false,false
Dee Double U,wis67160,'1838053106015481856',false,2024-09-23 06:09:58,,0,0,13,0,,0,https://www.twitter.com/wis67160,https://pbs.twimg.com/profile_images/1838058360404615168/iyyRz_Bq_normal.jpg,false,false
jason fang,jasonfang181192,'1831575205938130945',false,2024-09-05 09:09:13,,0,0,9,1,,0,https://www.twitter.com/jasonfang181192,https://abs.twimg.com/sticky/default_profile_images/default_profile_normal.png,false,false
Jivan Nangia,JivanN2009,'1828221254660431872',false,2024-08-27 03:01:42,,0,0,14,0,,0,https://www.twitter.com/JivanN2009,https://pbs.twimg.com/profile_images/1828221316127956993/nffYPs6U_normal.png,false,false
kian ocrisma,KOcrisma17_3x,'1838054837654876160',false,2024-09-23 06:16:49,,0,0,18,0,,0,https://www.twitter.com/KOcrisma17_3x,https://pbs.twimg.com/profile_images/1838054890712752128/wv4BiHNR_normal.png,false,false
Chris Abrigo,abrigo_chris,'1598064669721329680',true,2022-11-30 23:21:49,,60,1629,3650,1163,,1,https://www.twitter.com/abrigo_chris,https://pbs.twimg.com/profile_images/1827143122478100481/sXqb04zf_normal.jpg,false,true
Jason,Jasonhu1013,'1838048162235494400',false,2024-09-23 05:50:56,Real,2,1,151,1,,0,https://www.twitter.com/Jasonhu1013,https://pbs.twimg.com/profile_images/1838243479291580417/N9_FtlKy_normal.jpg,false,false
Miguel do Santos🇦🇴🇧🇷🌴,malanjinho47,'1748802837839069184',false,2024-01-20 22:21:20,Nacionalista Angolano 1956-1975 MPLA🇦🇴🇦🇴🇦🇴🇦🇴🇦🇴✝️,5490,80,84,7785,Luanda Angola,254,https://www.twitter.com/malanjinho47,https://pbs.twimg.com/profile_images/1826759021291851776/6Hg76S1n_normal.jpg,false,false
Sam Draves,SamDraves,'1838038942513541120',false,2024-09-23 05:13:32,"Ballard 2028
WBA 16U Teal",0,0,17,0,Seattle,0,https://www.twitter.com/SamDraves,https://pbs.twimg.com/profile_images/1838052480514686976/Xn6CfmaR_normal.jpg,false,false
Antonella,Antone11aE,'1838052659682742272',false,2024-09-23 06:08:11,"Enérgica y apasionada, entregada a todo lo que hago⭐⭐",4,1,34,11,,1,https://www.twitter.com/Antone11aE,https://pbs.twimg.com/profile_images/1838052974494404608/40Gam1IR_normal.jpg,false,false
Reymart Paragas,ReymartP24,'1837797126665129984',false,2024-09-22 13:12:46,,0,0,35,3,,0,https://www.twitter.com/ReymartP24,https://pbs.twimg.com/profile_images/1837797564059734019/5pd0UpBD_normal.jpg,false,false
Fernando cantu,cantu_fern0420,'1834402605025402880',false,2024-09-13 04:24:10,,10,0,70,1,,0,https://www.twitter.com/cantu_fern0420,https://abs.twimg.com/sticky/default_profile_images/default_profile_normal.png,false,false
Redddy4Whatever 🤪,Redddy4Whatever,'1836888504451919872',false,2024-09-20 01:02:21,"Bipolar, unfiltered. Join the chaos as I see it 🤪",7,5,102,11,United States,1,https://www.twitter.com/Redddy4Whatever,https://pbs.twimg.com/profile_images/1836891055255384064/kO8usTZc_normal.jpg,false,false
김현수,manus080383,'1813363153457336320',false,2024-07-17 03:01:11,,0,0,25,8,,0,https://www.twitter.com/manus080383,https://pbs.twimg.com/profile_images/1813363283296239616/hUzQqA6B_normal.jpg,false,false
Xx_ProReaps_xX,ObamaJermerthan,'1632284213859979264',false,2023-03-05 09:37:46,"My favourite character is the reaper guy. he is very powerful. special move, honestly is one of the best in the game",187,103,97,164,.,3,https://www.twitter.com/ObamaJermerthan,https://pbs.twimg.com/profile_images/1634306801096355841/0H3M1JtS_normal.jpg,false,false
dante xu,projectdelite3x,'1838048825988026368',false,2024-09-23 05:53:07,,1,0,14,1,,0,https://www.twitter.com/projectdelite3x,https://pbs.twimg.com/profile_images/1838048924277657600/wD8RJWmM_normal.png,false,false
Li ShouQiang,LShouqiang33728,'1838045689986666496',false,2024-09-23 05:40:48,,0,2,49,2,,0,https://www.twitter.com/LShouqiang33728,https://abs.twimg.com/sticky/default_profile_images/default_profile_normal.png,false,false
Godisreal,Godisreal1234,'1152319093493682176',false,2019-07-19 23:47:35,,0,1,31,18,,0,https://www.twitter.com/Godisreal1234,https://abs.twimg.com/sticky/default_profile_images/default_profile_normal.png,false,false
ccooddyy12913,huangyikaiii,'1453698585699049477',false,2021-10-28 15:22:26,我好帥,0,8,108,0,,0,https://www.twitter.com/huangyikaiii,https://pbs.twimg.com/profile_images/1506637666879963149/0x9X57_s_normal.jpg,false,false
Ally,Allly934,'1837997048035201024',false,2024-09-23 02:27:11,,0,3,28,0,,0,https://www.twitter.com/Allly934,https://abs.twimg.com/sticky/default_profile_images/default_profile_normal.png,false,false
TAKSIM,TAKSIM1947180,'1838040257025232896',false,2024-09-23 05:19:07,,0,0,3,0,,0,https://www.twitter.com/TAKSIM1947180,https://pbs.twimg.com/profile_images/1838041013795131392/oMagI4p8_normal.jpg,false,false
upkooguguimarrlj,upkoogugui9237,'1838048370847518720',false,2024-09-23 05:50:56,,0,0,67,0,,0,https://www.twitter.com/upkoogugui9237,https://abs.twimg.com/sticky/default_profile_images/default_profile_normal.png,false,false
Erikaaa,erika_bandalaa,'1838045764196716544',false,2024-09-23 05:40:59,,0,0,6,0,,0,https://www.twitter.com/erika_bandalaa,https://pbs.twimg.com/profile_images/1838047603419717632/_4L9pS0D_normal.jpg,false,false
Kohnore,Kohnore,'1838033422096486401',false,2024-09-23 04:51:47,,0,1,12,0,,0,https://www.twitter.com/Kohnore,https://pbs.twimg.com/profile_images/1838034941143343104/qAs-yWjE_normal.jpg,false,false
Chabelon Escobedo,ChabelonE10,'1838046742039691264',false,2024-09-23 05:44:39,,0,0,4,0,,0,https://www.twitter.com/ChabelonE10,https://pbs.twimg.com/profile_images/1838046872813928448/4w8SQs7B_normal.jpg,false,false
Shellie Shell,Boujeenbeautifl,'1838033570193141760',false,2024-09-23 04:52:34,,0,0,38,0,,0,https://www.twitter.com/Boujeenbeautifl,https://pbs.twimg.com/profile_images/1838033810430238720/ZR1Utef0_normal.jpg,false,false
_Chen831,PF15_,'1838043736745689088',false,2024-09-23 05:32:40,,0,0,28,9,,0,https://www.twitter.com/PF15_,https://pbs.twimg.com/profile_images/1838044024718147584/IW_HKdqm_normal.jpg,false,false
Mason Marciniak,Mason_Mar0,'1838046580613722112',false,2024-09-23 05:44:03,,1,1,31,14,,0,https://www.twitter.com/Mason_Mar0,https://pbs.twimg.com/profile_images/1838046642643337216/f4aSdZhu_normal.png,false,false
Ashton,poni0880,'1838033207033212928',false,2024-09-23 04:51:51,,0,0,7,0,,0,https://www.twitter.com/poni0880,https://pbs.twimg.com/profile_images/1838033506678505472/Cez_DM_e_normal.png,false,false
Chris Hopkins,ChrisHopki88937,'1807664656686735360',false,2024-07-01 09:37:24,,0,17,82,0,,0,https://www.twitter.com/ChrisHopki88937,https://abs.twimg.com/sticky/default_profile_images/default_profile_normal.png,false,false
Ramon,Ramon1495379,'1838035891941748736',false,2024-09-23 05:01:54,"ジム通いが大好き
良い雰囲気が大好き
お互いを尊重することが一番の薬",1,15,216,1,Japan,0,https://www.twitter.com/Ramon1495379,https://pbs.twimg.com/profile_images/1838042801784893440/ndn8i_0M_normal.jpg,false,false
夨祛,lovinhous,'1837487126679900160',false,2024-09-21 16:40:54,,0,1,6,0,,0,https://www.twitter.com/lovinhous,https://abs.twimg.com/sticky/default_profile_images/default_profile_normal.png,false,false
Cade,yeahhoe2002,'1838041669830148096',false,2024-09-23 05:24:45,,0,1,39,1,,0,https://www.twitter.com/yeahhoe2002,https://pbs.twimg.com/profile_images/1838041955244163072/VQ0ynkpc_normal.jpg,false,false
hadi,hadi1589345,'1838019881310023681',false,2024-09-23 03:58:32,,0,0,7,1,,0,https://www.twitter.com/hadi1589345,https://abs.twimg.com/sticky/default_profile_images/default_profile_normal.png,false,false
Calix Casinto,CalixCasin31,'1838043821063749632',false,2024-09-23 05:33:08,,6,0,6,3,,0,https://www.twitter.com/CalixCasin31,https://pbs.twimg.com/profile_images/1838045124372373504/M49r_UDr_normal.jpg,false,false
jei,jei404747689205,'1838044025523191808',false,2024-09-23 05:33:57,,0,0,14,0,,0,https://www.twitter.com/jei404747689205,https://abs.twimg.com/sticky/default_profile_images/default_profile_normal.png,false,false
BBCOwnedMG,BbcOwnedMG,'1838043697071665152',true,2024-09-23 05:32:28,21 F PROUD SNOW BUNNY WHO LOVES BBC ( and all cocks too ),25,7,123,167,,2,https://www.twitter.com/BbcOwnedMG,https://pbs.twimg.com/profile_images/1838043802801668096/cmnJCPmo_normal.jpg,false,false
mir jams,jams_mir50853,'1838041756505604096',false,2024-09-23 05:25:01,,0,0,8,0,,0,https://www.twitter.com/jams_mir50853,https://pbs.twimg.com/profile_images/1838041852249030656/pRRTvx_W_normal.png,false,false
パーカーjr,Mr_jr0001,'1838030375064670208',true,2024-09-23 04:39:40,17,0,3,15,3,,0,https://www.twitter.com/Mr_jr0001,https://pbs.twimg.com/profile_images/1838030774622380032/D2gcPG3t_normal.jpg,false,false
Already_JimmyOnE,JimmyOne38,'1832857314728009729',false,2024-09-08 22:03:47,,5,22,34,33,,0,https://www.twitter.com/JimmyOne38,https://pbs.twimg.com/profile_images/1834982334191267840/gaA8rWQj_normal.jpg,false,false
Isiah,isiahziz,'1838033211823464448',false,2024-09-23 04:50:51,,0,7,134,5,,0,https://www.twitter.com/isiahziz,https://pbs.twimg.com/profile_images/1838043891448049664/aON5EhbV_normal.jpg,false,false
Amare’ Jackson,d1maree_,'1518224492115468288',false,2022-04-24 16:45:13,Student athlete JET ACADEMY Aau C/O 2027,0,13,8,0,"Atlanta, GA",0,https://www.twitter.com/d1maree_,https://pbs.twimg.com/profile_images/1668347364111704080/09VKrWvF_normal.jpg,false,false
iheartbasketball,shimmyhendrix3x,'1838041603639787521',true,2024-09-23 05:24:17,,0,0,23,1,,0,https://www.twitter.com/shimmyhendrix3x,https://pbs.twimg.com/profile_images/1838041673303269376/kNTEWBTS_normal.png,false,false
Barbara Compton Burdick,BurdickBarbara,'1411503122',false,2013-05-08 02:25:30,"Mom, Gma, retired exec asst, married.  Alabama native. ❤ family, Bama football, Warriors basketball, family history and hugs...Roll Tide!",60,0,121,7093,Utah,1,https://www.twitter.com/BurdickBarbara,https://pbs.twimg.com/profile_images/1636223255035146240/1PwIdbbD_normal.jpg,false,false
jhgff,JIM527262937365,'1800946551931666432',false,2024-06-12 20:41:46,,0,0,189,64,,0,https://www.twitter.com/JIM527262937365,https://pbs.twimg.com/profile_images/1800947780585914370/2DiNo7GV_normal.jpg,false,false
莫竣豪,mjnho1934463,'1838034079180050432',false,2024-09-23 04:54:32,,0,0,2,2,,0,https://www.twitter.com/mjnho1934463,https://pbs.twimg.com/profile_images/1838034183509135360/E7KkYZKZ_normal.png,false,false
nixx2024,nixx2024xx,'1837810497581993986',false,2024-09-22 14:05:52,,0,2,34,1,,0,https://www.twitter.com/nixx2024xx,https://pbs.twimg.com/profile_images/1837811266767015936/cupgbS15_normal.jpg,false,false
Fabian Rivera,FabianR13554895,'1483092483345203204',false,2022-01-17 17:03:06,,5,1,37,10,,0,https://www.twitter.com/FabianR13554895,https://abs.twimg.com/sticky/default_profile_images/default_profile_normal.png,false,false
Jay,Jay_Boog_11,'1707827535436713984',false,2023-09-29 21:40:08,,2792,251,150,715,,77,https://www.twitter.com/Jay_Boog_11,https://pbs.twimg.com/profile_images/1798385462203052032/tg4dtNDb_normal.jpg,false,false
Rico_very,VeryRico42927,'1838031743393333248',false,2024-09-23 04:45:03,,0,0,29,0,,0,https://www.twitter.com/VeryRico42927,https://pbs.twimg.com/profile_images/1838031943964753920/RSXlim6j_normal.jpg,false,false
Dylnso,dylnso,'1838038371840454656',false,2024-09-23 05:11:23,"Co’28|5,8|Two Way Gaurd",0,3,165,0,"Edmonton, Alberta",0,https://www.twitter.com/dylnso,https://pbs.twimg.com/profile_images/1838038684408643584/aaZFfamH_normal.jpg,false,false
Raqz,uglyxmasgifts,'1838037932311015424',false,2024-09-23 05:09:38,,0,1,17,1,,0,https://www.twitter.com/uglyxmasgifts,https://pbs.twimg.com/profile_images/1838037984244805632/8PsWSsFY_normal.png,false,false
Gomoro_00,Gomoro_00,'1685055838975664129',false,2023-07-29 01:33:22,Intentando ser streamer,0,3,53,0,,0,https://www.twitter.com/Gomoro_00,https://pbs.twimg.com/profile_images/1777479531248353280/HVqPf609_normal.jpg,false,false
Tyler Smith,scapgha,'1747474354856775680',true,2024-01-17 06:22:17,,3,48,26,7,,1,https://www.twitter.com/scapgha,https://abs.twimg.com/sticky/default_profile_images/default_profile_normal.png,false,false
Theo Hyre,D1_Theodore,'1837343119622164481',false,2024-09-21 07:08:53,,0,0,30,0,,0,https://www.twitter.com/D1_Theodore,https://pbs.twimg.com/profile_images/1837343749266939904/kWSLE1eV_normal.jpg,false,false
Angel rafeal Sack,RafealSack,'1464210124529143808',false,2021-11-26 14:31:44,Football,72,210,2121,22774,,37,https://www.twitter.com/RafealSack,https://pbs.twimg.com/profile_images/1830213933556191232/tL4TJ-2o_normal.jpg,false,false
..,EL_JUDINI,'1576642959986114560',false,2022-10-02 21:39:30,,0,12,10,0,,0,https://www.twitter.com/EL_JUDINI,https://pbs.twimg.com/profile_images/1838033866184957953/iyK0QYh-_normal.jpg,false,false
rzctmtbhzqokhfbs,rzctmtbhzq33880,'1838037255400873985',false,2024-09-23 05:06:46,,0,0,63,0,,0,https://www.twitter.com/rzctmtbhzq33880,https://abs.twimg.com/sticky/default_profile_images/default_profile_normal.png,false,false
Jace,J4C3McL34N,'1837983858874277888',true,2024-09-23 01:35:07,looking for fellow bobcat miners,11,3,87,24,"New South Wales, Australia",0,https://www.twitter.com/J4C3McL34N,https://pbs.twimg.com/profile_images/1837984147572404224/WkXOzuuZ_normal.jpg,false,false
Jaxon Nagy,jnagy2424,'1829036636757471232',false,2024-08-29 09:02:02,,0,1,10,0,,0,https://www.twitter.com/jnagy2424,https://abs.twimg.com/sticky/default_profile_images/default_profile_normal.png,false,false
Rodrigo Soria,Rodrigo45310833,'1490306901271363588',false,2022-02-06 14:50:58,Los deportes,8,122,274,54,,0,https://www.twitter.com/Rodrigo45310833,https://pbs.twimg.com/profile_images/1623589065214898181/z7qTNmV4_normal.jpg,false,false
moina wa merespe,MMerespe,'1788999937838940160',false,2024-05-10 21:30:27,,0,3,102,9,,0,https://www.twitter.com/MMerespe,https://pbs.twimg.com/profile_images/1789000062355349504/YDSD0bI-_normal.jpg,false,false
Ruben Alvarado,RubenAlvar35472,'1836256921528967168',false,2024-09-18 07:13:10,,0,4,53,26,,0,https://www.twitter.com/RubenAlvar35472,https://pbs.twimg.com/profile_images/1836257133295181825/o3uIERpv_normal.jpg,false,false
Sparry update,AAmissiba83708,'1763225467304235008',true,2024-02-29 17:31:53,,7,0,44,21,,5,https://www.twitter.com/AAmissiba83708,https://pbs.twimg.com/profile_images/1763225585348653056/scHJz7XC_normal.png,false,false
lalo,lalo26235909,'1142995501467484165',false,2019-06-24 06:18:58,,0,0,5,0,,0,https://www.twitter.com/lalo26235909,https://pbs.twimg.com/profile_images/1838034097782099968/bg-JO5O3_normal.jpg,false,false
s zh,szh1271871,'1790609473117224961',false,2024-05-15 08:05:51,,0,3,11,40,,0,https://www.twitter.com/szh1271871,https://abs.twimg.com/sticky/default_profile_images/default_profile_normal.png,false,false
Cassie Hatfield,cassandralynn80,'1161221034',true,2013-02-08 23:12:17,,1483,129,172,1040,,29,https://www.twitter.com/cassandralynn80,https://pbs.twimg.com/profile_images/1779978428017766400/jv-WaxdG_normal.jpg,false,false
Derric Dai,derric1109,'1665326022282334209',false,2023-06-04 14:54:12,,1,0,6,2,LA,1,https://www.twitter.com/derric1109,https://pbs.twimg.com/profile_images/1665326668280647681/q3kEIfHc_normal.jpg,false,false
Shaun💫,Shauntooreal,'1723348175447031810',false,2023-11-11 16:35:12,,70,265,736,4176,,10,https://www.twitter.com/Shauntooreal,https://pbs.twimg.com/profile_images/1826055253231300608/0MUsizId_normal.jpg,false,false
Graham Azumah,JustGrahammm,'1838026421718974464',false,2024-09-23 04:24:07,,0,2,65,2,,0,https://www.twitter.com/JustGrahammm,https://pbs.twimg.com/profile_images/1838026689307099136/UWEdiSYM_normal.jpg,false,false
AfterBurner,AfterBu55882915,'1518043603825676288',false,2022-04-24 04:46:28,,0,6,7,43,,0,https://www.twitter.com/AfterBu55882915,https://pbs.twimg.com/profile_images/1518043666656288769/-wRYCuU6_normal.jpg,false,false
Deven Mistry,TheMistryperson,'1838024773810692096',false,2024-09-23 04:17:25,,0,0,22,0,,0,https://www.twitter.com/TheMistryperson,https://pbs.twimg.com/profile_images/1838024841242275841/HGa421RJ_normal.png,false,false
鍾凱文,Kevindogshit,'1766738857993842688',false,2024-03-10 10:12:37,,0,0,6,0,,0,https://www.twitter.com/Kevindogshit,https://abs.twimg.com/sticky/default_profile_images/default_profile_normal.png,false,false
YASiZER,SirYasid89536,'1838030662949101568',false,2024-09-23 04:41:36,,0,0,95,0,,0,https://www.twitter.com/SirYasid89536,https://pbs.twimg.com/profile_images/1838030929891393536/T6-EXK8Y_normal.jpg,false,false
shintaro Hanaoka,SHanaoka48053,'1838031244875214848',true,2024-09-23 04:43:16,,0,0,26,0,,0,https://www.twitter.com/SHanaoka48053,https://pbs.twimg.com/profile_images/1838032831928475648/ceKbNoEK_normal.jpg,false,false
Stephane Corantin,StephaneCo67942,'1838030898211569664',false,2024-09-23 04:42:09,,0,1,32,0,,0,https://www.twitter.com/StephaneCo67942,https://pbs.twimg.com/profile_images/1838031065392238592/PjHkVBtM_normal.png,false,false
gabriel meneses,gabriel70977597,'1838029919118594048',false,2024-09-23 04:38:49,,0,0,12,0,,0,https://www.twitter.com/gabriel70977597,https://pbs.twimg.com/profile_images/1838030227999748096/v1vfyy7R_normal.png,false,false
Bradley Uppercrust III,livingnthe90s,'19051440',true,2009-01-16 04:42:37,Hydroplaning through God’s rain. Grandma 👼🏾💜,373314,2145,1490,147557,"PG County, Maryland.",7363,https://www.twitter.com/livingnthe90s,https://pbs.twimg.com/profile_images/1810410976455360512/KO-eiJ6-_normal.jpg,false,false
Salmi Ruixiang,SRuixiang38074,'1837559859015045123',false,2024-09-21 21:30:03,man,0,0,31,0,,0,https://www.twitter.com/SRuixiang38074,https://pbs.twimg.com/profile_images/1837909995608068100/vMS7BOLv_normal.jpg,false,false
SAINT.JC,saint_jc34262,'1838029732610445312',false,2024-09-23 04:37:03,,0,0,20,0,,0,https://www.twitter.com/saint_jc34262,https://abs.twimg.com/sticky/default_profile_images/default_profile_normal.png,false,false
Mandoo,yfmandoo,'1838027934197854208',false,2024-09-23 04:30:21,,0,0,17,1,,0,https://www.twitter.com/yfmandoo,https://pbs.twimg.com/profile_images/1838028318635171840/lqnlL47J_normal.jpg,false,false
Colin,ColinLazar,'1385782311183081474',false,2021-04-24 05:27:18,All blues aren’t we? 🇺🇸 🇪🇨 🇨🇦,681,132,320,2329,,138,https://www.twitter.com/ColinLazar,https://pbs.twimg.com/profile_images/1807115854267514880/5m8oEUBU_normal.jpg,false,false
Mohamed Gningue,MohamedGningue9,'1838010774611976193',false,2024-09-23 03:21:44,,0,0,55,1,,0,https://www.twitter.com/MohamedGningue9,https://pbs.twimg.com/profile_images/1838010826504192000/45PbK5Lu_normal.png,false,false
三金,soe839w,'1836268942383550464',false,2024-09-18 08:00:17,,0,0,2,0,,0,https://www.twitter.com/soe839w,https://pbs.twimg.com/profile_images/1836269125368451077/aXLgjGjd_normal.jpg,false,false
zeting da,DaZeting14235,'1838027745416364032',false,2024-09-23 04:29:10,,0,2,73,0,,0,https://www.twitter.com/DaZeting14235,https://pbs.twimg.com/profile_images/1838027841428164608/FBhAL7jm_normal.jpg,false,false
Karl Watson Jr,thekjdadon,'1812567625849028608',false,2024-07-14 22:19:40,God | Family | Fitness,28,175,260,315,,5,https://www.twitter.com/thekjdadon,https://pbs.twimg.com/profile_images/1812567734481211392/0GS7T9zg_normal.jpg,false,false
Roxy,Roxyyy002,'1837772954115231745',false,2024-09-22 11:36:46,,0,1,33,0,,0,https://www.twitter.com/Roxyyy002,https://pbs.twimg.com/profile_images/1837864066800562176/9kHhkTph_normal.jpg,false,false
Jerby James Tacay,TacayJames,'1838025551673737216',false,2024-09-23 04:20:32,,0,0,11,0,,0,https://www.twitter.com/TacayJames,https://pbs.twimg.com/profile_images/1838025697924882432/rlUU3plj_normal.jpg,false,false
Mook,DaWrightfulHeir,'1832107211398713344',false,2024-09-06 20:23:26,,12,38,137,5,,2,https://www.twitter.com/DaWrightfulHeir,https://pbs.twimg.com/profile_images/1832107717185409024/oJTAmV_g_normal.jpg,false,false
floo,Fko19190,'1782922994760691712',false,2024-04-24 03:02:43,,0,77,168,1,,0,https://www.twitter.com/Fko19190,https://pbs.twimg.com/profile_images/1782923215423086592/nhpdARDw_normal.jpg,false,false
jp crawford gold glove enjoyer,jpcrawfordd,'1371539704647061506',true,2021-03-15 21:12:09,Mariners jp crawford enthusiast Ty france enjoyer geno good vibes only #SeaUsRise #BreatheFire #Gohawks #DawgsUpHuskies,2203,268,999,2426,"Seattle, WA",118,https://www.twitter.com/jpcrawfordd,https://pbs.twimg.com/profile_images/1795688642771595264/Ty5YFMdC_normal.jpg,false,false
.,xBando6,'1833720589606916096',false,2024-09-11 07:14:04,,1,4,15,9,,0,https://www.twitter.com/xBando6,https://pbs.twimg.com/profile_images/1833720643054952448/dOUFhvVl_normal.png,false,false
ICE🎨,agba_paul57284,'1715880499992821760',false,2023-10-22 02:59:52,"Creative//Skater🛹//Paulagba01@gmail.com  📩
The Lord is my shepherd ✝",737,223,462,2931,Somewhr under d blue sky 🇳🇬,19,https://www.twitter.com/agba_paul57284,https://pbs.twimg.com/profile_images/1830779636109783040/knWqloLY_normal.jpg,false,false
John Hemphill,john__hemphill,'1838023287416512512',false,2024-09-23 04:11:49,,0,0,9,0,,0,https://www.twitter.com/john__hemphill,https://pbs.twimg.com/profile_images/1838023842046017536/OO3Jcf2G_normal.jpg,false,false
Swipe,Silent_officaI,'1790146587647254528',false,2024-05-14 01:27:54,,31,170,86,93,,2,https://www.twitter.com/Silent_officaI,https://pbs.twimg.com/profile_images/1813266725598613504/yuYWjnVo_normal.jpg,false,false
Mohmed osman Abusamra,abusamra_oz,'1838022240907968513',false,2024-09-23 04:07:32,,0,0,13,0,,0,https://www.twitter.com/abusamra_oz,https://pbs.twimg.com/profile_images/1838022353697017856/uyQp4MMq_normal.png,false,false
Im Him,ImHim780660,'1838022414275588096',false,2024-09-23 04:08:03,,0,0,26,1,,0,https://www.twitter.com/ImHim780660,https://pbs.twimg.com/profile_images/1838022484819603456/25hfS9-f_normal.png,false,false
Billy,Billy8976311075,'1825525412094705664',false,2024-08-19 16:29:53,,0,0,28,0,,0,https://www.twitter.com/Billy8976311075,https://pbs.twimg.com/profile_images/1833892092139151360/YD4ZOsht_normal.jpg,false,false
Ladonia Warner,SexxiiVirgo52,'1836148539220426752',true,2024-09-18 00:02:23,,1,12,438,0,"Baltimore, MD",0,https://www.twitter.com/SexxiiVirgo52,https://pbs.twimg.com/profile_images/1836154450961891328/VdWD57dP_normal.jpg,false,false
TZU-Yun Chang,TZUYunChan9526,'1838020595734495232',false,2024-09-23 04:00:53,,0,1,46,0,,0,https://www.twitter.com/TZUYunChan9526,https://pbs.twimg.com/profile_images/1838020902329683968/5_CD_5Pk_normal.jpg,false,false
Rafa,rafa__rko,'1785008349437702144',false,2024-04-29 21:09:04,"Porto💙🐉
Real Madrid🤍
Man City🩵
Corinthians🤍
Celtics☘️ JT😍 LBJ👑
Neymar😝
Messi🐐
Mbappé🐢
Vini.jr😍
Bellingham🫲🏼😁🫱🏽
Rodrygo😍
Endrick(bobby charthon)",14,5,162,9,,0,https://www.twitter.com/rafa__rko,https://pbs.twimg.com/profile_images/1838019302013751296/0zN69mud_normal.jpg,false,false
BCFSports,RealBCFSports,'1838020094938775552',false,2024-09-23 03:58:39,"Covering the NBA, NFL, NHL, MLB, MLS, NCAAF, NCAAB and UFC.",4,4,200,122,,0,https://www.twitter.com/RealBCFSports,https://pbs.twimg.com/profile_images/1838020233090433024/u85WZxS6_normal.jpg,false,false
CandiB,Candibaby7788,'1838017354535690241',true,2024-09-23 03:48:19,hi I'm a laid back  woman. I enjoy meeting new people and going on adventures with friends & family. I love the ⛱️ and the mountains.,1,8,391,0,"North Carolina, USA",1,https://www.twitter.com/Candibaby7788,https://pbs.twimg.com/profile_images/1838034354053828609/ym128GcY_normal.jpg,false,false
Michael Isaako,Giga_Activities,'1838020841067712512',false,2024-09-23 04:02:00,,0,0,3,0,,0,https://www.twitter.com/Giga_Activities,https://pbs.twimg.com/profile_images/1838020962748657664/frlmIzp2_normal.png,false,false
Rdz,Roundzz_,'1781737975975497728',false,2024-04-20 20:34:08,Hoops. I really like to get my takes off//  About to be very active on YT so look out.,100,6,60,38,,1,https://www.twitter.com/Roundzz_,https://pbs.twimg.com/profile_images/1833467025626193920/SjEU5LPv_normal.jpg,false,false
Samuel Salapeh,dukecommit23,'1834661709287464960',false,2024-09-13 21:34:19,,1,5,10,0,,1,https://www.twitter.com/dukecommit23,https://pbs.twimg.com/profile_images/1834661905132130304/HgeEmvk-_normal.png,false,false
Yaniris Sánchez,YanirisSnc43734,'1838018401094225920',true,2024-09-23 03:53:37,,0,2,47,0,,0,https://www.twitter.com/YanirisSnc43734,https://pbs.twimg.com/profile_images/1838018853093433344/mxnNzr07_normal.png,false,false
Temi To pe,pe_temi,'1169045879673802754',false,2019-09-04 03:34:16,👽👽,123,104,185,1536,,54,https://www.twitter.com/pe_temi,https://pbs.twimg.com/profile_images/1225567949601345539/YakEhWyj_normal.jpg,false,false
Danny Thegoat,ThegoatDann,'1837955991565910016',false,2024-09-22 23:44:17,,0,3,31,0,,0,https://www.twitter.com/ThegoatDann,https://pbs.twimg.com/profile_images/1837956103684214784/cMjCx2ly_normal.png,false,false
修修13,9HtonlSqn874001,'1836623742707044352',false,2024-09-19 07:30:09,,7,1,15,99,,0,https://www.twitter.com/9HtonlSqn874001,https://pbs.twimg.com/profile_images/1836623945329709058/6T8e-HkO_normal.jpg,false,false
🐉,HarlemSteve1001,'1751760692472860672',false,2024-01-29 02:14:36,Twitter not X,23,7,35,26,,2,https://www.twitter.com/HarlemSteve1001,https://pbs.twimg.com/profile_images/1808420045007032321/X2fipMNj_normal.jpg,false,false
Xmen,Xmen1128785,'1838017449226362880',false,2024-09-23 03:49:03,,0,1,14,16,,0,https://www.twitter.com/Xmen1128785,https://abs.twimg.com/sticky/default_profile_images/default_profile_normal.png,false,false
taroh…,sm_gzh,'1472310568673771520',false,2021-12-18 23:00:52,世の中の流れに疎くなってしまった。 今、何が起きてるのか知らないとね。 勉強させてもらってます。 たいしたポストはしないのでフォローとかはとくに必要ありません。無言フォローお許しください。 何かの勧誘目的のDMお断り。ブリタニースパニエル飼いたい。,397,142,252,1101,東京 世田谷区,5,https://www.twitter.com/sm_gzh,https://pbs.twimg.com/profile_images/1829162875589668866/JjoOz61I_normal.jpg,false,false
j,jiang27979,'1651151440315060224',true,2023-04-26 12:09:40,,1,3,12,1,,0,https://www.twitter.com/jiang27979,https://pbs.twimg.com/profile_images/1838017591866191872/64Nh5jLI_normal.jpg,false,false
Natan De la cruz,nate__0116,'1838013916963819520',false,2024-09-23 03:34:28,,0,0,16,0,,0,https://www.twitter.com/nate__0116,https://abs.twimg.com/sticky/default_profile_images/default_profile_normal.png,false,false
Iam Toolazy,toolazy26542,'1838014407277686784',false,2024-09-23 03:36:14,,0,0,12,0,,0,https://www.twitter.com/toolazy26542,https://pbs.twimg.com/profile_images/1838014477565935616/YDqow2bl_normal.png,false,false
Ken,leyiken,'1661358299936182277',false,2023-05-24 16:07:48,,0,20,29,0,,0,https://www.twitter.com/leyiken,https://pbs.twimg.com/profile_images/1813035707453349889/3XZnumyp_normal.jpg,false,false
LocalWarriorsFan,AngeloB52630901,'1838007808836661248',false,2024-09-23 03:10:13,"WARRIORSSS!!!!!!!!!!!!!
Everything Warriors
Sharing my thoughts and opinions",1,1,14,1,San Francisco,0,https://www.twitter.com/AngeloB52630901,https://pbs.twimg.com/profile_images/1838010268816924672/vUEb_4rF_normal.jpg,false,false
۟,miless420,'1775465147529576448',false,2024-04-03 13:07:50,Crippling gambling addiction,302,94,109,117,,108,https://www.twitter.com/miless420,https://pbs.twimg.com/profile_images/1836027927458095104/rubMKnGM_normal.jpg,false,false
wayebigger,wayebigger,'1836454101753958401',false,2024-09-18 20:16:06,,2,2,22,36,,0,https://www.twitter.com/wayebigger,https://pbs.twimg.com/profile_images/1836456508688863239/cnlA6pC-_normal.jpg,false,false
Emmanuel Abukasis,Mahnuabuk7,'1838009556896718848',false,2024-09-23 03:16:52,,0,0,23,0,,0,https://www.twitter.com/Mahnuabuk7,https://pbs.twimg.com/profile_images/1838009742741975040/D0viR4K0_normal.jpg,false,false
Alina Ross,AlinaGolfs,'1831112765613731840',false,2024-09-04 02:31:31,"Golf Prospect Class of 2028                     1 Corinthians 9:24      Piper High School Ladies Golf Team       Kansas City, KS",1,9,30,15,,1,https://www.twitter.com/AlinaGolfs,https://pbs.twimg.com/profile_images/1831113902857351168/FJCdTKW4_normal.jpg,false,false
Lester Diamond,sutter_jos46192,'1713025140471083008',false,2023-10-14 05:53:51,,4,132,124,0,"Las Vegas, NV",3,https://www.twitter.com/sutter_jos46192,https://pbs.twimg.com/profile_images/1742721122792046592/ap_Wan2t_normal.jpg,false,false
ki,_kianavictoria,'1838008189398159360',false,2024-09-23 03:11:30,,0,1,18,0,,0,https://www.twitter.com/_kianavictoria,https://pbs.twimg.com/profile_images/1838008420307251202/GLiLSfsj_normal.jpg,false,false
Zelrize,zelrize,'1838005850071609344',false,2024-09-23 03:02:06,🔞 - Sensitive Content ⚡ NOT FOR THE WEAK!,12,1,48,10,,12,https://www.twitter.com/zelrize,https://pbs.twimg.com/profile_images/1838006552952786944/tyfgTteJ_normal.jpg,false,false
Rayy,RayGamers019,'1265025547593285641',false,2020-05-26 00:03:04,"im an aviation geek (only commercial) #Dubnation Warriors for life, Curry is top 5 all time",943,31,44,450,,32,https://www.twitter.com/RayGamers019,https://pbs.twimg.com/profile_images/1811533290509074432/PXbC_r0g_normal.jpg,false,false
Crossoverflair,Monkeyman58395,'1803607601097146368',true,2024-06-20 04:55:48,"Basketball, comic books and other stuff.",803,124,41,1126,,50,https://www.twitter.com/Monkeyman58395,https://pbs.twimg.com/profile_images/1807973510859374592/2WB61ZnK_normal.jpg,false,false
😐,BzWb6DxoIK83758,'1838006492383035392',false,2024-09-23 03:04:37,This account uses for developing my English ability,0,1,40,0,,0,https://www.twitter.com/BzWb6DxoIK83758,https://pbs.twimg.com/profile_images/1838006585861517312/tcf38xRl_normal.jpg,false,false
Tonya Means,means_tony8012,'1838006278049652736',false,2024-09-23 03:04:05,,0,2,82,0,,0,https://www.twitter.com/means_tony8012,https://pbs.twimg.com/profile_images/1838006461600759808/66d1U5X2_normal.jpg,false,false
curry wang,Curry202430,'1838005693548552192',false,2024-09-23 03:01:40,,0,0,41,0,,0,https://www.twitter.com/Curry202430,https://pbs.twimg.com/profile_images/1838005778659315712/ciqmv9hn_normal.png,false,false
Anita Brown,AnitaB5867,'1838005485342978049',false,2024-09-23 03:00:53,,1,2,20,0,,0,https://www.twitter.com/AnitaB5867,https://pbs.twimg.com/profile_images/1838005713299259392/O3k_dx17_normal.jpg,false,false
Julian Trores,JulianTror10315,'1838004959042039808',false,2024-09-23 02:58:38,,0,0,2,0,,0,https://www.twitter.com/JulianTror10315,https://abs.twimg.com/sticky/default_profile_images/default_profile_normal.png,false,false
angel,xxxem0nNsfw,'1837975014098055168',false,2024-09-23 00:59:36,,6,2,18,151,,0,https://www.twitter.com/xxxem0nNsfw,https://pbs.twimg.com/profile_images/1837975108167598080/nJ_gz9uo_normal.jpg,false,false
Interpreneur,Interprene84652,'1838003925003517952',false,2024-09-23 02:54:59,,0,5,55,0,,0,https://www.twitter.com/Interprene84652,https://pbs.twimg.com/profile_images/1838004098823815168/EnmbCU6J_normal.png,false,false
Kklove,Kklove669781,'1819353655302410242',false,2024-08-02 15:45:05,,0,4,5,0,,0,https://www.twitter.com/Kklove669781,https://pbs.twimg.com/profile_images/1819353861456588800/_AgYHXJy_normal.jpg,false,false
daniel richardson,drichardsonyes,'207601843',false,2010-10-25 20:07:32,I am an HVAC salesman with Western Nevada Supply.,2,6,22,0,,0,https://www.twitter.com/drichardsonyes,https://pbs.twimg.com/profile_images/1153285261/734Axw0I_normal,false,false
Alexander Lamb,Lamb26483,'1837998531673739264',false,2024-09-23 02:33:34,,0,4,400,0,,0,https://www.twitter.com/Lamb26483,https://pbs.twimg.com/profile_images/1837999114098749440/mQDsrnzg_normal.jpg,false,false
Nathaniel Archie,NVAJR85,'1823870302486507520',false,2024-08-15 02:53:57,,2,3,37,0,,0,https://www.twitter.com/NVAJR85,https://pbs.twimg.com/profile_images/1823870710869278720/yClpS7zb_normal.jpg,false,false
Jaden Rainey,_twofiverr,'1838001014193938432',false,2024-09-23 02:42:58,Class of 2026 JCP PG/SG #25 @jrainey994@jcppumas.org,0,0,18,0,,0,https://www.twitter.com/_twofiverr,https://pbs.twimg.com/profile_images/1838001255760678912/hyS6T-85_normal.jpg,false,false
carl antonio,itsme_vhilan,'1837887242767110144',false,2024-09-22 19:11:31,,1,0,3,0,,1,https://www.twitter.com/itsme_vhilan,https://pbs.twimg.com/profile_images/1837890188707876864/41GQAnkR_normal.jpg,false,false
TD!,tykeldemond,'1601834104844066816',false,2022-12-11 08:59:53,Ig : @tykeldemond,56,155,127,2003,"Chicago, IL",1,https://www.twitter.com/tykeldemond,https://pbs.twimg.com/profile_images/1740615057103347712/MjAgvzbS_normal.jpg,false,false
røn,sendthigh,'2586206293',true,2014-06-24 21:49:48,@notlaron,12429,5933,760,13482,,2730,https://www.twitter.com/sendthigh,https://pbs.twimg.com/profile_images/1766407417368039425/Ya4Mx-_2_normal.jpg,false,false
Tammy Duda,DudaTammy72258,'1838000550283300864',false,2024-09-23 02:41:56,,0,0,8,0,,0,https://www.twitter.com/DudaTammy72258,https://pbs.twimg.com/profile_images/1838000814012747776/1r408dca_normal.jpg,false,false
camilo,camilo14128573,'1837644889720307712',false,2024-09-22 03:07:50,,0,0,4,0,,0,https://www.twitter.com/camilo14128573,https://abs.twimg.com/sticky/default_profile_images/default_profile_normal.png,false,false
joseph C Simon,josephCS5365,'1837996740420485120',false,2024-09-23 02:27:03,,0,3,36,0,,0,https://www.twitter.com/josephCS5365,https://abs.twimg.com/sticky/default_profile_images/default_profile_normal.png,false,false
Kelly Kileki,Kileki93,'1837992298593820672',false,2024-09-23 02:08:21,,1,2,53,26,,1,https://www.twitter.com/Kileki93,https://pbs.twimg.com/profile_images/1837992563740925952/X5G1U-xs_normal.jpg,false,false
Matthew Morie,MorieMatthew,'1837995129619222528',false,2024-09-23 02:19:36,,0,4,52,0,,0,https://www.twitter.com/MorieMatthew,https://pbs.twimg.com/profile_images/1837995326927425536/P0yVFFil_normal.jpg,false,false
Lt mints,LTMints,'1718863421624426496',false,2023-10-30 07:32:52,Stats degree and I read Billy Walters book so I’m basically a pro gambler,116,168,347,401,,7,https://www.twitter.com/LTMints,https://pbs.twimg.com/profile_images/1718864058479255552/qhN0qTW5_normal.jpg,false,false
G𝕦𝕔𝕔𝕚 💫,GuccibagChad,'812883010353672192',false,2016-12-25 06:49:47,@elefinesse @mindonbusiness 🌎 | I Make Beats 🎧 | #LongLiveTrue 🤍🕊️,14371,1095,482,36574,"Charlotte, NC",453,https://www.twitter.com/GuccibagChad,https://pbs.twimg.com/profile_images/1783892642612617216/Mqbze8oM_normal.jpg,false,false
Beko,bekososmoove,'1837998229763633152',false,2024-09-23 02:31:54,N-word,1,4,65,4,Egypt ,0,https://www.twitter.com/bekososmoove,https://pbs.twimg.com/profile_images/1837998537092509696/DbrEnJe7_normal.jpg,false,false
APH,APUREHATERMUSE,'1837997990633439232',false,2024-09-23 02:30:58,I'm a troll,6,0,23,7,,0,https://www.twitter.com/APUREHATERMUSE,https://pbs.twimg.com/profile_images/1838000286964531200/Fg-FCksp_normal.jpg,false,false
Larmer Ace Villanueva,dykAce,'1837997773846933504',false,2024-09-23 02:30:05,,0,2,40,0,,0,https://www.twitter.com/dykAce,https://pbs.twimg.com/profile_images/1837997830147047424/Htoj1zZ0_normal.jpg,false,false
What am I doing with my life...,Electrified_223,'1123083982667563009',false,2019-04-30 07:37:42,just here to watch anime and play video games like everyone else ┐( ˘_˘)┌,370,151,745,54339,,69,https://www.twitter.com/Electrified_223,https://pbs.twimg.com/profile_images/1835454849829494784/-SrW3oOq_normal.jpg,false,false
Nick S,NickS1210362,'1836003962207469568',false,2024-09-17 14:27:35,,0,9,32,0,,0,https://www.twitter.com/NickS1210362,https://pbs.twimg.com/profile_images/1836004067773964288/_0VlbPic_normal.png,false,false
AlainaThomas2031,AThomas2031,'1837995481193971712',false,2024-09-23 02:21:05,,0,2,9,1,,0,https://www.twitter.com/AThomas2031,https://pbs.twimg.com/profile_images/1837995864544907264/4MPkTpK9_normal.jpg,false,false
Denny AG,DennyAg,'1611919024559988736',true,2023-01-08 04:53:57,,5,18,76,5545,,0,https://www.twitter.com/DennyAg,https://pbs.twimg.com/profile_images/1611919473161781250/ZDwsQn3B_normal.jpg,false,false
Euclides Machado,Euclides120005,'1837991642105839616',false,2024-09-23 02:07:06,,0,2,60,0,,0,https://www.twitter.com/Euclides120005,https://pbs.twimg.com/profile_images/1837992047862829056/0OQAk46N_normal.jpg,false,false
Does love exist? 😈👿🤎🤍🖤💜💙💚💛🧡❤️,spirit_succubus,'359843374',false,2011-08-22 11:01:10,,6263,0,19,27668,Everywhere,349,https://www.twitter.com/spirit_succubus,https://pbs.twimg.com/profile_images/1792787459111354368/oQDD6vzY_normal.jpg,false,false
Goo_Flamingo,GooFlamingo,'1338231258149740546',false,2020-12-13 23:16:38,,33,175,543,22316,"Philadelphia, PA",0,https://www.twitter.com/GooFlamingo,https://pbs.twimg.com/profile_images/1826040023025582080/GfqLrhK1_normal.jpg,false,false
Boone Campbell,BooneCampbell7,'1557230771257184258',false,2022-08-10 08:02:11,,0,49,85,34,,0,https://www.twitter.com/BooneCampbell7,https://pbs.twimg.com/profile_images/1557230858603581440/JaHAsAK1_normal.jpg,false,false
Senzai.,JiLinSenzai,'1792757874898194432',false,2024-05-21 06:23:12,,0,1,6,2,,0,https://www.twitter.com/JiLinSenzai,https://pbs.twimg.com/profile_images/1792758119157706754/6dmbVo3d_normal.jpg,false,false
Youknowbetter,Youcantfwus,'1837993776016433152',false,2024-09-23 02:14:12,👎🏽,3,2,45,43,"Philadelphia, PA",0,https://www.twitter.com/Youcantfwus,https://pbs.twimg.com/profile_images/1837995454753062912/eUPeXWBZ_normal.jpg,false,false
Alfie,Alfie2759342,'1813213502238015488',false,2024-07-16 17:06:19,,0,0,222,1,,0,https://www.twitter.com/Alfie2759342,https://pbs.twimg.com/profile_images/1813214321695924224/gLEnwVPr_normal.jpg,false,false
0Ɛ88⇂Ɛ,dparker326,'2994449416',false,2015-01-23 18:54:39,,41,5,890,9887,,2,https://www.twitter.com/dparker326,https://pbs.twimg.com/profile_images/1466383588715282435/rMsqVSHk_normal.jpg,false,false
Santi.G,SantiG34406499,'1837993239271411712',false,2024-09-23 02:12:01,,0,0,13,0,,0,https://www.twitter.com/SantiG34406499,https://abs.twimg.com/sticky/default_profile_images/default_profile_normal.png,false,false
diaper7,__diaper_,'1445809739594600448',false,2021-10-06 20:54:55,#KeepPounding #GoAvsGo #FireMattRhule #FireDaveTepper #LaunchDaveTepperIntoTheSun #MattRhuleSmellsLikeCheese,3716,281,517,53282,Keep Pounding,146,https://www.twitter.com/__diaper_,https://pbs.twimg.com/profile_images/1835772545879937025/emKSFRQh_normal.jpg,false,false
Dorian Miranda,DorianMira70959,'1837990593341038592',false,2024-09-23 02:02:20,,0,0,11,0,,0,https://www.twitter.com/DorianMira70959,https://pbs.twimg.com/profile_images/1837991204052721664/HO54GzZQ_normal.jpg,false,false
Matt holiday,crowday33,'1837990903082033152',false,2024-09-23 02:02:53,,0,2,58,0,,0,https://www.twitter.com/crowday33,https://pbs.twimg.com/profile_images/1837992491389235202/TdKqs7p2_normal.jpg,false,false
Avi Presberg,AviPresberg,'1837991512531165184',false,2024-09-23 02:05:29,,0,3,163,0,,0,https://www.twitter.com/AviPresberg,https://pbs.twimg.com/profile_images/1837991638779449345/6Go349rg_normal.jpg,false,false
Taylor Pollock,taylorp1984,'1789215394886025217',false,2024-05-11 11:49:11,,0,141,45,1,,0,https://www.twitter.com/taylorp1984,https://pbs.twimg.com/profile_images/1789216168558907392/uXlYjryx_normal.jpg,false,false
たくみ@せとうち不動産事業,takumi_3oku,'775862562298605569',false,2016-09-14 04:03:44,瀬戸内地域で戸建16戸➕AP2棟運営中🏘️サラリーマン復帰で自宅を購入🏠家族と共に不動産賃貸業で救われた人間です…Sauna、旅、御朱印好き、ただいま車お遍路中,7160,433,290,19600,瀬戸内海,510,https://www.twitter.com/takumi_3oku,https://pbs.twimg.com/profile_images/1137578794057732096/Bcit1I_r_normal.jpg,false,false
Cason Gregg,CKG_was_chozen,'1837991334315016192',false,2024-09-23 02:04:26,,0,0,15,0,,0,https://www.twitter.com/CKG_was_chozen,https://pbs.twimg.com/profile_images/1837991377491329024/nXwlidNv_normal.png,false,false
King Joy,joy456911,'1837991042370379776',false,2024-09-23 02:03:24,,0,0,2,1,,0,https://www.twitter.com/joy456911,https://pbs.twimg.com/profile_images/1837991115275862016/pC-n8i8v_normal.png,false,false
Tiarnan Shields,ShieldsTia22625,'1837991293969911808',false,2024-09-23 02:04:19,,0,0,16,0,,0,https://www.twitter.com/ShieldsTia22625,https://pbs.twimg.com/profile_images/1837991436299403264/IaD6M3lw_normal.jpg,false,false
Ever Sanchez,EverSan51373003,'1836950622005755904',true,2024-09-20 05:09:18,,0,5,40,0,,0,https://www.twitter.com/EverSan51373003,https://pbs.twimg.com/profile_images/1836950733918457857/Y8yJXhWS_normal.png,false,false
abdellah boussouf,boussoufBSF,'1708899370874163200',false,2023-10-02 20:39:22,,7,3,588,10,,0,https://www.twitter.com/boussoufBSF,https://pbs.twimg.com/profile_images/1708899490386542592/Vdwc4jH3_normal.png,false,false
Kevin Kh,KevinKh67714,'1835999033384480768',false,2024-09-17 14:08:02,,0,0,30,0,,0,https://www.twitter.com/KevinKh67714,https://pbs.twimg.com/profile_images/1835999148945928192/rugZLslW_normal.png,false,false
esteban,LambriniStepDad,'1717700497488973824',false,2023-10-27 03:31:35,,7,188,4,9,,0,https://www.twitter.com/LambriniStepDad,https://pbs.twimg.com/profile_images/1717700634512662528/YBYdZCKM_normal.jpg,false,false
Patrick Ramella,RamellaPat26,'1811283624421122048',false,2024-07-11 09:17:35,Corinthians 10:31✝️ Class of ‘29| PWMS🏈| PWMS A🏀| Legacy⚾️| STL📍| Instagram-p.ramella_26,1,4,25,0,"STL, MO",1,https://www.twitter.com/RamellaPat26,https://pbs.twimg.com/profile_images/1833978904383520768/g9CZ7aAT_normal.jpg,false,false
卢树辉,marvicks123,'1837990240210026496',false,2024-09-23 02:00:12,,0,0,6,0,,0,https://www.twitter.com/marvicks123,https://pbs.twimg.com/profile_images/1837990384582139904/4kkdN37G_normal.jpg,false,false
Ariane Djaffar,ArianeDjaf98448,'1837988949324918784',true,2024-09-23 01:55:19,,0,2,11,0,,0,https://www.twitter.com/ArianeDjaf98448,https://abs.twimg.com/sticky/default_profile_images/default_profile_normal.png,false,false
Zachary Manarang,zachm_25,'1837989747936919552',false,2024-09-23 01:58:05,,1,0,8,0,,0,https://www.twitter.com/zachm_25,https://pbs.twimg.com/profile_images/1837992080729157632/wQvJRVgD_normal.jpg,false,false
Kai Kai,kdwalkemdown_19,'1837989405987860480',true,2024-09-23 01:56:59,,0,0,7,0,,0,https://www.twitter.com/kdwalkemdown_19,https://pbs.twimg.com/profile_images/1837991013358415872/A6hDZfLk_normal.jpg,false,false
Pérez Saucedo Vanesa,saucedo28864,'1837946888592515072',false,2024-09-22 23:07:57,,0,0,31,0,,0,https://www.twitter.com/saucedo28864,https://pbs.twimg.com/profile_images/1837946963049771008/wtwe20b3_normal.jpg,false,false
prettysexy,prettyayameh,'1837988011415576577',true,2024-09-23 01:51:59,,0,0,13,0,,0,https://www.twitter.com/prettyayameh,https://pbs.twimg.com/profile_images/1837990027579867136/TDdkT0B-_normal.jpg,false,false
Trigger_emile,TriggerReelms97,'1837984632257826816',false,2024-09-23 01:37:57,,0,1,9,0,,0,https://www.twitter.com/TriggerReelms97,https://pbs.twimg.com/profile_images/1837985149570428928/CN1tUAGR_normal.jpg,false,false
caydegirl,Caydegirl196421,'1837987876996292609',false,2024-09-23 01:50:53,,0,0,14,0,,0,https://www.twitter.com/Caydegirl196421,https://pbs.twimg.com/profile_images/1837987965265461248/zx5a-FUG_normal.png,false,false
AJ,AJ2__tac,'1833529884045459456',false,2024-09-10 18:36:55,,0,8,21,5,,0,https://www.twitter.com/AJ2__tac,https://pbs.twimg.com/profile_images/1833530186060410880/JpL2Ib3u_normal.jpg,false,false
Pam Bauer,baue99748932,'1571691183600173057',false,2022-09-19 05:42:48,,0,12,58,0,,0,https://www.twitter.com/baue99748932,https://abs.twimg.com/sticky/default_profile_images/default_profile_normal.png,false,false
Parker King,ParkerK46613856,'1252394315533430784',false,2020-04-21 03:31:19,,29,97,230,20977,,0,https://www.twitter.com/ParkerK46613856,https://pbs.twimg.com/profile_images/1252394557817286657/W_UWSEJW_normal.jpg,false,false
Alizabeth Yates,yates_y89815,'1837986737265782784',false,2024-09-23 01:46:28,,0,0,14,0,,0,https://www.twitter.com/yates_y89815,https://pbs.twimg.com/profile_images/1837986853464723456/AKmWlY3b_normal.png,false,false
X2-jay—,jaytootact_fn,'1837984396009484288',false,2024-09-23 01:36:53,,0,0,19,2,,0,https://www.twitter.com/jaytootact_fn,https://pbs.twimg.com/profile_images/1837984504981368832/zTgVPi14_normal.jpg,false,false
Jerriod Townes,townesjtownes,'1837983309781200896',false,2024-09-23 01:32:48,,2,7,218,0,,2,https://www.twitter.com/townesjtownes,https://pbs.twimg.com/profile_images/1838006256851615744/koFzefrq_normal.jpg,false,false
bubble🫧🫧🫧,Bubbles_X_H,'965073574506541062',true,2018-02-18 06:00:45,Life is like a marathon. You need to keep running and persist to reach the finish line.,77,37,56,167,Moon,9,https://www.twitter.com/Bubbles_X_H,https://pbs.twimg.com/profile_images/1837230530997161984/LVinF-gZ_normal.jpg,false,false
ThatPanthersMan WE ARE SO BACK | Trump 2024 🇺🇸,ThatPanthersMan,'1517333793333522433',true,2022-04-22 05:45:53,"Carolina Panthers fan #KeepPounding Transphobe, homophobe, bigot, and according to some, racist! Trump/Vance 2024 🇺🇸",4211,507,1182,29305,,309,https://www.twitter.com/ThatPanthersMan,https://pbs.twimg.com/profile_images/1837996940656529408/YlGKy2G9_normal.jpg,false,false
L,Xoxoworklif3,'880973072228122624',false,2017-07-01 05:15:22,I CAN SEE & FEEL DEMONS‼️WILLIAM HALL ACADEMY Np- Youngboy I’m A Demon COMPTON.,269,21,9,21374,"Maryland, USA",15,https://www.twitter.com/Xoxoworklif3,https://pbs.twimg.com/profile_images/1835984869899296768/oyr5OLT0_normal.jpg,false,false
Terrance Clark,tclarkfym,'1837982196012916736',false,2024-09-23 01:28:44,,0,0,23,0,,0,https://www.twitter.com/tclarkfym,https://pbs.twimg.com/profile_images/1837982389911314432/BLKqFAnS_normal.png,false,false
Antwi Elijah Ely,Ely47367,'1816676300276289536',false,2024-07-26 06:26:32,,2,0,60,12,,1,https://www.twitter.com/Ely47367,https://pbs.twimg.com/profile_images/1816676825294082048/J7jCfLTr_normal.jpg,false,false
Armando Hinojosa,Armando87950708,'1524957838543425536',false,2022-05-13 06:41:12,,0,0,21,4,,0,https://www.twitter.com/Armando87950708,https://pbs.twimg.com/profile_images/1524957909850828800/vu5XKdn7_normal.png,false,false
Mello Roper,theyfwmell0,'1837980433348194304',false,2024-09-23 01:21:16,,0,2,41,1,,0,https://www.twitter.com/theyfwmell0,https://pbs.twimg.com/profile_images/1837980669579808768/8c0G8Ki3_normal.jpg,false,false
Jack,JackB23_6,'1837980027545083904',false,2024-09-23 01:19:36,,0,0,28,0,,0,https://www.twitter.com/JackB23_6,https://pbs.twimg.com/profile_images/1837980206696366080/u50F0Ay8_normal.jpg,false,false
Ali ce,Alice9482298581,'1833502090519314434',false,2024-09-10 16:45:50,,0,43,985,0,,0,https://www.twitter.com/Alice9482298581,https://pbs.twimg.com/profile_images/1833502897461448704/taoKP-OX_normal.jpg,false,false
zak,zakkochhar,'1597673997906464777',false,2022-11-29 21:29:09,,40,19,146,2242,,4,https://www.twitter.com/zakkochhar,https://pbs.twimg.com/profile_images/1606267348801179649/W_F5DgwQ_normal.jpg,false,false
Carlo Morales-Redpath 🇬🇧🇵🇭,CRedpath85,'1837975856154599424',false,2024-09-23 01:02:59,Newcastle United and Buffalo Bills fan,2,1,77,34,"Newcastle Upon Tyne, England",0,https://www.twitter.com/CRedpath85,https://pbs.twimg.com/profile_images/1837983036140351488/HABHtILC_normal.jpg,false,false
Birds,FakeNFL_,'1837974549662724096',false,2024-09-23 00:57:44,,0,1,29,11,,0,https://www.twitter.com/FakeNFL_,https://pbs.twimg.com/profile_images/1837976044009107456/d0y9ItZO_normal.jpg,false,false
fw.maleah15@gmail.com,theyluv_maleah,'1837977153075662848',false,2024-09-23 01:08:09,,0,0,1,0,,0,https://www.twitter.com/theyluv_maleah,https://pbs.twimg.com/profile_images/1837977211112247297/8p06Dsgs_normal.png,false,false
CひSTARD,playboicavti,'1798445731927515136',true,2024-06-05 23:04:28,#thankgodforblackwomen,4844,420,527,13882,sussed at 1k,514,https://www.twitter.com/playboicavti,https://pbs.twimg.com/profile_images/1834133720586223618/bR3Umm-f_normal.jpg,false,false
Letha Bush,BushLetha83542,'1837976292534124544',false,2024-09-23 01:05:07,,18,1,29,35,,0,https://www.twitter.com/BushLetha83542,https://pbs.twimg.com/profile_images/1837976448344195072/6htWw3JM_normal.png,false,false
Bradley Henderson,Bradleyhendy24,'1837974992635789312',false,2024-09-23 00:59:35,BSU 27’ BSU MBB Manager 🔴⚪️,1,6,68,3,"New Castle, IN",0,https://www.twitter.com/Bradleyhendy24,https://pbs.twimg.com/profile_images/1837975151264088064/eSlBUXVN_normal.jpg,false,false
rodwayne,STAC_em,'1742380539607146496',false,2024-01-03 05:01:16,🥷,10,7,6,26,,0,https://www.twitter.com/STAC_em,https://abs.twimg.com/sticky/default_profile_images/default_profile_normal.png,false,false
orge,orgeniggie,'1837974407848845312',false,2024-09-23 00:57:15,,0,0,15,2,,0,https://www.twitter.com/orgeniggie,https://abs.twimg.com/sticky/default_profile_images/default_profile_normal.png,false,false
Xsgvj Wsdfyc,xsgvj63149,'1837973904758886400',false,2024-09-23 00:55:28,,0,2,28,0,,0,https://www.twitter.com/xsgvj63149,https://pbs.twimg.com/profile_images/1837974018319945728/ot_Mv0QY_normal.png,false,false
Kaka Lala,KakaLala597105,'1832923353146957824',false,2024-09-09 02:27:24,,0,2,30,0,,0,https://www.twitter.com/KakaLala597105,https://pbs.twimg.com/profile_images/1832923727404679168/7gaCDy1l_normal.png,false,false
Natasha tucker,Natashatuc28788,'1837972381996032000',false,2024-09-23 00:49:18,,2,0,27,0,,0,https://www.twitter.com/Natashatuc28788,https://pbs.twimg.com/profile_images/1837972525025726464/QXL35007_normal.jpg,false,false
OSAMA .🗽,gh_vlh,'1814094623843008512',false,2024-07-19 03:27:35,Free  Palestine 🇵🇸,0,1,6,1,,0,https://www.twitter.com/gh_vlh,https://pbs.twimg.com/profile_images/1837972669855072256/j0mVJcm5_normal.jpg,false,false
…,jokerrrrrrrrrx,'1682459314550890498',true,2023-07-21 21:35:46,,31,224,488,1362,,0,https://www.twitter.com/jokerrrrrrrrrx,https://pbs.twimg.com/profile_images/1682459466820902912/DPXNqB0A_normal.jpg,false,false
jimmy monks,jimmy_monk56587,'1675281457663574016',false,2023-07-02 02:13:32,recruitment,0,5,28,0,"Louisville, KY",0,https://www.twitter.com/jimmy_monk56587,https://pbs.twimg.com/profile_images/1824840256367050752/8Z0475Va_normal.jpg,false,false
Bien AF,BienAf68360,'1837969927820791808',false,2024-09-23 00:39:41,,1,12,68,0,,1,https://www.twitter.com/BienAf68360,https://pbs.twimg.com/profile_images/1837970289134915587/wa6vsKfx_normal.jpg,false,false
Kkingkkid,kkingkkid23344,'1813757600560738304',false,2024-07-18 05:08:17,,41,5,79,6,,0,https://www.twitter.com/kkingkkid23344,https://abs.twimg.com/sticky/default_profile_images/default_profile_normal.png,false,false
LYRIX,CHAIRGANG69,'1831803249038430209',false,2024-09-06 00:15:14,"CHAIRGANG4L

🪑🪑🪑🪑🪑🪑🪑🪑",96,55,148,125,"Town, USA",2,https://www.twitter.com/CHAIRGANG69,https://pbs.twimg.com/profile_images/1832625805282697216/xjm3CgSR_normal.jpg,false,false
Matthew Robinson,MatthewRob2004,'1837969977724321792',false,2024-09-23 00:39:39,,2,1,50,9,,0,https://www.twitter.com/MatthewRob2004,https://abs.twimg.com/sticky/default_profile_images/default_profile_normal.png,false,false
houda. 🐾,1cupofnctea,'1654544628975124480',false,2023-05-05 20:52:46,✉️ she/her ~ od ☆ *nsync ☆ nct ☆ exo ☆ txt ☆ enha ☆ zb1 ☆ skz ☆ p1 ☆ ateez ☆ svt ☆ treasure ☆ xh || f1 🏎  & nba 🏀,14017,913,1034,28644,"Bruxelles, Belgique / 23 yo",653,https://www.twitter.com/1cupofnctea,https://pbs.twimg.com/profile_images/1837976097733963777/2it2Z5l1_normal.jpg,false,false
CryptoLion,Diamondhands018,'1461179226200190978',false,2021-11-18 05:47:47,"Si tu crois que le lion est un âne, vas lui poser un licou 🤷🏾‍♂️",433,371,1032,4616,"Montréal, Québec",0,https://www.twitter.com/Diamondhands018,https://pbs.twimg.com/profile_images/1462381152833056770/b5FXl-VG_normal.jpg,false,false
Jamari Swift,JamariS89319,'1821013159840509955',false,2024-08-07 05:39:29,,3,0,27,1,,0,https://www.twitter.com/JamariS89319,https://pbs.twimg.com/profile_images/1821013265389953025/CJjAZQtZ_normal.png,false,false
Racso L,racso523,'1837962133897990146',false,2024-09-23 00:08:27,,1,2,50,1,,0,https://www.twitter.com/racso523,https://pbs.twimg.com/profile_images/1837962747411132416/E0jrmba7_normal.jpg,false,false
Nouvel,Nouvel1382,'1764144171496169472',false,2024-03-03 06:22:40,,0,0,5,562,,0,https://www.twitter.com/Nouvel1382,https://pbs.twimg.com/profile_images/1764144337036984320/x0iBpkmA_normal.png,false,false
Teddy Guillory,Tribxlteddy3,'1741244350192144384',true,2023-12-31 01:46:33,,14,113,139,73063,,0,https://www.twitter.com/Tribxlteddy3,https://pbs.twimg.com/profile_images/1837015760679432192/BGNgDEEd_normal.jpg,false,false
Jesus,jesusbbe_,'1837967195437195264',false,2024-09-23 00:28:32,,0,0,6,1,,0,https://www.twitter.com/jesusbbe_,https://abs.twimg.com/sticky/default_profile_images/default_profile_normal.png,false,false
Jessse,Jessse610213,'1837966854079275008',false,2024-09-23 00:27:06,,0,0,2,0,,0,https://www.twitter.com/Jessse610213,https://abs.twimg.com/sticky/default_profile_images/default_profile_normal.png,false,false
刘才,lici393743,'1837930824823721986',false,2024-09-22 22:04:15,,1,0,4,5,,0,https://www.twitter.com/lici393743,https://pbs.twimg.com/profile_images/1837930929198923776/LufX9z3r_normal.png,false,false
Yusuf1217,Leef1217,'1821641801872093185',false,2024-08-08 23:17:18,,0,1,43,0,,0,https://www.twitter.com/Leef1217,https://abs.twimg.com/sticky/default_profile_images/default_profile_normal.png,false,false
fmwpeicbqoexnnwz,fmwpeicbqo77423,'1837965877020708864',false,2024-09-23 00:23:08,,0,0,67,0,,0,https://www.twitter.com/fmwpeicbqo77423,https://abs.twimg.com/sticky/default_profile_images/default_profile_normal.png,false,false
Chbxty_mqm,Chbxyt,'1837961929509281792',true,2024-09-23 00:07:54,https://t.co/3g9kkkCK1U,26,0,29,48,,1,https://www.twitter.com/Chbxyt,https://pbs.twimg.com/profile_images/1838083811227168768/D5s_kqim_normal.jpg,false,false
𝑲𝒆𝒏𝒏𝒚 𝑻𝒉𝒆 𝑳𝒐𝒗𝒆𝒓 𝑩𝒐𝒚 🌹,kennyrigsbeee,'1837964004511436800',false,2024-09-23 00:15:58,"IG 📸 : kennyrigsbeee // Snap 👻: kennyrigsbee24 
Sub to my OF 
https://t.co/gtYzFI3OKM",1,2,137,0,"Columbus, OH",1,https://www.twitter.com/kennyrigsbeee,https://pbs.twimg.com/profile_images/1837965175237861376/9qWCyOp6_normal.jpg,false,false
Logan Redwine,redwine_lo21139,'1837964476944961536',false,2024-09-23 00:17:44,,0,3,49,0,,0,https://www.twitter.com/redwine_lo21139,https://pbs.twimg.com/profile_images/1837964523430424576/m9OkOJ_m_normal.png,false,false
Kelly Miles,KellyMi50961050,'1578790611011911680',true,2022-10-08 19:53:54,,4277,319,5284,6786,,37,https://www.twitter.com/KellyMi50961050,https://pbs.twimg.com/profile_images/1838269277234765824/U-yq30j8_normal.jpg,false,false
ehtugblcrqsozgoj,ehtugblcrq18434,'1837964609262698497',false,2024-09-23 00:18:06,,0,0,67,0,,0,https://www.twitter.com/ehtugblcrq18434,https://abs.twimg.com/sticky/default_profile_images/default_profile_normal.png,false,false
Raenell Penass,RaenellPenass,'1509088408177623040',false,2022-03-30 11:41:50,,0,11,147,0,,0,https://www.twitter.com/RaenellPenass,https://pbs.twimg.com/profile_images/1837962380401164288/_2wyInSM_normal.jpg,false,false
Vejas,Vejas345359,'1837963991542382592',false,2024-09-23 00:16:06,,0,0,12,0,,0,https://www.twitter.com/Vejas345359,https://pbs.twimg.com/profile_images/1837964111721730049/PyivuYNJ_normal.png,false,false
Prxnce_wrldd,Prxnce_wrlddd,'1819124422407520256',false,2024-08-02 00:34:14,,11,62,103,267,,0,https://www.twitter.com/Prxnce_wrlddd,https://pbs.twimg.com/profile_images/1826299174687543296/YLY3sCKM_normal.jpg,false,false
Jaxon Johnson,johns14288,'1835788396695851008',false,2024-09-17 00:10:44,,0,13,54,0,,0,https://www.twitter.com/johns14288,https://pbs.twimg.com/profile_images/1835788434142609408/S4SGwPfl_normal.png,false,false
جبار مطر,mtr_jbar75232,'1837962359580573696',false,2024-09-23 00:09:31,,0,5,61,0,,0,https://www.twitter.com/mtr_jbar75232,https://pbs.twimg.com/profile_images/1837962456410329088/yKeLqfEg_normal.png,false,false
PeaceandGrace,neeshel47,'1837953915478069249',false,2024-09-22 23:36:06,,1,5,208,5,,1,https://www.twitter.com/neeshel47,https://pbs.twimg.com/profile_images/1837981158174547968/d9I3XI6Z_normal.jpg,false,false
Gracie and Paches Horton,PachesAnd30675,'1837955322859671552',false,2024-09-22 23:42:08,,2,0,21,1,,0,https://www.twitter.com/PachesAnd30675,https://pbs.twimg.com/profile_images/1837955564250230784/61uGuENF_normal.png,false,false
cameron,cutta500,'1837960823186051072',false,2024-09-23 00:03:18,,0,1,14,0,,0,https://www.twitter.com/cutta500,https://abs.twimg.com/sticky/default_profile_images/default_profile_normal.png,false,false
Ryan Kuch,RyanLuvsbball20,'1837960033415389184',false,2024-09-23 00:00:05,,0,0,8,0,,0,https://www.twitter.com/RyanLuvsbball20,https://pbs.twimg.com/profile_images/1837960081654059008/A1VXcbaj_normal.png,false,false
Dell Curry,DellCurry19207,'1822721535058034688',false,2024-08-11 22:47:56,,0,3,3,0,,0,https://www.twitter.com/DellCurry19207,https://abs.twimg.com/sticky/default_profile_images/default_profile_normal.png,false,false
maki,813iso,'1837959702249930752',false,2024-09-22 23:58:58,,0,1,15,2,,0,https://www.twitter.com/813iso,https://pbs.twimg.com/profile_images/1837960014868160512/B4G50rk0_normal.jpg,false,false
Tenley Scheer,TenleyScheer10,'1837957911605022720',false,2024-09-22 23:51:40,,0,1,9,1,,0,https://www.twitter.com/TenleyScheer10,https://pbs.twimg.com/profile_images/1837958115909627904/Q0pf3J1M_normal.jpg,false,false
Alireza Mosallaie,mosallaie_ali,'1837955276026400769',false,2024-09-22 23:41:25,,5,3,216,11,,0,https://www.twitter.com/mosallaie_ali,https://pbs.twimg.com/profile_images/1838419174491852802/Jv75o8fr_normal.jpg,false,false
Brady Seegers,SeegersBrady,'1634995795681325059',false,2023-03-12 21:12:46,Providence High School football class of 2026 | HT: 5’10| WT: 170lbs | LS,5,111,120,24,,0,https://www.twitter.com/SeegersBrady,https://pbs.twimg.com/profile_images/1634996183201468425/VD6Bw4r__normal.jpg,false,false
Rackzz,2militantrackz,'1837958288798892032',false,2024-09-22 23:53:07,,0,3,50,0,,0,https://www.twitter.com/2militantrackz,https://pbs.twimg.com/profile_images/1837958432734818304/JtWj49PT_normal.jpg,false,false
Jo$h,j054u8,'1494876481587232770',false,2022-02-19 05:28:47,,2,14,135,158,,0,https://www.twitter.com/j054u8,https://pbs.twimg.com/profile_images/1838046741184049152/lHPaD0XA_normal.jpg,false,false
🥦Fi🥦,pollykenna_mc,'2806092021',false,2014-10-04 22:32:57,,769,110,1082,3627,,4,https://www.twitter.com/pollykenna_mc,https://pbs.twimg.com/profile_images/1188090716016263168/AD3B6vro_normal.jpg,false,false
Phyllis Doria,PDoria_11,'1837952343926812672',false,2024-09-22 23:30:06,,0,0,6,1,,0,https://www.twitter.com/PDoria_11,https://abs.twimg.com/sticky/default_profile_images/default_profile_normal.png,false,false
Yasua Sosa Kuk,YasuaKuk,'1837954785678344192',false,2024-09-22 23:39:28,,0,0,2,0,,0,https://www.twitter.com/YasuaKuk,https://abs.twimg.com/sticky/default_profile_images/default_profile_normal.png,false,false
Jitnar The Jive,BigManJathan,'1599564755181641729',false,2022-12-05 02:42:26,big baller,3,75,212,359,"Illinois, USA",2,https://www.twitter.com/BigManJathan,https://pbs.twimg.com/profile_images/1599564823209156608/f7bP0zlI_normal.png,false,false
lilman555,SernaJj27114,'1751743888761466880',true,2024-01-29 01:07:55,,0,84,33,20,,0,https://www.twitter.com/SernaJj27114,https://pbs.twimg.com/profile_images/1794499323625086976/rsIP9fXc_normal.jpg,false,false
Dexret,Dexretwoo,'1837954611338268673',false,2024-09-22 23:38:35,,0,3,59,216,,0,https://www.twitter.com/Dexretwoo,https://pbs.twimg.com/profile_images/1837954900724273154/UWfvGSHr_normal.jpg,false,false
Mrs Joel,MrsJoel15,'1837953616650412032',false,2024-09-22 23:34:45,"Wifey 
Mom
God fearing woman",0,0,21,0,"Johannesburg, South Africa",0,https://www.twitter.com/MrsJoel15,https://pbs.twimg.com/profile_images/1837955712703430656/V0zx9Ub__normal.jpg,false,false
Simon,ranDuMgUy346,'1837131614339612672',false,2024-09-20 17:08:17,,0,1,25,8,,0,https://www.twitter.com/ranDuMgUy346,https://pbs.twimg.com/profile_images/1837979438694518784/HgAHzR1z_normal.jpg,false,false
Alfie,Alfie749871,'1837948358448893954',false,2024-09-22 23:13:40,,0,3,50,0,,0,https://www.twitter.com/Alfie749871,https://abs.twimg.com/sticky/default_profile_images/default_profile_normal.png,false,false
471,qfiyn,'1836871568078819332',true,2024-09-19 23:54:54,,0,0,34,0,,0,https://www.twitter.com/qfiyn,https://pbs.twimg.com/profile_images/1837951568664317955/w_8LfRtb_normal.jpg,false,false
Camille Ostman,CamEOSouth913,'1837946727766081536',false,2024-09-22 23:08:48,,0,1,30,0,,0,https://www.twitter.com/CamEOSouth913,https://abs.twimg.com/sticky/default_profile_images/default_profile_normal.png,false,false
Arijan Ajdari,ariiijan01,'1837948973132156928',false,2024-09-22 23:16:38,,0,0,68,0,,0,https://www.twitter.com/ariiijan01,https://abs.twimg.com/sticky/default_profile_images/default_profile_normal.png,false,false
QueenoftheNile,NileQueenofthe,'1100538674041647104',false,2019-02-27 01:30:41,,1578,39,340,11237,,0,https://www.twitter.com/NileQueenofthe,https://abs.twimg.com/sticky/default_profile_images/default_profile_normal.png,false,false
HY,jamaicanpatty77,'828464174074306560',false,2017-02-06 06:43:46,,136,68,119,524,"Markham, Ontario",11,https://www.twitter.com/jamaicanpatty77,https://abs.twimg.com/sticky/default_profile_images/default_profile_normal.png,false,false
Lakai Morvant,Morva73197,'1837949676764778497',false,2024-09-22 23:19:17,,0,0,17,0,,0,https://www.twitter.com/Morva73197,https://pbs.twimg.com/profile_images/1837949815210098688/xYysQRhz_normal.png,false,false
Christian John Odivelas,mensahero527,'1837949642644115457',false,2024-09-22 23:18:47,,0,5,26,0,,0,https://www.twitter.com/mensahero527,https://pbs.twimg.com/profile_images/1837949686512340996/PqOLdZJ2_normal.png,false,false
Eva,evesss26,'1837949499115032576',false,2024-09-22 23:18:18,,0,0,7,0,,0,https://www.twitter.com/evesss26,https://pbs.twimg.com/profile_images/1837949718380310528/vIQQgT8r_normal.jpg,false,false
jayy🫡🐬,JayyIsasayian,'1454071110090305536',false,2021-10-29 16:02:33,Just a guy who plays video games and watch sports and shares out opinions. Dolphins fan and Heat fan,2499,234,367,4878,Behind you:),186,https://www.twitter.com/JayyIsasayian,https://pbs.twimg.com/profile_images/1828797038437269507/9Mu8dffa_normal.jpg,false,false
kellen “juice” phifer,Juicegets_busy,'1837946670623150080',false,2024-09-22 23:07:01,,0,0,14,0,,0,https://www.twitter.com/Juicegets_busy,https://pbs.twimg.com/profile_images/1837946917935796224/aiNXBVfT_normal.jpg,false,false
Michelle Harvey,Michell01946506,'918079384103374848',false,2017-10-11 14:42:37,,2,5,95,6,,0,https://www.twitter.com/Michell01946506,https://abs.twimg.com/sticky/default_profile_images/default_profile_normal.png,false,false
Nana Kofi Anyan,Anyan_yg,'1837898616758845440',false,2024-09-22 19:56:20,,0,0,7,1,,0,https://www.twitter.com/Anyan_yg,https://pbs.twimg.com/profile_images/1837899063850655744/-wrBLWNR_normal.jpg,false,false
Jose Reyes,JoseReyes110635,'1837947262020079616',false,2024-09-22 23:09:34,,0,0,24,2,,0,https://www.twitter.com/JoseReyes110635,https://pbs.twimg.com/profile_images/1837947367984689153/qrnYstnq_normal.png,false,false
Juice Xo,JuiceXo6,'1499247242871549955',false,2022-03-03 06:56:33,,1,80,56,287,,0,https://www.twitter.com/JuiceXo6,https://pbs.twimg.com/profile_images/1499247332612788226/7np2usN8_normal.jpg,false,false
Chris,Georgechris35,'1095645624815570945',true,2019-02-13 13:27:27,YNWA,353,1213,5625,1142,,3,https://www.twitter.com/Georgechris35,https://pbs.twimg.com/profile_images/1826238449508073472/I5delQQk_normal.jpg,false,false
bob,bob601674991572,'1822052420496846852',false,2024-08-10 02:28:53,,0,32,20,1,,0,https://www.twitter.com/bob601674991572,https://abs.twimg.com/sticky/default_profile_images/default_profile_normal.png,false,false
Manuel Caluori,CalMan372008,'1828480193528225792',false,2024-08-27 20:10:43,,0,0,13,4,,0,https://www.twitter.com/CalMan372008,https://pbs.twimg.com/profile_images/1828480378132123648/uyd7GyTX_normal.jpg,false,false
Mika,Mika_Lattenrost,'1837945788695302146',false,2024-09-22 23:03:28,,0,0,13,0,,0,https://www.twitter.com/Mika_Lattenrost,https://pbs.twimg.com/profile_images/1837945980408246272/mJfbmTBY_normal.jpg,false,false
Nikki,msnikkifl727,'1781802589299843072',false,2024-04-21 00:50:28,,5,5,54,23,,0,https://www.twitter.com/msnikkifl727,https://pbs.twimg.com/profile_images/1781802641376301056/xroaMc3Y_normal.png,false,false
ᥫ᭡rincess 🕉⃤💋,SpoiledBrincess,'511113968',true,2012-03-02 02:42:47,Back in October,5439,7060,502,13506,Findom/BDSM Brat: Not collared,320,https://www.twitter.com/SpoiledBrincess,https://pbs.twimg.com/profile_images/1835814775218987008/VQvPbhsC_normal.jpg,false,true
Eric Thimba,Etgichuki,'1837942637376020480',false,2024-09-22 22:51:09,,1,3,48,0,,0,https://www.twitter.com/Etgichuki,https://pbs.twimg.com/profile_images/1837942734243414016/NgmtimcM_normal.jpg,false,false
Killian Couturier,Vegeta97454,'1837942630107230209',false,2024-09-22 22:50:51,,0,0,5,0,,0,https://www.twitter.com/Vegeta97454,https://pbs.twimg.com/profile_images/1837942733689757696/oHc7HfWn_normal.jpg,false,false
Clémentts,clemcloum1990,'1719701130593157120',false,2023-11-01 15:01:25,,0,5,19,567,,0,https://www.twitter.com/clemcloum1990,https://pbs.twimg.com/profile_images/1719701260520062976/ObREXydb_normal.jpg,false,false
brycdr,brycdr98701,'1782862018237644800',false,2024-04-23 23:00:15,,0,29,19,12,,0,https://www.twitter.com/brycdr98701,https://abs.twimg.com/sticky/default_profile_images/default_profile_normal.png,false,false
Xiomari,xiomari10811,'1837940000295694336',false,2024-09-22 22:40:53,,0,3,80,18,,0,https://www.twitter.com/xiomari10811,https://pbs.twimg.com/profile_images/1837940506212327424/lVrleslk_normal.jpg,false,false
Victor pimentel,vickpime,'1837940852997738496',false,2024-09-22 22:44:34,,2,1,10,26,,0,https://www.twitter.com/vickpime,https://pbs.twimg.com/profile_images/1837941286331940864/M0a-dYfG_normal.jpg,false,false
JH YANG,JHYANG2684,'1837940264436224001',false,2024-09-22 22:41:55,,0,0,2,0,,0,https://www.twitter.com/JHYANG2684,https://pbs.twimg.com/profile_images/1837940409135517696/qdu8LGpx_normal.png,false,false
Owen Powers,owenpowers523,'1837541370489188353',false,2024-09-21 20:16:33,,0,3,10,0,,0,https://www.twitter.com/owenpowers523,https://abs.twimg.com/sticky/default_profile_images/default_profile_normal.png,false,false
Gavin nash,LogicalKingd0m,'1750846878135062528',false,2024-01-26 13:43:26,,0,0,5,0,,0,https://www.twitter.com/LogicalKingd0m,https://abs.twimg.com/sticky/default_profile_images/default_profile_normal.png,false,false
Christopher,Chris_ix077,'1837939015015923712',false,2024-09-22 22:36:35,,4,4,12,14,,0,https://www.twitter.com/Chris_ix077,https://pbs.twimg.com/profile_images/1837939311540359168/MJUtFHYz_normal.jpg,false,false
Stephen Deininger,Diegrobe_,'1674886015360679937',false,2023-07-01 00:02:17,"Profiter de rien, abuser de tout",0,11,61,33,"Pontoise, France",0,https://www.twitter.com/Diegrobe_,https://pbs.twimg.com/profile_images/1674900513622482947/vLGsozSt_normal.jpg,false,false
CM,0Four,'51922199',true,2009-06-29 05:13:33,,172,3,51,210,,4,https://www.twitter.com/0Four,https://pbs.twimg.com/profile_images/1243239619778342914/cNUkA5_6_normal.jpg,false,false
Toothless,starwarsfan091,'1809070179114233859',false,2024-07-05 06:42:21,,23,4,54,83,,0,https://www.twitter.com/starwarsfan091,https://pbs.twimg.com/profile_images/1809138743359545344/BJcKutG-_normal.jpg,false,false
Suhaib Abdillahi,Suhaib12r,'1837676032138063873',false,2024-09-22 05:11:32,,11,1,37,75,,0,https://www.twitter.com/Suhaib12r,https://pbs.twimg.com/profile_images/1837676072542130180/frDcckq6_normal.png,false,false
OBwanderer,TKDRoundhouse77,'1829845133149212673',false,2024-08-31 14:34:24,,15,15,76,38,,0,https://www.twitter.com/TKDRoundhouse77,https://pbs.twimg.com/profile_images/1829845289718476800/rhf_tHhx_normal.jpg,false,false
Richard Tawedzerwa Dobbie,DobbieRich29391,'1837937926916788224',false,2024-09-22 22:32:31,,0,3,8,3,,0,https://www.twitter.com/DobbieRich29391,https://pbs.twimg.com/profile_images/1837938046995472384/zFIj77OY_normal.png,false,false
Gus Vollmuth,gusvollmuth3,'1837934909341540352',false,2024-09-22 22:20:20,jhs 2027 l 6’1 145 pg/wr,0,10,36,6,,0,https://www.twitter.com/gusvollmuth3,https://pbs.twimg.com/profile_images/1837943260464988160/rkxzbmzQ_normal.jpg,false,false
Jilly Bean,timewarpdmagnta,'1142248802167865344',false,2019-06-22 04:51:51,,4406,35,126,1322,🇺🇸,81,https://www.twitter.com/timewarpdmagnta,https://pbs.twimg.com/profile_images/1230245506850230272/bNM8XW0C_normal.jpg,false,false
Lindokuhle Tsotetsi,kuhle_Motlokoa,'1837935237713874946',false,2024-09-22 22:21:40,🇿🇦💕,0,1,23,13,South Africa,0,https://www.twitter.com/kuhle_Motlokoa,https://pbs.twimg.com/profile_images/1837935913042649088/QAgK14oQ_normal.jpg,false,false
Keith Borny,KeithBorny,'1835464740857950208',false,2024-09-16 02:44:40,Founder & Publisher of BLITZ Magazine - The Greatest Football Magazine Ever - Super Bowl Champion! Philadelphia Eagles 🦅,110,52,191,105,United Kingdom,5,https://www.twitter.com/KeithBorny,https://pbs.twimg.com/profile_images/1835674023256031232/IW0xH_8G_normal.jpg,false,false
