﻿name,username,userId,can_dm,created_at,bio,tweets_count,followers_count,following_count,favourites_count,location,media_count,profile_url,avatar_url,verified,blue_verified
XANXAS,PimkamThar12122,'1836791783038365696',false,2024-09-19 18:37:51,,32,1,66,7,,1,https://www.twitter.com/PimkamThar12122,https://pbs.twimg.com/profile_images/1836792237902200832/WL9dK88k_normal.jpg,false,false
Karson Mccoy,Karson2tuff,'1829859245543628800',false,2024-08-31 15:30:34,,0,7,44,0,,0,https://www.twitter.com/Karson2tuff,https://pbs.twimg.com/profile_images/1829859787921641473/I9AHtsw0_normal.jpg,false,false
brian,briam643,'1822904142983053312',false,2024-08-12 10:53:29,,2,12,12,37,,0,https://www.twitter.com/briam643,https://pbs.twimg.com/profile_images/1822904421417709568/wxrgYy-6_normal.jpg,false,false
柏,ZByufly7,'1837899049250574336',false,2024-09-22 19:58:02,KD is the number one in my heart.,0,1,22,14,,0,https://www.twitter.com/ZByufly7,https://pbs.twimg.com/profile_images/1838217785765498880/fQSzp0Ka_normal.jpg,false,false
Departure,man66946,'1779267875632562177',false,2024-04-14 00:58:21,,7,91,165,107,,1,https://www.twitter.com/man66946,https://pbs.twimg.com/profile_images/1804430378062508032/c9fIF4Gb_normal.jpg,false,false
Zaad,ZaadAliNur,'1837543826077999104',false,2024-09-21 20:27:25,,7,0,96,0,,0,https://www.twitter.com/ZaadAliNur,https://pbs.twimg.com/profile_images/1837548669995724800/Db-3AVTS_normal.jpg,false,false
Aggelos,Aggelos1572594,'1827081112176246785',false,2024-08-23 23:32:31,,0,0,22,4,,0,https://www.twitter.com/Aggelos1572594,https://pbs.twimg.com/profile_images/1827081508919599104/u2qmZW-W_normal.png,false,false
Sinnerenka,sinnerenka,'1837888914402779136',false,2024-09-22 19:17:42,,0,0,161,88,,0,https://www.twitter.com/sinnerenka,https://pbs.twimg.com/profile_images/1837892011812110336/D0ZLusDs_normal.jpg,false,false
fuckkwockyyy .,HOLYWOCKYYY,'1454901793343823873',false,2021-10-31 22:03:30,singleeeee .,82,83,414,331,"Detroit, MI",0,https://www.twitter.com/HOLYWOCKYYY,https://pbs.twimg.com/profile_images/1835100150936522752/0XKOvgQe_normal.jpg,false,false
Mark Khoury,Khourym123,'1837524265458974720',false,2024-09-21 19:08:32,,0,2,39,0,,0,https://www.twitter.com/Khourym123,https://abs.twimg.com/sticky/default_profile_images/default_profile_normal.png,false,false
InSports Media,InSports_Media,'1831335069979406336',false,2024-09-04 17:16:00,"We are InSports Media!
We are passionatly covering all the Major USA sports NFL, NBA, NHL & MLB!
Feel free to read, comment, like&share our content! Follow us!",13,14,35,36,"Miami, Florida, US",7,https://www.twitter.com/InSports_Media,https://pbs.twimg.com/profile_images/1834290945275129856/_Lnbgf-E_normal.jpg,false,false
saginghilaw,banana67074322,'1305756370709278722',false,2020-09-15 09:32:49,bat ka andito tangina mo layas,217,54,587,71,bangkay ni don rafael ibarra,12,https://www.twitter.com/banana67074322,https://pbs.twimg.com/profile_images/1773746929266212864/j3b-qFuY_normal.jpg,false,false
Curry,Curry5074475940,'1837880480676696065',false,2024-09-22 18:43:57,,2,3,17,2,,0,https://www.twitter.com/Curry5074475940,https://pbs.twimg.com/profile_images/1837880610821754881/X1skLSMk_normal.jpg,false,false
Idowu Taofik opeyemi,ikd_purest,'1766835671379931136',true,2024-03-10 16:37:36,"🏀⚽🎶.. Love Chelsea and the Golden state warriors,I'd love to make new friends and meet exciting and positive people..I'm always down for a chat or two...leggo",12,9,214,31,"Ikorudu, Nigeria",0,https://www.twitter.com/ikd_purest,https://pbs.twimg.com/profile_images/1766838933013295105/JYbSi2st_normal.jpg,false,false
Tollim02,Tollim02,'1837433685307465728',false,2024-09-21 13:08:38,,0,6,111,2,,0,https://www.twitter.com/Tollim02,https://abs.twimg.com/sticky/default_profile_images/default_profile_normal.png,false,false
𝕸𝖔𝖒𝖈𝖍𝖎𝖎💤,Vickyyy_2007,'1641991038255415296',false,2023-04-01 05:29:29,REVENGE,3298,229,222,2654,,9,https://www.twitter.com/Vickyyy_2007,https://pbs.twimg.com/profile_images/1819962708327821312/rCZ2HRrq_normal.jpg,false,false
Matte,Matte94584973,'1537005311759892481',false,2022-06-15 12:33:31,Ciao,30,32,341,73,,0,https://www.twitter.com/Matte94584973,https://abs.twimg.com/sticky/default_profile_images/default_profile_normal.png,false,false
fei ji,nitianwori,'1837393012017745920',false,2024-09-21 10:27:05,,0,0,97,7,,0,https://www.twitter.com/nitianwori,https://pbs.twimg.com/profile_images/1837393114837012480/49jiwiyX_normal.jpg,false,false
Baracuda Liwayway Bahaghari Yaranon,BaracudaYah,'1836701281467215872',false,2024-09-19 12:38:29,,0,0,95,0,,0,https://www.twitter.com/BaracudaYah,https://pbs.twimg.com/profile_images/1836701448916402176/Bg_GRvjp_normal.jpg,false,false
jackelinne yalibat hernandez,jackelinne4015,'1711513911571177472',false,2023-10-10 01:48:47,,0,6,18,3,,0,https://www.twitter.com/jackelinne4015,https://pbs.twimg.com/profile_images/1711514071751659520/PeAwszIY_normal.png,false,false
𝐍oah ⚡️,DiengSzn,'1837581860958011392',false,2024-09-21 22:57:17,𝐒𝐚𝐮𝐜𝐞 𝐈𝐭 𝐔𝐩 𖤐 - 𝐋il 𝐔zi 𝐕ert | #ThunderUp | Ousmane Dieng Stan,46,12,40,41,🦬,4,https://www.twitter.com/DiengSzn,https://pbs.twimg.com/profile_images/1837583651158020096/AKZEssHQ_normal.jpg,false,false
Canelo Alvarez vs Edgar Berlanga Live Free Hd,canelo_hd4625,'1830470666245844992',false,2024-09-02 08:00:09,Canelo Alvarez vs Edgar Berlanga Live on Hd #Canelo #Berlanga #CaneloBerlanga #boxing.,20,39,108,32,"Las Vegas, United States",20,https://www.twitter.com/canelo_hd4625,https://pbs.twimg.com/profile_images/1830470789235388416/iEWues4p_normal.jpg,false,false
dzy,dzy1954824,'1742846751239999488',false,2024-01-04 11:54:07,,0,5,23,0,,0,https://www.twitter.com/dzy1954824,https://abs.twimg.com/sticky/default_profile_images/default_profile_normal.png,false,false
Molly (Taylor’s Version),mollycarneyy,'2314523756',false,2014-01-28 01:54:53,"“combative, yet educated” | teacher | proud U of M - Twin Cities & UW Madison alum",1148,157,316,64441,,55,https://www.twitter.com/mollycarneyy,https://pbs.twimg.com/profile_images/1805681742969282560/UPG1PFId_normal.jpg,false,false
HundredthHunter,TheFlyingScoman,'1828541102317805568',false,2024-08-28 00:13:36,"Lover of dogs and all things delicious. Constantly seeking out new flavors and experiences. Charming and adventurous, just like my furry friends.",1180,65,587,3272,"Aberdeen, Scotland",277,https://www.twitter.com/TheFlyingScoman,https://pbs.twimg.com/profile_images/1837928047632056320/yQpgQNkJ_normal.jpg,false,false
A. Kalekos,AKalekos,'110336194',false,2010-02-01 07:26:53,,4,68,70,9,"Bay Area, California",1,https://www.twitter.com/AKalekos,https://pbs.twimg.com/profile_images/463700960502484992/zmZ9JYJG_normal.png,false,false
x,x4480471442324,'1837661684280053761',false,2024-09-22 04:14:32,,0,3,19,3,,0,https://www.twitter.com/x4480471442324,https://abs.twimg.com/sticky/default_profile_images/default_profile_normal.png,false,false
justin,justin940983621,'1834509078204399616',false,2024-09-13 11:27:21,,0,16,32,0,,0,https://www.twitter.com/justin940983621,https://abs.twimg.com/sticky/default_profile_images/default_profile_normal.png,false,false
chase,breakingnewgate,'1689322496372219906',false,2023-08-09 20:07:38,zzzzzzzz,0,146,69,0,,0,https://www.twitter.com/breakingnewgate,https://pbs.twimg.com/profile_images/1689323311354847233/MI1xxdjk_normal.jpg,false,false
iamsanches,iiamsanches,'1837784850088316931',false,2024-09-22 12:24:25,Destinado 2 vitórias,0,0,13,122,,0,https://www.twitter.com/iiamsanches,https://abs.twimg.com/sticky/default_profile_images/default_profile_normal.png,false,false
Veronique Belmar,veroniquebelmar,'135248687',false,2010-04-20 22:23:57,"Veronique Belmar is an academic, author and filmmaker. Completed her studies in the United Kingdom. Her company: Words of Life and Health Ltd. https://t.co/hgOUjJFlL0",222,891,3658,0,Great Britian  ,87,https://www.twitter.com/veroniquebelmar,https://pbs.twimg.com/profile_images/838550935/Front_Cover_normal.jpg,false,false
君莫笑,jnmxio37270,'1837853145919311872',false,2024-09-22 16:55:16,,0,1,32,0,,0,https://www.twitter.com/jnmxio37270,https://abs.twimg.com/sticky/default_profile_images/default_profile_normal.png,false,false
🐷🀄️,BJaqsjF4qf80960,'1837837682028007424',false,2024-09-22 15:53:53,,69,4,12,6,,0,https://www.twitter.com/BJaqsjF4qf80960,https://pbs.twimg.com/profile_images/1837848107197005824/bPaTEjuv_normal.jpg,false,false
noah_b89,noah_br8,'1837852163613040640',false,2024-09-22 16:51:46,,0,0,45,0,,0,https://www.twitter.com/noah_br8,https://pbs.twimg.com/profile_images/1837852574642216960/CqZDy_h6_normal.jpg,false,false
Fernando Torres,Predator_320,'1497216246034706434',false,2022-02-25 16:26:10,ᕦʕ •ᴥ•ʔᕤ,9,9,19,30,,1,https://www.twitter.com/Predator_320,https://pbs.twimg.com/profile_images/1804383250053287936/U-x_uCTR_normal.jpg,false,false
Max Yesir,MaxYesir38408,'1837852125772058624',false,2024-09-22 16:51:27,,0,3,44,0,,0,https://www.twitter.com/MaxYesir38408,https://pbs.twimg.com/profile_images/1837852210421538816/XSgCyc2D_normal.png,false,false
Simranjot Kaur,Gurnimrat_1602,'914762051725094912',false,2017-10-02 11:00:43,,0,10,253,17,,0,https://www.twitter.com/Gurnimrat_1602,https://abs.twimg.com/sticky/default_profile_images/default_profile_normal.png,false,false
Bhad Bunny,BhadBun56749673,'1497344203088711688',false,2022-02-26 00:54:27,"I'm 21, 
Pronoun: He,
Gamer and aspiring YouTube Content Creator.",3,0,39,4,Africa :3,1,https://www.twitter.com/BhadBun56749673,https://pbs.twimg.com/profile_images/1517574799446396928/p5pgYCIK_normal.jpg,false,false
محمد,mmd1219644,'1837376990870945792',true,2024-09-21 09:23:31,,0,0,12,0,,0,https://www.twitter.com/mmd1219644,https://pbs.twimg.com/profile_images/1837377097897009153/jJk3hX5V_normal.png,false,false
Singapore man,Singapore_fiz,'1837842765776134144',false,2024-09-22 16:14:10,,0,0,3,0,Singapore,0,https://www.twitter.com/Singapore_fiz,https://pbs.twimg.com/profile_images/1837844165461200896/O_HOnVH-_normal.jpg,false,false
Minalu Turgamo,Amen87643,'1837844315176931328',false,2024-09-22 16:20:29,,18,0,31,11,,0,https://www.twitter.com/Amen87643,https://pbs.twimg.com/profile_images/1837844858699968512/qNP6TTuA_normal.jpg,false,false
₍ ᐢ..ᐢ ₎,ourshe1w,'1837844058578079745',false,2024-09-22 16:19:28,ᯓ★ how u react is a reflection of who u are,0,4,19,2,,0,https://www.twitter.com/ourshe1w,https://pbs.twimg.com/profile_images/1837846280531595267/HNdwjn3R_normal.jpg,false,false
shauntyboi,dopexszzz,'1837844566126612480',false,2024-09-22 16:21:23,,0,0,5,0,,0,https://www.twitter.com/dopexszzz,https://pbs.twimg.com/profile_images/1837844648158740480/6eWKp2dV_normal.png,false,false
Prince Exilus,prin73169,'1836361115900489728',false,2024-09-18 14:06:41,,6,1,21,4,,0,https://www.twitter.com/prin73169,https://pbs.twimg.com/profile_images/1836361196112334848/dH_07ndJ_normal.png,false,false
Secret Mamamo,Le0ku2,'1837840158529671168',false,2024-09-22 16:05:48,,0,0,11,2,,0,https://www.twitter.com/Le0ku2,https://pbs.twimg.com/profile_images/1837840722428678147/9-ya3HlG_normal.png,false,false
Γιώργος Βροντισης,georgevrontas,'1810270600692391936',false,2024-07-08 14:12:30,,0,135,14,1,Λαγονήσι ,0,https://www.twitter.com/georgevrontas,https://pbs.twimg.com/profile_images/1812035194720854016/jaOhlc7l_normal.jpg,false,false
Amber Paluk,AmberPaluk,'1751213472187056128',false,2024-01-27 14:00:26,,0,1,49,0,,0,https://www.twitter.com/AmberPaluk,https://pbs.twimg.com/profile_images/1751213575278854144/DTNos5or_normal.png,false,false
岩井宙,sora_iwi,'1837834207047147520',false,2024-09-22 15:40:07,,0,1,71,1,,0,https://www.twitter.com/sora_iwi,https://pbs.twimg.com/profile_images/1837835032964354061/YwgPnxRV_normal.jpg,false,false
Yuzi Lu,YuziLu8345,'1837490367656054784',false,2024-09-21 16:53:54,,0,4,11,4,,0,https://www.twitter.com/YuziLu8345,https://pbs.twimg.com/profile_images/1837490439756062720/s9FpgrMa_normal.png,false,false
Roxy,agkz9,'1625165716369309696',false,2023-02-13 18:11:37,,5303,364,184,33115,,655,https://www.twitter.com/agkz9,https://pbs.twimg.com/profile_images/1821048495698001920/c-NgfDOq_normal.jpg,false,false
Everisto Mubanga,Everistobigslim,'1837833074924834820',false,2024-09-22 15:36:22,,0,1,61,0,,0,https://www.twitter.com/Everistobigslim,https://pbs.twimg.com/profile_images/1837833316323459072/KgMLUffj_normal.png,false,false
芬达,fnd046977888886,'1773707340455534592',false,2024-03-29 15:42:50,,0,0,13,0,,0,https://www.twitter.com/fnd046977888886,https://pbs.twimg.com/profile_images/1774281447509037056/ptHydUpu_normal.jpg,false,false
Dee,Dee902994173629,'1781540391021318144',false,2024-04-20 07:28:33,,0,17,157,0,,0,https://www.twitter.com/Dee902994173629,https://abs.twimg.com/sticky/default_profile_images/default_profile_normal.png,false,false
Ghana_Yellow,Ghana_Freestyle,'3831913212',false,2015-10-09 06:06:40,,32885,344,668,34803,,212,https://www.twitter.com/Ghana_Freestyle,https://pbs.twimg.com/profile_images/652404767440830464/tkJscyeL_normal.jpg,false,false
翁詳皓,RexHao0605,'1688318670098124800',false,2023-08-07 01:38:59,,0,0,23,63,,0,https://www.twitter.com/RexHao0605,https://pbs.twimg.com/profile_images/1688318784040517632/VfsxryxB_normal.jpg,false,false
ren.,jaehryoo_,'1837820565979385860',false,2024-09-22 14:46:15,,0,5,72,0,,0,https://www.twitter.com/jaehryoo_,https://pbs.twimg.com/profile_images/1837823361176817671/pmw7RrWI_normal.jpg,false,false
Vantwon Jones,VantwonJ45846,'1754991164329959424',false,2024-02-07 00:11:30,,0,7,107,3,,0,https://www.twitter.com/VantwonJ45846,https://abs.twimg.com/sticky/default_profile_images/default_profile_normal.png,false,false
Ervinas Sudnys,ervinass1,'1832752492469170176',false,2024-09-08 15:07:13,,0,1,41,0,Lithuania,0,https://www.twitter.com/ervinass1,https://pbs.twimg.com/profile_images/1837771621840392192/28itRqxT_normal.jpg,false,false
shia,ShiaD04,'1218866321808482306',true,2020-01-19 14:02:41,专注撸空，价值币。,492,50,61,703,,11,https://www.twitter.com/ShiaD04,https://pbs.twimg.com/profile_images/1451329967695007749/iBYublNi_normal.jpg,false,false
Greatness,Greatness6319,'1016645871319113729',false,2018-07-10 14:30:38,A man that will speak with truth and speak that truth to power. Know your purpose. God has placed Greatness in all of us,381,115,231,1662,"New Jersey, USA",0,https://www.twitter.com/Greatness6319,https://pbs.twimg.com/profile_images/1280123504227233793/3t9GFzW5_normal.jpg,false,false
Muq1218,muq1218,'1836089046764003330',false,2024-09-17 20:05:26,hope for world peace and for humanity to have no conflicts🕊🕊🕊,2,3,61,30,Hong Kong,2,https://www.twitter.com/muq1218,https://pbs.twimg.com/profile_images/1837818913637519361/qpaY3qJi_normal.jpg,false,false
Jeff Moerschel,JeffMoerschel,'2435840538',false,2014-04-09 20:53:40,,3,15,29,2,"Mequon, Wisconsin",0,https://www.twitter.com/JeffMoerschel,https://abs.twimg.com/sticky/default_profile_images/default_profile_normal.png,false,false
Ray Lena,ray30045,'1837207610971287552',false,2024-09-20 22:12:57,,1,62,205,1,,1,https://www.twitter.com/ray30045,https://pbs.twimg.com/profile_images/1837236116027576321/XSNeKL4x_normal.jpg,false,false
Trevor Kabungo,KabungoTre35649,'1836440094288318469',false,2024-09-18 19:20:36,,0,18,319,485,,0,https://www.twitter.com/KabungoTre35649,https://pbs.twimg.com/profile_images/1836440194624458784/i9yrMJdH_normal.png,false,false
tjrwlsdn,tjrwlsdn05,'1676499330172325889',false,2023-07-05 10:52:59,,0,199,291,3,,0,https://www.twitter.com/tjrwlsdn05,https://abs.twimg.com/sticky/default_profile_images/default_profile_normal.png,false,false
Ιωαννέτα Γερολυμάτου,IGerolymat45636,'1765104753858826240',false,2024-03-05 21:59:58,,0,152,47,7,,0,https://www.twitter.com/IGerolymat45636,https://pbs.twimg.com/profile_images/1765104990086119424/NBITH1jI_normal.png,false,false
劉小弟,mitchell0907_,'1837798499922202624',false,2024-09-22 13:18:23,,0,1,14,0,,0,https://www.twitter.com/mitchell0907_,https://pbs.twimg.com/profile_images/1837798592070942720/2-tJBx_U_normal.png,false,false
Pule,Pule_Mojaki,'1809864559781703680',false,2024-07-07 11:18:53,,0,126,354,836,,0,https://www.twitter.com/Pule_Mojaki,https://abs.twimg.com/sticky/default_profile_images/default_profile_normal.png,false,false
Юрий Боровицкий,UBorovickij,'1574406963017965570',false,2022-09-26 17:34:30,Белорусский поэт. Родился 16.08.1968 в посёлке Чаплин Гомельского района. Живу в г.п. Радошковичи Молодечненского района. Люблю свою Родину. Не люблю лжецов.,4709,1623,5387,2531,г.п. Радошковичи Минская обл.,147,https://www.twitter.com/UBorovickij,https://pbs.twimg.com/profile_images/1825809702480949248/bYXZHKYi_normal.jpg,false,false
Tristan,RNZ_Tris,'1755159292628590592',false,2024-02-07 11:19:36,,2,0,191,104,,0,https://www.twitter.com/RNZ_Tris,https://pbs.twimg.com/profile_images/1759082104493907968/70J7RWlY_normal.jpg,false,false
Ryan Fair,Blessed_riain_8,'1837800762337869824',false,2024-09-22 13:27:17,,0,3,25,0,,0,https://www.twitter.com/Blessed_riain_8,https://pbs.twimg.com/profile_images/1837801035257036801/04dtQktv_normal.jpg,false,false
MO,Sylency666,'1837714425496600576',false,2024-09-22 07:44:55,,0,0,17,0,,0,https://www.twitter.com/Sylency666,https://pbs.twimg.com/profile_images/1837715164491083776/Cbw63uDy_normal.jpg,false,false
skotanidou,skotanidou,'1822536110230163456',false,2024-08-11 10:31:01,,0,20,29,1,,0,https://www.twitter.com/skotanidou,https://pbs.twimg.com/profile_images/1822536512275156994/2K4rTnff_normal.jpg,false,false
Lunar Lunar,Lunar409,'1741073514600280064',false,2023-12-30 14:28:01,,2,0,5,20,,0,https://www.twitter.com/Lunar409,https://pbs.twimg.com/profile_images/1741073657210748928/THlmhS0s_normal.jpg,false,false
徐軒逸,xxuny853145,'1715345689121861632',false,2023-10-20 15:34:41,,0,14,87,5,,0,https://www.twitter.com/xxuny853145,https://pbs.twimg.com/profile_images/1715345796336672768/y72YTYXv_normal.jpg,false,false
Jerson Waskin,jersneczxc,'1837533635299495937',false,2024-09-21 19:45:56,,0,3,44,0,,0,https://www.twitter.com/jersneczxc,https://pbs.twimg.com/profile_images/1837587482579488768/65ILYAuk_normal.jpg,false,false
app,app149962,'1814601165512077312',false,2024-07-20 13:00:56,,0,0,297,391,,0,https://www.twitter.com/app149962,https://abs.twimg.com/sticky/default_profile_images/default_profile_normal.png,false,false
Riley Reid,Roman5817Reigns,'1836067168053571584',false,2024-09-17 18:38:34,,0,7,63,0,,0,https://www.twitter.com/Roman5817Reigns,https://pbs.twimg.com/profile_images/1836789030953885696/1Ar2wuTr_normal.jpg,false,false
luo,damn77842570902,'1837777791632527361',false,2024-09-22 11:55:53,,9,4,76,98,,0,https://www.twitter.com/damn77842570902,https://pbs.twimg.com/profile_images/1837797835988688896/Gug6vgXK_normal.jpg,false,false
darren Vincent darren,darrenVincentd4,'1447511474369224715',false,2021-10-11 13:36:59,,0,3,309,6,,0,https://www.twitter.com/darrenVincentd4,https://pbs.twimg.com/profile_images/1447511541981462530/0E5Yi5Wl_normal.jpg,false,false
GiannisGlazer,CSmarties_,'1737727230800019456',false,2023-12-21 08:50:51,I like basketball,1,22,52,181,,0,https://www.twitter.com/CSmarties_,https://pbs.twimg.com/profile_images/1784238160341590017/3LJOszWI_normal.jpg,false,false
Zavier Tay,ZavierTay313814,'1837777135890845697',false,2024-09-22 11:53:20,,0,0,16,0,,0,https://www.twitter.com/ZavierTay313814,https://abs.twimg.com/sticky/default_profile_images/default_profile_normal.png,false,false
徐太柠,xutaining,'1782142608363732992',false,2024-04-21 23:21:41,,1,10,82,4,,1,https://www.twitter.com/xutaining,https://pbs.twimg.com/profile_images/1782142685677281280/R8TZqosU_normal.png,false,false
QiQ770,vikki7713478,'1835328370407809024',false,2024-09-15 17:42:56,carpe diem~,8,0,28,0,,6,https://www.twitter.com/vikki7713478,https://pbs.twimg.com/profile_images/1837709468358135810/xfyZbjbX_normal.jpg,false,false
Russell,lilzeus111,'1837572914046291968',false,2024-09-21 22:21:48,,0,3,12,5,,0,https://www.twitter.com/lilzeus111,https://pbs.twimg.com/profile_images/1837575373414170624/WtnZrYAh_normal.jpg,false,false
poison9688,poison9688,'1837750300322770944',false,2024-09-22 10:06:44,,0,1,13,2,,0,https://www.twitter.com/poison9688,https://pbs.twimg.com/profile_images/1837750463057555456/yXxsD1jt_normal.jpg,false,false
James,winter_stark19,'1835402442634035200',true,2024-09-15 22:37:20,go your way,0,3,81,138,,0,https://www.twitter.com/winter_stark19,https://pbs.twimg.com/profile_images/1837121430909026304/An3QweoC_normal.jpg,false,false
Moussa Yaya,yaya_mouss65975,'1713774177193177088',false,2023-10-16 07:30:08,,2,10,189,15360,,0,https://www.twitter.com/yaya_mouss65975,https://pbs.twimg.com/profile_images/1713774302233829377/3thNtb3F_normal.png,false,false
kayo,kayo1749502,'1802057644842295296',false,2024-06-15 22:16:54,,0,4,28,0,,0,https://www.twitter.com/kayo1749502,https://abs.twimg.com/sticky/default_profile_images/default_profile_normal.png,false,false
breeze,breeze8151,'1837508029224235008',false,2024-09-21 18:03:59,,1,1,11,3,,0,https://www.twitter.com/breeze8151,https://pbs.twimg.com/profile_images/1837550424209141760/iOhCTCt2_normal.jpg,false,false
ethantan,ethantanxd,'1343018461513957376',false,2020-12-27 04:18:54,hello im a giant W (99.9% sure),15,33,77,116,,0,https://www.twitter.com/ethantanxd,https://pbs.twimg.com/profile_images/1631564398719545344/orgRQ8X3_normal.jpg,false,false
Sikhil,RajkumarSi34213,'1717480929294258176',true,2023-10-26 12:59:09,,2,0,10,243,,0,https://www.twitter.com/RajkumarSi34213,https://pbs.twimg.com/profile_images/1795683857464737792/ruAdpsi__normal.jpg,false,false
Samson Yohanna,yohanna_sa30402,'1836298726580658176',true,2024-09-18 09:58:54,,1,1,47,1,,0,https://www.twitter.com/yohanna_sa30402,https://pbs.twimg.com/profile_images/1836298840988598272/_NZuZ8RD_normal.png,false,false
Too Soo,TooSoo637972,'1796557276964331521',false,2024-05-31 18:00:32,,0,5,49,6,,0,https://www.twitter.com/TooSoo637972,https://pbs.twimg.com/profile_images/1796557379909427200/UoAjlsbH_normal.png,false,false
jomar,jomar2935928022,'1837759856285282304',false,2024-09-22 10:44:42,,0,3,43,0,,0,https://www.twitter.com/jomar2935928022,https://abs.twimg.com/sticky/default_profile_images/default_profile_normal.png,false,false
gff,gff116733,'1829758997492023298',false,2024-08-31 08:52:04,,0,10,127,66,,0,https://www.twitter.com/gff116733,https://abs.twimg.com/sticky/default_profile_images/default_profile_normal.png,false,false
Marios,Marios247678,'1835412486440284160',false,2024-09-15 23:17:12,,0,10,28,0,,0,https://www.twitter.com/Marios247678,https://abs.twimg.com/sticky/default_profile_images/default_profile_normal.png,false,false
nlbnlb,liu_quan79897,'1831304386745888768',false,2024-09-04 15:12:52,,0,4,16,0,,0,https://www.twitter.com/liu_quan79897,https://pbs.twimg.com/profile_images/1835103248891494400/ACrU3KoZ_normal.jpg,false,false
kokilo,kokilo1050924,'1837754419456495617',false,2024-09-22 10:23:07,,0,4,60,0,,0,https://www.twitter.com/kokilo1050924,https://abs.twimg.com/sticky/default_profile_images/default_profile_normal.png,false,false
Ghazzy🇳🇬,Ghazzy02,'1829671027372072960',false,2024-08-31 03:03:12,"Fashion designer
Transforming ideas into reality",33,44,913,1048,"Federal Capital Territory, Nig",2,https://www.twitter.com/Ghazzy02,https://pbs.twimg.com/profile_images/1829671245257854977/7i5jRs6O_normal.png,false,false
juicewrld 🛐,Abdulwahab13728,'1813867676978315264',false,2024-07-18 12:25:48,I HALA MADRID ❤️‍🔥,14,2,333,26,,0,https://www.twitter.com/Abdulwahab13728,https://pbs.twimg.com/profile_images/1835749100915994624/dPz3CBaa_normal.jpg,false,false
._.,thlldj,'1505098588346470401',false,2022-03-19 10:27:35,hi,0,0,60,67,,0,https://www.twitter.com/thlldj,https://pbs.twimg.com/profile_images/1505103976865284097/FC81gHub_normal.jpg,false,false
Runaway728,Runaway72884251,'1836242248960479234',false,2024-09-18 06:14:12,,0,0,32,3,,0,https://www.twitter.com/Runaway72884251,https://pbs.twimg.com/profile_images/1836242355156054016/Uq1K6ggA_normal.jpg,false,false
Dizonga,dizongaa,'1794950489240453120',false,2024-05-27 07:36:06,,0,274,1277,6,,0,https://www.twitter.com/dizongaa,https://pbs.twimg.com/profile_images/1830012117417656320/mxufFC5N_normal.jpg,false,false
Marcus Smith jr,samdestoryit,'1836687028102074368',false,2024-09-19 11:41:41,,42,5,140,33,,3,https://www.twitter.com/samdestoryit,https://pbs.twimg.com/profile_images/1836687155772432384/nm6El6g2_normal.jpg,false,false
Nx.A,NxAbcdefg,'1837561595234603011',false,2024-09-21 21:36:47,,0,0,16,0,,0,https://www.twitter.com/NxAbcdefg,https://abs.twimg.com/sticky/default_profile_images/default_profile_normal.png,false,false
Chas Bilek,charlesb4190,'4627453875',false,2015-12-28 03:59:02,,17,44,131,179,"Milwaukee, WI",0,https://www.twitter.com/charlesb4190,https://pbs.twimg.com/profile_images/1650920780627079178/PQ3TODnj_normal.jpg,false,false
几把,ji_ba74932,'1790950999332728832',false,2024-05-16 06:43:21,,0,1,52,109,,0,https://www.twitter.com/ji_ba74932,https://pbs.twimg.com/profile_images/1790951213435080704/eRJFSzOf_normal.jpg,false,false
哈登,yousangshisb,'1837366124285214720',false,2024-09-21 08:40:04,,2,0,31,3,,0,https://www.twitter.com/yousangshisb,https://pbs.twimg.com/profile_images/1837366314026897408/ij5ah-iG_normal.jpg,false,false
DAMARION DEJONY,dejony98832,'1837578065398190081',false,2024-09-21 22:42:21,,0,0,47,0,,0,https://www.twitter.com/dejony98832,https://pbs.twimg.com/profile_images/1837578132179898368/-ngDhTCQ_normal.jpg,false,false
Sebastian,and_uuu57397,'1756735601884463104',false,2024-02-11 19:43:14,,1,1,31,7,,0,https://www.twitter.com/and_uuu57397,https://pbs.twimg.com/profile_images/1807974470583570435/UsRC9Ksr_normal.jpg,false,false
F1ro,kai_zong20326,'1837716161469075456',false,2024-09-22 07:51:07,,0,1,33,14,,0,https://www.twitter.com/kai_zong20326,https://pbs.twimg.com/profile_images/1837717264050933760/yFMpDPVv_normal.jpg,false,false
Jonathan Beddy,JonathanBeddy,'1806258684944941056',false,2024-06-27 12:30:48,,20,165,430,582,,0,https://www.twitter.com/JonathanBeddy,https://pbs.twimg.com/profile_images/1806258873801596928/aMsIwrXt_normal.png,false,false
Victor Sampson,VictorSamp54147,'1688435639640068096',false,2023-08-07 09:24:36,,0,14,19,1,,0,https://www.twitter.com/VictorSamp54147,https://abs.twimg.com/sticky/default_profile_images/default_profile_normal.png,false,false
Jorge Silva,Jorgeyork247,'830869590930518021',false,2017-02-12 22:02:02,Artistas Música Entretenimiento,0,33,309,3380,"Paracho, Michoacán de Ocampo",0,https://www.twitter.com/Jorgeyork247,https://pbs.twimg.com/profile_images/957321720519626752/nknp9_eq_normal.jpg,false,false
Cam Moore,Deacon_CamEsco,'1572414525005271040',true,2022-09-21 05:37:10,,44,261,451,13,,1,https://www.twitter.com/Deacon_CamEsco,https://pbs.twimg.com/profile_images/1572414604181143552/kOm1qcPg_normal.jpg,false,false
Mr. Yang,yj1989315,'1837728513006489603',true,2024-09-22 08:40:04,,0,3,33,0,,0,https://www.twitter.com/yj1989315,https://pbs.twimg.com/profile_images/1837728743005241344/FccKJTWh_normal.jpg,false,false
Geraldcabrera123 Cabrera123,Geraldcabr48064,'1678605691785822208',false,2023-07-11 06:22:54,,0,3,20,0,,0,https://www.twitter.com/Geraldcabr48064,https://pbs.twimg.com/profile_images/1678605759272177669/Xf-_54WV_normal.png,false,false
David Rams,DavidRams121630,'1837724293540589568',false,2024-09-22 08:23:41,,0,0,3,0,,0,https://www.twitter.com/DavidRams121630,https://pbs.twimg.com/profile_images/1837724429658251264/L2I0B_gE_normal.png,false,false
เจ้าชายƸ̵̡Ӝ̵̨̄Ʒ🤴,Kenkung123_,'1507707286210641929',false,2022-03-26 15:13:35,( ศิลปิน ) New Twitter Go to 10K ฝากติดตามด้วยน๊าาาา คุณเจ้าหญิง DM มาทำความรู้จักกันได้เยย🩵 อยากคุยแนบรูปมาด้วยน๊าา😊 ชอบผู้หญิงครับ,43,87,1816,28,,22,https://www.twitter.com/Kenkung123_,https://pbs.twimg.com/profile_images/1780330153878458368/NU6UBxVE_normal.jpg,false,false
Xitlali,Xitlali488096,'1837702249180766208',false,2024-09-22 06:55:44,,6,0,19,13,,0,https://www.twitter.com/Xitlali488096,https://pbs.twimg.com/profile_images/1837702612390662144/f6hsOnzq_normal.jpg,false,false
xiaomei,xiaomei007119,'1837367394844741632',false,2024-09-21 08:45:08,,0,3,15,0,,0,https://www.twitter.com/xiaomei007119,https://pbs.twimg.com/profile_images/1837367467922051072/JLiGVlva_normal.jpg,false,false
An,DAannnnnnn09,'1835181155848798210',true,2024-09-15 07:57:51,,0,0,19,6,,0,https://www.twitter.com/DAannnnnnn09,https://pbs.twimg.com/profile_images/1837723904229490688/cyaxVDd1_normal.jpg,false,false
Mike,Mike080524,'1837555648608792576',false,2024-09-21 21:13:09,,0,0,19,0,,0,https://www.twitter.com/Mike080524,https://pbs.twimg.com/profile_images/1837555754552758272/jGUNpUqX_normal.jpg,false,false
a feng,afeng06271817,'1837713201947201537',false,2024-09-22 07:39:17,,0,3,17,0,,0,https://www.twitter.com/afeng06271817,https://pbs.twimg.com/profile_images/1837713350685609988/VdK1P0bj_normal.jpg,false,false
giorgos_ilias,giorgos_ilias1,'581863852',true,2012-05-16 17:03:30,,2303,89,291,2015,,883,https://www.twitter.com/giorgos_ilias1,https://pbs.twimg.com/profile_images/2612436590/LRB5uyET_normal,false,false
劉成真,lichngzhn540762,'1837058663837765632',false,2024-09-20 12:18:22,,0,0,15,0,,0,https://www.twitter.com/lichngzhn540762,https://pbs.twimg.com/profile_images/1837058714521788416/rThKiIOF_normal.jpg,false,false
Jason,juicyj_05,'1824155289932967936',false,2024-08-15 21:46:24,,0,61,160,0,"Ohio, USA",0,https://www.twitter.com/juicyj_05,https://pbs.twimg.com/profile_images/1837714581059235841/9J5LdF7L_normal.jpg,false,false
蒋大成,jjjjjjjjjdc005,'936452445521235968',false,2017-12-01 06:30:36,,2,0,127,8,,0,https://www.twitter.com/jjjjjjjjjdc005,https://abs.twimg.com/sticky/default_profile_images/default_profile_normal.png,false,false
姚宥呈,ChengYou9501,'1703759868799393792',false,2023-09-18 16:16:54,,4,0,12,0,,0,https://www.twitter.com/ChengYou9501,https://pbs.twimg.com/profile_images/1703760008163536896/4F_qxpnj_normal.png,false,false
Cole,Cole_yard08,'1816899247289303041',false,2024-07-26 21:11:59,Maconaquah High School|C/O 2027|5’7 G🏀| email:Coleyard2008@gmail.com|number:765-419-4336,1,31,461,4,"Bunker Hill, IN",0,https://www.twitter.com/Cole_yard08,https://pbs.twimg.com/profile_images/1816899407184314369/6hAx3L5O_normal.jpg,false,false
Kimberly McGough,KimberlyMc37301,'1761639023632904192',false,2024-02-25 08:28:15,,260,77,903,263,,5,https://www.twitter.com/KimberlyMc37301,https://abs.twimg.com/sticky/default_profile_images/default_profile_normal.png,false,false
ゆーけ,jE5v65Nw8sqQX6h,'1546835741874868224',false,2022-07-12 15:36:18,,611,103,235,1472,,8,https://www.twitter.com/jE5v65Nw8sqQX6h,https://pbs.twimg.com/profile_images/1748722296368349184/SWJJO3m6_normal.jpg,false,false
Rylan Siegel,ry_seagull,'1837703454174703616',true,2024-09-22 07:00:34,probably playing frisbee,0,10,217,0,,0,https://www.twitter.com/ry_seagull,https://pbs.twimg.com/profile_images/1837703997714522112/kNkhwtms_normal.jpg,false,false
Ahmed,Ahmed2tuff_30,'1837706083667697664',false,2024-09-22 07:11:05,@warriors fan,0,2,173,16,,0,https://www.twitter.com/Ahmed2tuff_30,https://pbs.twimg.com/profile_images/1837841191875817472/cOAevs2E_normal.jpg,false,false
カメ,df85668,'1675058227896270848',false,2023-07-01 11:26:38,,0,2,51,238,,0,https://www.twitter.com/df85668,https://pbs.twimg.com/profile_images/1675058410776317953/6ALmE6ff_normal.jpg,false,false
Obito uchiha,uchiha119762,'1785195293585059840',false,2024-04-30 09:31:48,,3,17,16,227,,0,https://www.twitter.com/uchiha119762,https://pbs.twimg.com/profile_images/1785195436048826368/sntE2tOJ_normal.jpg,false,false
翁丞寬（W.C.K）,WCK1064570,'1837100553329115136',false,2024-09-20 15:04:54,,0,0,22,0,,0,https://www.twitter.com/WCK1064570,https://pbs.twimg.com/profile_images/1837100623562690560/4cjj6o0R_normal.jpg,false,false
Eddie Andrews,mrunc007357,'1297314389482250241',true,2020-08-23 02:27:35,,98,265,4024,4900,,7,https://www.twitter.com/mrunc007357,https://pbs.twimg.com/profile_images/1525711964651110401/kM3C6Iub_normal.jpg,false,false
nicheng,Cao15263922597,'1835980860186841088',true,2024-09-17 12:55:32,,4,8,25,1,,0,https://www.twitter.com/Cao15263922597,https://pbs.twimg.com/profile_images/1835981015715909632/MfxeeIdB_normal.jpg,false,false
Jordan Smith,JordanSm1th5,'1837702800673067008',false,2024-09-22 06:58:12,,0,0,23,0,,0,https://www.twitter.com/JordanSm1th5,https://pbs.twimg.com/profile_images/1837703035830915075/HVRuYqgX_normal.jpg,false,false
lópez david,Dlop3z_242310,'1675018101262254080',false,2023-07-01 08:47:26,,0,5,26,10,,0,https://www.twitter.com/Dlop3z_242310,https://pbs.twimg.com/profile_images/1675018253926531073/ym_ow4-i_normal.jpg,false,false
__Nkay042006,nkay04200688690,'1837330841128534016',false,2024-09-21 06:20:00,,1,23,441,23,,0,https://www.twitter.com/nkay04200688690,https://abs.twimg.com/sticky/default_profile_images/default_profile_normal.png,false,false
Mario jr Ocasla,ocasla71892,'1831348996197044224',false,2024-09-04 18:10:36,,0,3,12,0,,0,https://www.twitter.com/ocasla71892,https://pbs.twimg.com/profile_images/1831349151491141633/JVioX_Jq_normal.png,false,false
こま1326,komanao1326,'1822612163351162880',false,2024-08-11 15:33:18,"麻雀と音楽好き。雀魂やってます。24.8.12に、ようやくW魂天に。四麻:魂1 三麻:魂2

2024は、ずとまよツアー群馬と埼玉参戦予定",43,31,77,13,,5,https://www.twitter.com/komanao1326,https://pbs.twimg.com/profile_images/1823039932639940608/HQKlDwmR_normal.jpg,false,false
Jokkkic,jokikic,'1677000337042067456',false,2023-07-06 20:03:41,,2,3,39,1,,0,https://www.twitter.com/jokikic,https://abs.twimg.com/sticky/default_profile_images/default_profile_normal.png,false,false
Layton Street,layton_str51562,'1778466115812769792',false,2024-04-11 19:52:45,,0,3,32,0,,0,https://www.twitter.com/layton_str51562,https://pbs.twimg.com/profile_images/1837692186416054272/gjyvGsIU_normal.jpg,false,false
Ty,TytheKidFromAtl,'1836595464268902400',false,2024-09-19 05:37:54,,3,9,240,5,,0,https://www.twitter.com/TytheKidFromAtl,https://pbs.twimg.com/profile_images/1836595622243094528/CLWZD7pU_normal.jpg,false,false
nolowong,nolowong31234,'1837215828355469314',false,2024-09-20 22:42:55,,0,3,14,0,,0,https://www.twitter.com/nolowong31234,https://pbs.twimg.com/profile_images/1837215932411752448/Q19y7Jip_normal.jpg,false,false
Reynaldo Dalugdog,RykCedRy,'1837686675360960513',false,2024-09-22 05:54:08,,0,3,34,0,,0,https://www.twitter.com/RykCedRy,https://abs.twimg.com/sticky/default_profile_images/default_profile_normal.png,false,false
Saint 🐬☠️,CanesJ79744,'1758286275864584192',false,2024-02-16 02:25:09,"Boxing 🥊 Fan, 🇫🇷🇸🇦, PSG 🔴⚪️Chiefs and Celtics fan, NFT and crypto",2189,450,1548,12513,"Miami, FL",188,https://www.twitter.com/CanesJ79744,https://pbs.twimg.com/profile_images/1832250283981721600/3bGkK4A6_normal.jpg,false,false
Ruben Carlos,rubencarlos520,'1800803483303751681',false,2024-06-12 11:13:14,,27,2,29,3,,0,https://www.twitter.com/rubencarlos520,https://pbs.twimg.com/profile_images/1800803533958393856/nphLCyT__normal.jpg,false,false
Kaylon Brown,no1fwkay,'1837618217550073858',false,2024-09-22 01:21:47,,3,5,84,52,,0,https://www.twitter.com/no1fwkay,https://abs.twimg.com/sticky/default_profile_images/default_profile_normal.png,false,false
Stunna Boy,the_stunnaboy,'1837677471136681984',false,2024-09-22 05:17:21,•DM For Collab/Features🎤 •DM For Booking🎥,24,27,470,74,,0,https://www.twitter.com/the_stunnaboy,https://pbs.twimg.com/profile_images/1838098978216247296/vJhxHd1x_normal.jpg,false,false
Name for name,buanfender46260,'1674667532798631936',true,2023-06-30 09:34:08,。。。,55,0,12,10,,0,https://www.twitter.com/buanfender46260,https://abs.twimg.com/sticky/default_profile_images/default_profile_normal.png,false,false
葉隼豪,Jackson_zico,'1816503641018433536',false,2024-07-25 19:00:22,,0,0,22,0,,0,https://www.twitter.com/Jackson_zico,https://pbs.twimg.com/profile_images/1837683739004219392/lG9dVw4y_normal.jpg,false,false
viotto72x,viotto72x,'1784937299987288064',false,2024-04-29 16:26:48,,4,9,32,2,,0,https://www.twitter.com/viotto72x,https://pbs.twimg.com/profile_images/1819094338158067713/ZZIMpNT4_normal.jpg,false,true
先生,qi_hao85646,'1734229662648459264',false,2023-12-11 17:12:35,,109,77,1883,2077,新郑,1,https://www.twitter.com/qi_hao85646,https://pbs.twimg.com/profile_images/1734229813291110401/G6nDEHO8_normal.jpg,false,false
YUHANG Xu,laughaway5218,'1837666525463171075',false,2024-09-22 04:34:15,,0,4,14,0,,0,https://www.twitter.com/laughaway5218,https://pbs.twimg.com/profile_images/1837666691163344900/jhk2m7PU_normal.png,false,false
Roberto Robles,RoobertoR0311,'1778246891110866944',false,2024-04-11 05:21:26,,1,0,31,0,,0,https://www.twitter.com/RoobertoR0311,https://pbs.twimg.com/profile_images/1778247111806717952/XqeCY-pD_normal.jpg,false,false
Joseph Bailey,Bail25774Joseph,'1826067261100273665',false,2024-08-21 04:23:50,,14,55,589,0,,0,https://www.twitter.com/Bail25774Joseph,https://pbs.twimg.com/profile_images/1826067657810128899/dQ3fOs1h_normal.png,false,false
月半猫,ban_mao4872,'1837543675787988996',false,2024-09-21 20:25:39,,0,1,32,5,,0,https://www.twitter.com/ban_mao4872,https://pbs.twimg.com/profile_images/1837543729126952962/rtWLzD-1_normal.png,false,false
l12926,l_21397,'1836343763398201348',false,2024-09-18 12:57:38,,0,3,18,0,,0,https://www.twitter.com/l_21397,https://pbs.twimg.com/profile_images/1836344415096594432/h5WYjhWL_normal.jpg,false,false
Joker,cba1295,'1837596125471334400',false,2024-09-21 23:54:02,What is life without a little humor 🃏,10,6,16,19,,0,https://www.twitter.com/cba1295,https://pbs.twimg.com/profile_images/1837862444837797888/kKsVR3QA_normal.jpg,false,false
benny,benny15219620,'847398156253904899',false,2017-03-30 13:40:39,,7,0,387,13,,0,https://www.twitter.com/benny15219620,https://abs.twimg.com/sticky/default_profile_images/default_profile_normal.png,false,false
Cheng,Cheng5487666,'1837659589053239296',false,2024-09-22 04:06:16,,0,0,126,0,,0,https://www.twitter.com/Cheng5487666,https://pbs.twimg.com/profile_images/1837696758367113216/1b7dsWn6_normal.jpg,false,false
Stephen,Stephen44721542,'1835718753813774336',false,2024-09-16 19:34:02,,3,9,38,0,,2,https://www.twitter.com/Stephen44721542,https://pbs.twimg.com/profile_images/1836444409874841607/WvPRYa6t_normal.jpg,false,false
spooky 🥷 👻,OGcheater,'1682163313281515522',true,2023-07-21 01:59:30,I love white girls ❄️🐰. Professional shit poster. #heatnation #finsup #gonoles,33451,741,6058,68629,Small town florida 🌴 🌞 🌊 ,393,https://www.twitter.com/OGcheater,https://pbs.twimg.com/profile_images/1836153583697375233/nm8p7Iqg_normal.jpg,false,false
Rory Mannion,Congaschlawg,'1837658966610137088',false,2024-09-22 04:03:46,,0,3,21,2,,0,https://www.twitter.com/Congaschlawg,https://pbs.twimg.com/profile_images/1837659229617856512/Vgj1ngfJ_normal.jpg,false,false
ye,petethelman5,'1826832490993950720',false,2024-08-23 07:03:09,,2,88,627,22,,0,https://www.twitter.com/petethelman5,https://pbs.twimg.com/profile_images/1827759787934679040/rz2LkFLb_normal.jpg,false,false
Taylor,Taylor660055802,'1823152211117178880',false,2024-08-13 03:19:03,,0,32,47,0,,0,https://www.twitter.com/Taylor660055802,https://abs.twimg.com/sticky/default_profile_images/default_profile_normal.png,false,false
Jordan,Jordan314642901,'1837258442270199809',false,2024-09-21 01:32:22,,0,8,32,1,,0,https://www.twitter.com/Jordan314642901,https://abs.twimg.com/sticky/default_profile_images/default_profile_normal.png,false,false
Dany Copca,Dany19232810811,'1837613711248289792',false,2024-09-22 01:04:01,IMMA SHOW YOU HOW GREAT I AM,41,4,62,149,,10,https://www.twitter.com/Dany19232810811,https://pbs.twimg.com/profile_images/1837614007991017472/BPIJRkrJ_normal.jpg,false,false
Elaine Hanson,ElaineHans30142,'1837649594466918400',false,2024-09-22 03:26:35,,0,2,96,0,,0,https://www.twitter.com/ElaineHans30142,https://abs.twimg.com/sticky/default_profile_images/default_profile_normal.png,false,false
Tim Lester,Dawgfan1390,'1690115582023065600',false,2023-08-12 00:39:13,,37,176,175,17,,0,https://www.twitter.com/Dawgfan1390,https://pbs.twimg.com/profile_images/1690115680543100928/7mMkaetz_normal.jpg,false,false
Hamza Mohamed,HamzaMoham79949,'1837650456471891968',false,2024-09-22 03:29:59,,0,1,22,0,,0,https://www.twitter.com/HamzaMoham79949,https://pbs.twimg.com/profile_images/1837650517385781248/JzldxFhZ_normal.png,false,false
x,x6184167545286,'1837647341173854208',false,2024-09-22 03:17:28,,0,3,15,1,,0,https://www.twitter.com/x6184167545286,https://abs.twimg.com/sticky/default_profile_images/default_profile_normal.png,false,false
Jasper1223,Jasper1223_,'1835596759718154241',false,2024-09-16 11:30:03,,0,13,14,45,,0,https://www.twitter.com/Jasper1223_,https://abs.twimg.com/sticky/default_profile_images/default_profile_normal.png,false,false
Amelie Sanou,AmelieSano5782,'1837640348211740672',false,2024-09-22 02:50:17,,0,0,33,0,,0,https://www.twitter.com/AmelieSano5782,https://pbs.twimg.com/profile_images/1837640524469256192/CzoE4jOf_normal.png,false,false
Victor Vera,VictorV62358501,'1829595986492018688',true,2024-08-30 22:04:44,,1,24,114,443,,0,https://www.twitter.com/VictorV62358501,https://pbs.twimg.com/profile_images/1829596131954688001/9HERC3LN_normal.png,false,false
DaShawn Franklin,Dashawn7690,'1312501344083808257',false,2020-10-04 00:14:50,,0,56,113,6,,0,https://www.twitter.com/Dashawn7690,https://pbs.twimg.com/profile_images/1312501567967371265/KHLDO7qT_normal.jpg,false,false
Irwin Rolle,irwin_roll48765,'1837628436791099392',true,2024-09-22 02:03:06,,51,13,99,0,,1,https://www.twitter.com/irwin_roll48765,https://pbs.twimg.com/profile_images/1837628649920778243/wTeVUUN9_normal.jpg,false,false
Tsuwa Thomas,ThomasTsuwa,'1792188564798623744',true,2024-05-19 16:40:41,"Funny, smart, cute(for the ladies), single, loves good food, Nigerian,........
Big time basketballer 🏀......
Talented misician",4,3,78,70,Abuja ,0,https://www.twitter.com/ThomasTsuwa,https://pbs.twimg.com/profile_images/1821132498178338816/YLUvEiHm_normal.jpg,false,false
Xuehai Zheng,XuehaiZ59834,'1837628326875484162',false,2024-09-22 02:02:01,,1,2,17,7,,0,https://www.twitter.com/XuehaiZ59834,https://pbs.twimg.com/profile_images/1837628475639058432/mnsnK6t7_normal.jpg,false,false
Thiate Traore,ThiateT9789,'1837625309509963776',false,2024-09-22 01:51:40,,0,0,26,0,,0,https://www.twitter.com/ThiateT9789,https://pbs.twimg.com/profile_images/1837625774074916865/MEd32KGx_normal.png,false,false
Rezig,Rezigkl,'1825751110130302977',false,2024-08-20 07:26:10,,0,52,54,20,,0,https://www.twitter.com/Rezigkl,https://pbs.twimg.com/profile_images/1825751464146255873/_OYmcgea_normal.jpg,false,false
几吧,STADIUHCN,'1833722126731472896',false,2024-09-11 07:20:28,,0,0,16,3,,0,https://www.twitter.com/STADIUHCN,https://pbs.twimg.com/profile_images/1833722255131705345/c4CEJ3MT_normal.png,false,false
Ari Brielle ✨✨💕,aribriella0,'1664872711674294272',true,2023-06-03 08:53:03,23 | Music addict 🎶 | Concert junkie 🤘 | Living for the next live show | Chasing good vibes & great tunes,9,12,212,36,,0,https://www.twitter.com/aribriella0,https://pbs.twimg.com/profile_images/1837647232603971584/y-dBezVk_normal.jpg,false,false
Cesar Muñoz,RyoMunoz07,'1837134965974147072',false,2024-09-20 17:21:45,,8,1,74,491,,0,https://www.twitter.com/RyoMunoz07,https://pbs.twimg.com/profile_images/1837138922096275456/bpIEYey4_normal.jpg,false,false
Anna Aga,Anna_AgaGR,'291565528',false,2011-05-02 10:14:25,"Feels so good making, tasting, enjoying wine ... Cheers 😉 #winelover",1494,864,875,2175,Greece,142,https://www.twitter.com/Anna_AgaGR,https://pbs.twimg.com/profile_images/3385036764/b588ed4c938882d2f6d2a87bd35a7207_normal.jpeg,false,false
JD Davison Muse (more rings than embiid),JD_DavisonMuse,'1795220016326905856',false,2024-05-28 01:26:36,"JD Davison Muse. Not affiliated with @statmuse #differenthere
i love @nba2kmyteam",450,511,679,55,,56,https://www.twitter.com/JD_DavisonMuse,https://pbs.twimg.com/profile_images/1811833790198648832/S-qKcJdy_normal.jpg,false,false
V1 Decay,V1Decay,'1814397404403380226',false,2024-07-19 23:30:35,"Competitive Lead for @Vishesesports !! use code V1 for 10% Off @drinkPOGGERS 1,500$ earned 2x duo cash cup finalist 1x grand finalist 🏆 inquiries:",30,107,636,20,,4,https://www.twitter.com/V1Decay,https://pbs.twimg.com/profile_images/1836808270914236420/tqdns39Y_normal.jpg,false,false
Brook Cadet,DontFidd69878,'1807138853796638721',false,2024-06-29 22:47:57,,9,35,405,30,,0,https://www.twitter.com/DontFidd69878,https://pbs.twimg.com/profile_images/1807138960554291200/Pi4e75p3_normal.png,false,false
R0mey Privatus,R0meyPrivatus,'1727078450475716608',false,2023-11-21 23:36:29,business man nd football fan🤙⚽️,0,294,1300,3681,,0,https://www.twitter.com/R0meyPrivatus,https://pbs.twimg.com/profile_images/1798575132669345792/Puu5oO8x_normal.jpg,false,false
Hdhd,HopkinsKiyon,'1609432901635956738',false,2023-01-01 08:14:58,,58,274,1502,846,,3,https://www.twitter.com/HopkinsKiyon,https://pbs.twimg.com/profile_images/1727853286512889856/-2-v5g8X_normal.jpg,false,false
CanadianSeal with Skill Issues,CanadiansealI,'1611392319202234370',false,2023-01-06 18:00:59,,1,0,6,0,,0,https://www.twitter.com/CanadiansealI,https://pbs.twimg.com/profile_images/1611392395098062848/DvJDpDdE_normal.jpg,false,false
Corey,Corey8456944696,'1836593535828533248',false,2024-09-19 05:30:19,,0,3,11,0,,0,https://www.twitter.com/Corey8456944696,https://pbs.twimg.com/profile_images/1836593634646335488/XXVQq8qH_normal.png,false,false
Alex Young,ayoung970,'1837593284937764864',false,2024-09-21 23:42:50,,0,9,110,48,,0,https://www.twitter.com/ayoung970,https://pbs.twimg.com/profile_images/1837597582299643904/88yIFrxO_normal.jpg,false,false
hossam Eltayeb,EltayebHos69991,'1837569681726517249',false,2024-09-21 22:09:12,,0,0,10,0,,0,https://www.twitter.com/EltayebHos69991,https://pbs.twimg.com/profile_images/1837569791457976320/mZaNsaZd_normal.png,false,false
Louis Lambert,LambertLou76483,'1837591467696480256',true,2024-09-21 23:35:38,,0,4,97,63,,0,https://www.twitter.com/LambertLou76483,https://pbs.twimg.com/profile_images/1837591673712394240/cTKAqygo_normal.jpg,false,false
Bojo Seteru 🏴‍☠️,Xerojima,'1709937517615816704',false,2023-10-05 17:24:30,Èl Consigliere,208,288,694,975,,3,https://www.twitter.com/Xerojima,https://pbs.twimg.com/profile_images/1709939300484472832/AtA_8TuE_normal.jpg,false,false
Bacontoasyer64,bacontoasyer64,'1617087753274986496',false,2023-01-22 11:12:45,,0,0,8,0,,0,https://www.twitter.com/bacontoasyer64,https://pbs.twimg.com/profile_images/1617087948658294787/Knl5CPOl_normal.jpg,false,false
pg.keem,PgKeem234,'1805370351523606529',false,2024-06-25 01:40:20,✝️,28,65,78,308,,0,https://www.twitter.com/PgKeem234,https://pbs.twimg.com/profile_images/1820463672809967617/DedfnVAH_normal.jpg,false,false
pavlos saridis,SaridisPavlos,'1469338528932843521',false,2021-12-10 18:10:09,,0,9,39,5,,0,https://www.twitter.com/SaridisPavlos,https://pbs.twimg.com/profile_images/1469338657169547264/lBZAGCsj_normal.jpg,false,false
DDarKeyEE,DDarKeyEE_,'1835216100931649537',false,2024-09-15 10:16:40,,0,9,40,64,,0,https://www.twitter.com/DDarKeyEE_,https://pbs.twimg.com/profile_images/1835216230271401986/NBIadUoa_normal.jpg,false,false
IBB_the_Fiffth,bryan_inema,'1114033878384115713',false,2019-04-05 08:15:49,,17,6,156,265,,5,https://www.twitter.com/bryan_inema,https://pbs.twimg.com/profile_images/1416901843389669377/RQdCeqbr_normal.jpg,false,false
Julio Meela,JulioMeela91103,'1827359981621944321',false,2024-08-24 17:59:38,,19,1,73,52,,1,https://www.twitter.com/JulioMeela91103,https://pbs.twimg.com/profile_images/1827360122114338816/zHGWroei_normal.png,false,false
Arc Building Partners,ArcBuildPrtnrs,'1830286164949172224',false,2024-09-01 19:46:53,An innovative construction management firm founded on blue-sky thinking.,54,828,122,9,"Buffalo, NY",43,https://www.twitter.com/ArcBuildPrtnrs,https://pbs.twimg.com/profile_images/1830629556673466368/jX3YmqTe_normal.jpg,false,false
TGT360,MaskedLunatic,'1711136376417030144',false,2023-10-09 00:48:16,New Twitter Account. YouTube Channel: https://t.co/FKUAwPOqEx,2,111,207,130,,1,https://www.twitter.com/MaskedLunatic,https://pbs.twimg.com/profile_images/1761788556299694080/y7CEm5fx_normal.jpg,false,false
DeAndre Johnson,DeAndreJoh3591,'1835145356637581312',false,2024-09-15 05:35:26,,0,12,31,0,,0,https://www.twitter.com/DeAndreJoh3591,https://abs.twimg.com/sticky/default_profile_images/default_profile_normal.png,false,false
齋藤成矢,pf8151,'1751109694276677632',true,2024-01-27 07:08:00,よろしくお願いします,27,601,6691,23027,東京 板橋区,23,https://www.twitter.com/pf8151,https://pbs.twimg.com/profile_images/1837095695075135489/G6261sNo_normal.jpg,false,false
yyzzhh,yyzzhh369262,'1837551376345583619',false,2024-09-21 20:56:19,,6,0,23,20,,0,https://www.twitter.com/yyzzhh369262,https://pbs.twimg.com/profile_images/1837551607313321985/IHDOv2Rk_normal.jpg,false,false
Kytrell,Kytrelljohnson,'1834733002208792576',false,2024-09-14 02:17:15,,0,18,40,2,,0,https://www.twitter.com/Kytrelljohnson,https://pbs.twimg.com/profile_images/1834733272439369728/gKIx5UiC_normal.jpg,false,false
𝑪amm,idkwtph_097,'1610472986687016960',false,2023-01-04 05:07:55,larga vida a la siesta y a la monogamia,875,22,129,2144,"Buenos Aires, Argentina.",0,https://www.twitter.com/idkwtph_097,https://pbs.twimg.com/profile_images/1837569456488198144/9mVsGr6h_normal.jpg,false,false
Samba Aquilani,Samba447333,'1746285246545305600',false,2024-01-13 23:37:35,,0,105,203,3,,0,https://www.twitter.com/Samba447333,https://pbs.twimg.com/profile_images/1746285387327123456/0CcBLdMh_normal.jpg,false,false
Ervin Alpagot,EAlpagot30,'1819910172946595840',false,2024-08-04 04:36:24,,8,58,47,847,,8,https://www.twitter.com/EAlpagot30,https://pbs.twimg.com/profile_images/1819911674402635776/yIp1os-V_normal.jpg,false,false
孙超,supersunNa,'1824701778853584896',false,2024-08-17 09:56:33,,0,0,26,0,,0,https://www.twitter.com/supersunNa,https://pbs.twimg.com/profile_images/1824702384490369024/674jF_H1_normal.jpg,false,false
李玉龙,Lilong077,'1837557949822390272',false,2024-09-21 21:22:19,,0,0,35,5,,0,https://www.twitter.com/Lilong077,https://pbs.twimg.com/profile_images/1837558095876444160/bs2SiCBf_normal.jpg,false,false
Buy Walmart Seller Accounts,topsmmeshop7,'1834951959670874112',false,2024-09-14 16:47:05,"Buy Walmart Seller Accounts
https://t.co/AWTgPjkjo4
Buy Walmart Seller Accounts- we provide 100% genuine accounts verified",24,4,58,18,USA,2,https://www.twitter.com/topsmmeshop7,https://pbs.twimg.com/profile_images/1834954071129591808/isErMFzN_normal.jpg,false,false
Abdichakour Abdisalam,Abdichakou28643,'1837562211910537218',true,2024-09-21 21:40:32,,0,3,25,6,,0,https://www.twitter.com/Abdichakou28643,https://pbs.twimg.com/profile_images/1837562574864297984/2JTXPelS_normal.png,false,false
JoJ,JoJ1509,'1794724498354393088',false,2024-05-26 16:37:30,,0,26,21,0,,0,https://www.twitter.com/JoJ1509,https://pbs.twimg.com/profile_images/1794724950777245696/sxSLgCEk_normal.jpg,false,false
IceSaac,icesaacnicky,'1837557458887495680',false,2024-09-21 21:20:32,,0,0,25,5,,0,https://www.twitter.com/icesaacnicky,https://pbs.twimg.com/profile_images/1837558098577575939/NNQoLCMH_normal.jpg,false,false
turkman44,turkman44140696,'1834665371858612224',false,2024-09-13 21:48:22,,0,2,6,0,,0,https://www.twitter.com/turkman44140696,https://abs.twimg.com/sticky/default_profile_images/default_profile_normal.png,false,false
PQONES,pqones23516,'1837549750901788672',true,2024-09-21 20:49:59,,1,2,29,13,,0,https://www.twitter.com/pqones23516,https://abs.twimg.com/sticky/default_profile_images/default_profile_normal.png,false,false
Toshi30,nSHQGp6JpW31453,'1704446585760047104',false,2023-09-20 13:45:38,,9,1,60,11,日本,1,https://www.twitter.com/nSHQGp6JpW31453,https://pbs.twimg.com/profile_images/1827294667119194114/4nskpD8A_normal.jpg,false,false
Zenfn,zenfnreal,'1711856292589936641',false,2023-10-11 00:28:56,"loading..|14| all socials zenfn|https://t.co/XZ2Xt1lJzn|
https://t.co/UmNRdKBw4U",43,216,111,72,"London, England",7,https://www.twitter.com/zenfnreal,https://pbs.twimg.com/profile_images/1787887162161086464/XINl3aAr_normal.jpg,false,false
samueldguulus,samuelson508,'1695576307050930177',false,2023-08-27 02:18:31,,855,38,280,410,,34,https://www.twitter.com/samuelson508,https://pbs.twimg.com/profile_images/1695577773274771456/doH_dijn_normal.jpg,false,false
chespin chep,ChepChespi47853,'1835193537442324480',false,2024-09-15 08:47:06,,2,10,35,127,,0,https://www.twitter.com/ChepChespi47853,https://pbs.twimg.com/profile_images/1835193607373885440/QHZnUN8F_normal.jpg,false,false
茶友the one,chenzewen1213,'1837555270253531140',false,2024-09-21 21:11:44,,1,0,25,0,,0,https://www.twitter.com/chenzewen1213,https://pbs.twimg.com/profile_images/1837555456744869892/s4yCP2kL_normal.jpg,false,false
Caleb Dias,dias167097,'1683955172903378945',false,2023-07-26 00:39:42,,0,0,65,42,,0,https://www.twitter.com/dias167097,https://pbs.twimg.com/profile_images/1683955221280567296/sgPLGP-J_normal.jpg,false,false
Mali Baysah,1xmal0,'1833741490285162496',false,2024-09-11 08:37:14,,0,1,38,1,,0,https://www.twitter.com/1xmal0,https://pbs.twimg.com/profile_images/1833741831785381888/k2Jn9-f9_normal.jpg,false,false
@dgthecakeeater,dgthecakeeater,'1835798873693970432',false,2024-09-17 00:53:09,,0,10,32,0,,0,https://www.twitter.com/dgthecakeeater,https://pbs.twimg.com/profile_images/1835799327496663040/jHiK3EpN_normal.jpg,false,false
Henry,Henry0855558334,'1759565512466452480',false,2024-02-19 15:08:16,Super silly👅,4,114,124,4376,Your mothers home,0,https://www.twitter.com/Henry0855558334,https://pbs.twimg.com/profile_images/1828165285922115584/RFoFCIu7_normal.jpg,false,false
S J,smiltastic,'1836435607628951552',false,2024-09-18 19:02:32,"https://t.co/bt45YRPJcx
Hyper competitive gaming potato -
Top 1% TM player - Twitch Streamer - Asmongold is OTK",16,98,1151,8,,3,https://www.twitter.com/smiltastic,https://pbs.twimg.com/profile_images/1836440099795722240/Mf7cNaBV_normal.jpg,false,false
清风,tnghochn714318,'1694164970840412160',false,2023-08-23 04:49:50,,1,0,18,10,,1,https://www.twitter.com/tnghochn714318,https://abs.twimg.com/sticky/default_profile_images/default_profile_normal.png,false,false
Tzovanna Fadeyia,TzovannaFadeyia,'1837540208893480960',false,2024-09-21 20:26:48,,0,2,8,0,,0,https://www.twitter.com/TzovannaFadeyia,https://pbs.twimg.com/profile_images/1837544019468984320/Ed3Uj4pw_normal.jpg,false,false
吴懿,wy6200788498362,'1750748277799276544',false,2024-01-26 07:11:48,,1,1,24,98,,0,https://www.twitter.com/wy6200788498362,https://pbs.twimg.com/profile_images/1750748351241617408/2QeoX26D_normal.png,false,false
Weckywithin,Weckywithin,'1817371346990751744',false,2024-07-28 04:28:05,,0,22,34,10,,0,https://www.twitter.com/Weckywithin,https://pbs.twimg.com/profile_images/1817371498182762496/ABrzKdgN_normal.jpg,false,false
Marcel,Marcel_Mo95,'964155629555331072',false,2018-02-15 17:13:10,✌🏻,0,30,102,0,Deutschland,0,https://www.twitter.com/Marcel_Mo95,https://pbs.twimg.com/profile_images/1835404916044525568/tCBlYT4X_normal.jpg,false,false
国一马化腾,guymahtng,'1837539357256994816',true,2024-09-21 20:08:30,have no things,7,1,50,6,Hong Kong,1,https://www.twitter.com/guymahtng,https://pbs.twimg.com/profile_images/1837541034902839296/uZ0Rifih_normal.jpg,false,false
彭于晏,pngyyn216305,'1837522767488733186',false,2024-09-21 19:02:52,,0,0,27,0,,0,https://www.twitter.com/pngyyn216305,https://abs.twimg.com/sticky/default_profile_images/default_profile_normal.png,false,false
#WHATDIDPUFFSAY,Wrldhxtes_AC3,'1835208372313874432',false,2024-09-15 09:46:03,Puff is bugging,14,11,26,0,Diddy house,0,https://www.twitter.com/Wrldhxtes_AC3,https://pbs.twimg.com/profile_images/1835214416645701632/QaVmVKO0_normal.jpg,false,false
J,FlyBoyJayden_YT,'1460398150791880707',false,2021-11-16 02:04:18,I love Basketball,1,108,98,12,,0,https://www.twitter.com/FlyBoyJayden_YT,https://pbs.twimg.com/profile_images/1813366372363091969/f_qDmkFG_normal.jpg,false,false
Wenceslao Acosta,Wenceslaoo,'113821829',false,2010-02-13 06:44:45,,147,37,331,63,,0,https://www.twitter.com/Wenceslaoo,https://pbs.twimg.com/profile_images/2518723514/hn5gctm38ramkgltfzx1_normal.jpeg,false,false
Oss,Chi10294Chicken,'1815026972931837952',false,2024-07-21 17:12:23,,5,6,145,27,,0,https://www.twitter.com/Chi10294Chicken,https://pbs.twimg.com/profile_images/1836933509774262272/2f5o6gEU_normal.jpg,false,false
CollegeFootballTalk,CollegeFTBall92,'1828138412768903168',false,2024-08-26 21:32:27,College football updates and predictions. All posts are my personal opinion and should be not taken as guarantees,90,137,1560,55,"Pittsburgh, PA",13,https://www.twitter.com/CollegeFTBall92,https://pbs.twimg.com/profile_images/1828152022240989184/9jJYjw6D_normal.jpg,false,false
Alex,Alex56907110831,'1728113496900923392',false,2023-11-24 20:09:06,,16,220,245,371,,1,https://www.twitter.com/Alex56907110831,https://abs.twimg.com/sticky/default_profile_images/default_profile_normal.png,false,false
Abdulah Akif Yılmaz,AbdulahL72001,'1837513041451098112',true,2024-09-21 18:24:03,,0,0,16,0,,0,https://www.twitter.com/AbdulahL72001,https://pbs.twimg.com/profile_images/1837513130143854592/sOcSN2AZ_normal.png,false,false
按时睡觉,uOLx5Qfsgl99315,'1837407746968506369',false,2024-09-21 11:25:27,,0,9,34,0,,0,https://www.twitter.com/uOLx5Qfsgl99315,https://abs.twimg.com/sticky/default_profile_images/default_profile_normal.png,false,false
liu先生,ziua777,'1837526353878593536',false,2024-09-21 19:16:50,,0,1,27,0,,0,https://www.twitter.com/ziua777,https://pbs.twimg.com/profile_images/1837526522250563584/NKPm_ZEj_normal.jpg,false,false
Ελισαβετ Χαρεμη,EChareme11744,'1832168236281901056',false,2024-09-07 00:26:36,,0,23,14,10,,0,https://www.twitter.com/EChareme11744,https://pbs.twimg.com/profile_images/1832168549483229184/rh936tSg_normal.png,false,false
Lampros del rouki,Delrouki83,'1837523420990275584',false,2024-09-21 19:05:09,,0,0,26,0,,0,https://www.twitter.com/Delrouki83,https://pbs.twimg.com/profile_images/1837524424880218112/DlwTu05K_normal.jpg,false,false
Joyce Sison,JoyceSison83956,'1818276413931491328',true,2024-07-30 16:24:28,,2,2,34,1,,0,https://www.twitter.com/JoyceSison83956,https://pbs.twimg.com/profile_images/1818276475860369408/rjCo7R7b_normal.png,false,false
SAVINHO,SAVINHO298647,'1837516677791338500',true,2024-09-21 18:40:48,"Filho de Deus, Pai, Feliz e Ousado!

jogador @mancity jogador do brasil @c2sportss conta de fă Savinho 🇧🇷",2,8,140,8,"Brasília, Brasil",2,https://www.twitter.com/SAVINHO298647,https://pbs.twimg.com/profile_images/1837520931335688195/yV7ZqJy9_normal.jpg,false,false
睡末日,ri_shui61096,'1837522387216302080',false,2024-09-21 19:01:59,,0,1,54,0,,0,https://www.twitter.com/ri_shui61096,https://pbs.twimg.com/profile_images/1837522674622648320/6vZlAhf3_normal.png,false,false
Ko8e,Ko8e2412,'1830642206186577922',false,2024-09-02 19:21:40,,3,2,44,418,,0,https://www.twitter.com/Ko8e2412,https://pbs.twimg.com/profile_images/1830642359589081089/BKtpjV7u_normal.jpg,false,false
マスオ@妻はNew Yorker🗽,Masuo_NY,'1660048478490476545',false,2023-05-21 01:23:36,🇯🇵🇺🇸国際結婚、🏀NBA、⚾️パワプロ、👦🏻子育て、🤝相互フォロー、🦠LIFE FINDS A WAY、🎃ハロウィン、🛠️DIY,2,1,6,0,日本,0,https://www.twitter.com/Masuo_NY,https://pbs.twimg.com/profile_images/1838244354953261056/Nm5Ivj2u_normal.jpg,false,false
Kyagulanyi Juma,Kyagulanyi62469,'1837465479524634625',false,2024-09-21 15:15:14,,2,12,368,1,,1,https://www.twitter.com/Kyagulanyi62469,https://pbs.twimg.com/profile_images/1837466426363289600/n-RN-LMO_normal.jpg,false,false
Noah A,noice2109,'1837518384415846400',false,2024-09-21 18:45:13,,0,3,31,0,,0,https://www.twitter.com/noice2109,https://pbs.twimg.com/profile_images/1837519397864501248/-V-MNCvD_normal.jpg,false,false
Dr1K,Fullyloaded555,'1836815768379445248',false,2024-09-19 20:13:24,,19,4,53,26,,0,https://www.twitter.com/Fullyloaded555,https://pbs.twimg.com/profile_images/1836869313078099968/3cu3HMIj_normal.jpg,false,false
Brian,Brian6856,'1837513641383346177',true,2024-09-21 18:27:21,,0,5,69,0,,0,https://www.twitter.com/Brian6856,https://pbs.twimg.com/profile_images/1837513959295143938/pfwFBxK7_normal.png,false,false
DOx,JtArsonparty,'1684361244478930944',false,2023-07-27 03:33:25,"103 Highland Ave, Russia, OH 4536",20,102,100,12313,JHON LONG SILVERS 🪑🪑🪑,12,https://www.twitter.com/JtArsonparty,https://pbs.twimg.com/profile_images/1761881157703266305/O2rzgxFC_normal.jpg,false,false
Karabo Huma,KaraboHuma5,'1609868520778616832',false,2023-01-02 13:06:39,,0,2,102,2,,0,https://www.twitter.com/KaraboHuma5,https://pbs.twimg.com/profile_images/1609868772172521474/bjxEqbvV_normal.png,false,false
flu,FluFlu1369230,'1837513138712834049',false,2024-09-21 18:24:17,,0,3,22,0,,0,https://www.twitter.com/FluFlu1369230,https://pbs.twimg.com/profile_images/1837513270996926464/jHngu_oZ_normal.jpg,false,false
Ricky Castillo,R1cky_Cas7illo,'1837504893185126400',false,2024-09-21 17:51:40,Real Estate Agent/Investor,0,3,17,0,"Houston, TX",0,https://www.twitter.com/R1cky_Cas7illo,https://pbs.twimg.com/profile_images/1837504980581851136/G0h8tYiW_normal.png,false,false
Luis Ramírez,LuisRam07196086,'1752240806700732416',false,2024-01-30 10:03:02,,0,1,147,0,,0,https://www.twitter.com/LuisRam07196086,https://pbs.twimg.com/profile_images/1752240994622320641/CY6yi2Ov_normal.png,false,false
Charles,Charles01790102,'1837507755722039327',false,2024-09-21 18:02:55,,0,4,41,0,,0,https://www.twitter.com/Charles01790102,https://pbs.twimg.com/profile_images/1837507939009007616/BnU_E9GL_normal.jpg,false,false
Tone Brady,DatMFSquid,'1526628751',true,2013-06-18 06:39:43,You Ain’t Seen Nothing Till You Seen A Squid 🦑,38,40,405,1229,"Florida, USA",0,https://www.twitter.com/DatMFSquid,https://pbs.twimg.com/profile_images/1467292187595530245/_KLQaaWe_normal.jpg,false,false
Brooks Terrell,brookzfggg88943,'1836572141753417728',false,2024-09-19 04:05:03,all american baseball player and a good football playet,1,4,14,1,"Abilene, TX",1,https://www.twitter.com/brookzfggg88943,https://pbs.twimg.com/profile_images/1836930122001076224/JursND3c_normal.jpg,false,false
Honoree A1,kingpriestshaw,'1762250596977946625',true,2024-02-27 00:57:50,,33,57,73,6407,,0,https://www.twitter.com/kingpriestshaw,https://pbs.twimg.com/profile_images/1796863797728051200/QDWtrjCc_normal.jpg,false,false
𝖌𝖔𝖏𝖎,gooooojiii,'1837505013385744384',false,2024-09-21 17:52:02,,0,0,15,0,,0,https://www.twitter.com/gooooojiii,https://pbs.twimg.com/profile_images/1837505378999058432/VSY_uQDb_normal.jpg,false,false
bobby78,bobby78,'14787583',false,2008-05-15 18:41:46,"Nothing special about me just trying to work hard for my family, church and friends! My goal to keep my last name blemish free to make my parents proud!",26,168,716,291,"Baton Rouge, LA",1,https://www.twitter.com/bobby78,https://pbs.twimg.com/profile_images/1235737418084618240/MZrr7gk8_normal.jpg,false,false
Miles Mullins,MilesMulli88597,'1728837988094820354',false,2023-11-26 20:08:11,,0,20,15,1,,0,https://www.twitter.com/MilesMulli88597,https://pbs.twimg.com/profile_images/1728838190826455040/KF75Abvb_normal.jpg,false,false
David itangishaka,Daviditang38451,'1837314292045205507',false,2024-09-21 05:14:08,,3,0,52,57,,1,https://www.twitter.com/Daviditang38451,https://pbs.twimg.com/profile_images/1837314339545489409/S-Z3kWW3_normal.png,false,false
Χρηστος Βαρναβας,ChrestosBarnab1,'1493322787196440578',false,2022-02-14 22:35:18,,537,813,1124,108929,,0,https://www.twitter.com/ChrestosBarnab1,https://pbs.twimg.com/profile_images/1493322983296876549/pYrv72iR_normal.png,false,false
Li,Li6631071485137,'1817990174770618368',false,2024-07-29 21:27:01,Love  Kanye,0,38,94,8,,0,https://www.twitter.com/Li6631071485137,https://pbs.twimg.com/profile_images/1837515158241107968/1wyqEuFo_normal.jpg,false,false
Hancong Huangfu,Wongpou2024,'1837482841032347650',false,2024-09-21 16:23:58,,0,3,25,0,,0,https://www.twitter.com/Wongpou2024,https://pbs.twimg.com/profile_images/1837482906962612226/wnszSZ34_normal.png,false,false
大森俊佑（しゅん）,XCcEHJcn3h26770,'1824623145489457152',false,2024-08-17 04:44:05,,6,0,11,1,,0,https://www.twitter.com/XCcEHJcn3h26770,https://pbs.twimg.com/profile_images/1824623199910535168/f1nm2itD_normal.jpg,false,false
Angela Mary,mary97435,'1837498402608717824',false,2024-09-21 17:25:55,,0,7,93,1,,0,https://www.twitter.com/mary97435,https://pbs.twimg.com/profile_images/1837498497286762496/xCQ11TrK_normal.jpg,false,false
Aivann,BossTokss,'1817343960458932224',false,2024-07-28 02:39:29,,90,15,77,43,,4,https://www.twitter.com/BossTokss,https://pbs.twimg.com/profile_images/1829057541008936960/W79G-ct0_normal.jpg,false,false
Claudia 👄,claudiahayne678,'2258695293',true,2014-01-02 21:18:52,29 | Dreamer & Doer | Living life in bold moves ✨,48,47,476,49,,2,https://www.twitter.com/claudiahayne678,https://pbs.twimg.com/profile_images/1837993127564480512/78RFt1w5_normal.jpg,false,false
sugarhillfddot,sugarhillfddot,'1837483589359095808',false,2024-09-21 16:27:06,,0,3,53,2,,0,https://www.twitter.com/sugarhillfddot,https://pbs.twimg.com/profile_images/1837484400193556481/g7sr55dy_normal.jpg,false,false
Tessie Garapao,tessiegap,'1837073934526631936',false,2024-09-20 13:19:05,Ask me how I Feel ☺️,1,1,130,3,,1,https://www.twitter.com/tessiegap,https://pbs.twimg.com/profile_images/1837449491953201152/MsrNOvlE_normal.jpg,false,false
Sheree Sanders-Jones,BarRob77,'1833983390078418944',false,2024-09-12 00:38:21,,0,1,75,0,,0,https://www.twitter.com/BarRob77,https://pbs.twimg.com/profile_images/1833983646555836416/Ww_NKbqF_normal.jpg,false,false
生涯ライオンズ🦁推し,Kai30T,'1365270780079079434',true,2021-02-26 14:01:51,03 バスケと野球が好き NBA(GSW)、プロ野球(西武ライオンズ)🦁大好き人間 ステフ、源ちゃん、栗さん推し,67,6,71,165,,0,https://www.twitter.com/Kai30T,https://pbs.twimg.com/profile_images/1838152042055139328/n2f55wqb_normal.jpg,false,false
Greg,Gogo200377,'1837212766471606272',false,2024-09-20 22:31:15,,0,5,74,0,"Montréal, Québec",0,https://www.twitter.com/Gogo200377,https://pbs.twimg.com/profile_images/1837795848693968896/7KtIpmqX_normal.jpg,false,false
wagda1l,wagda1l,'1624837280199319553',false,2023-02-12 20:26:17,,1,52,42,444,mars,0,https://www.twitter.com/wagda1l,https://pbs.twimg.com/profile_images/1786455116901478400/erPkEKPp_normal.jpg,false,false
Dugan Hever,DuganHever42,'1605355658408247296',false,2022-12-21 02:13:25,HPHS Freshman,0,97,109,4,,0,https://www.twitter.com/DuganHever42,https://pbs.twimg.com/profile_images/1605355922850725890/NfrAnW_b_normal.jpg,false,false
Souleymane Diakité,Souleym82599577,'1837207323883782144',false,2024-09-20 22:09:24,,0,0,22,0,,0,https://www.twitter.com/Souleym82599577,https://pbs.twimg.com/profile_images/1837207451730595840/l8yLymzg_normal.png,false,false
陈涛,chnto844797,'1837459764122734593',false,2024-09-21 14:52:36,,0,5,275,1,,0,https://www.twitter.com/chnto844797,https://pbs.twimg.com/profile_images/1837459913133723648/eaTzzCq6_normal.jpg,false,false
Δημήτρης Αργύτης,JimArg1979,'1836658085131071488',false,2024-09-19 09:47:09,,0,0,4,0,"Patras, Greece",0,https://www.twitter.com/JimArg1979,https://pbs.twimg.com/profile_images/1836658271542804480/7KRuvX-o_normal.jpg,false,false
@MilitaryMinds,MilitaryMinds22,'1754601469997678592',false,2024-02-05 22:22:57,,56,250,265,69,,0,https://www.twitter.com/MilitaryMinds22,https://pbs.twimg.com/profile_images/1754602308422238208/kS7nUbFD_normal.jpg,false,false
j.balewai,1LIKECH33SE,'1837470239090790401',false,2024-09-21 15:33:59,,0,3,22,0,,0,https://www.twitter.com/1LIKECH33SE,https://abs.twimg.com/sticky/default_profile_images/default_profile_normal.png,false,false
S_J_R_N08,S___08____N29,'1837395263222435844',true,2024-09-21 10:35:58,NUNCA CAMINÁRAS SOLO ❤️‍🔥,0,0,9,0,,0,https://www.twitter.com/S___08____N29,https://pbs.twimg.com/profile_images/1837470535917490176/vU4TQ8jR_normal.jpg,false,false
小78yyds,78yyds666,'1837470145423593474',false,2024-09-21 15:33:24,,0,0,4,0,,0,https://www.twitter.com/78yyds666,https://abs.twimg.com/sticky/default_profile_images/default_profile_normal.png,false,false
Islands,Islands7488,'1807057866794340352',false,2024-06-29 17:26:01,,8,5,122,540,,1,https://www.twitter.com/Islands7488,https://pbs.twimg.com/profile_images/1833618834634182656/1PzjE4vy_normal.jpg,false,false
fhjnghkngh n,fhjnghkngh45453,'1836864957675134976',false,2024-09-19 23:28:44,,0,3,11,1,,0,https://www.twitter.com/fhjnghkngh45453,https://abs.twimg.com/sticky/default_profile_images/default_profile_normal.png,false,false
xxxxx,KooperTaylor44,'1655101180601864198',false,2023-05-07 09:44:16,—-,7,7,16,4,,0,https://www.twitter.com/KooperTaylor44,https://pbs.twimg.com/profile_images/1832435308266450951/AF4SoqXj_normal.jpg,false,false
KneeLyn83🇨🇦🏀⭕,netakimaryir,'50842699',true,2009-06-26 03:35:38,"©️©️🏀2️⃣2️⃣&🥇🐐💲©️3️⃣0️⃣
A proud father of 4 amazing kids
w.i.p〽️elancholy ©️lub
✌peace 💘love & 🛁selfcare
https://t.co/2wp8GJDOpR",4241,795,713,4690,toronto,730,https://www.twitter.com/netakimaryir,https://pbs.twimg.com/profile_images/1837874317440274433/p00sfrdG_normal.jpg,false,false
Keondre McCray,DreTooOfficial,'1686118806383480832',false,2023-07-31 23:57:15,,0,57,22,0,,0,https://www.twitter.com/DreTooOfficial,https://pbs.twimg.com/profile_images/1686119020720709632/3LKTklfL_normal.jpg,false,false
_Big_Timmy_,Timmy_Ayoola3,'1685106972557742080',true,2023-07-29 04:56:59,Emerging Actor | Barber | Data Entry Specialist | Content Creator | Leo ♌️/Dragon | Ambivert ✨🔥,30,244,866,286,"Los Angeles, CA",9,https://www.twitter.com/Timmy_Ayoola3,https://pbs.twimg.com/profile_images/1685107121950531584/MjbhZXI5_normal.jpg,false,false
E B,epb3894,'1837459592852254720',false,2024-09-21 14:51:34,,0,0,11,0,,0,https://www.twitter.com/epb3894,https://pbs.twimg.com/profile_images/1837463828621082625/eh1qJsaF_normal.jpg,false,false
Rokucitybatman,kyanjames23,'1836036195660316672',false,2024-09-17 16:35:25,,0,9,39,124,,0,https://www.twitter.com/kyanjames23,https://pbs.twimg.com/profile_images/1836036508920201216/erL0cwR8_normal.jpg,false,false
30cm york,30cmY64168,'1837460960942157824',false,2024-09-21 14:57:13,,0,3,23,0,,0,https://www.twitter.com/30cmY64168,https://pbs.twimg.com/profile_images/1837461075966808067/jX6eejsj_normal.png,false,false
Brian Sword,BrianSword3,'1440728543768375307',false,2021-09-22 20:24:10,,1,313,1338,2943,,1,https://www.twitter.com/BrianSword3,https://pbs.twimg.com/profile_images/1440728643760648194/dv9j1Eum_normal.jpg,false,false
Çhampion_RAW,weilinam,'1573429838563663884',false,2022-09-24 00:52:23,,7,1,90,8,,0,https://www.twitter.com/weilinam,https://pbs.twimg.com/profile_images/1836757003013586944/ie0AhX8q_normal.jpg,false,false
Easy Business,EasyBusiness74,'1815004609540231168',false,2024-07-21 15:44:08,,41,126,102,464,,0,https://www.twitter.com/EasyBusiness74,https://pbs.twimg.com/profile_images/1815004837412564992/0AdJcEA0_normal.jpg,false,false
陳世洧,Fisher54875487,'1834842435253682177',false,2024-09-14 09:32:58,,0,0,5,0,,0,https://www.twitter.com/Fisher54875487,https://pbs.twimg.com/profile_images/1834842760853307393/ThwKL337_normal.png,false,false
ZEBA,ZEBA419,'1741192395956379648',false,2023-12-30 22:20:08,,124,45,467,239,,1,https://www.twitter.com/ZEBA419,https://pbs.twimg.com/profile_images/1741192896382976000/_wSORlhr_normal.jpg,false,false
かるでら,l_rxxj2,'1514227953307373570',false,2022-04-13 16:04:51,,991,15,141,551,,19,https://www.twitter.com/l_rxxj2,https://pbs.twimg.com/profile_images/1837451750015664128/X757MFLW_normal.jpg,false,false
Kendra,Kendra8819,'1734444864916344832',false,2023-12-12 07:27:49,,0,55,665,2916,,0,https://www.twitter.com/Kendra8819,https://abs.twimg.com/sticky/default_profile_images/default_profile_normal.png,false,false
Δημήτρης Γκαβεας,Gkdimitris_,'1837425217733287936',false,2024-09-21 12:37:10,,0,0,30,4,,0,https://www.twitter.com/Gkdimitris_,https://pbs.twimg.com/profile_images/1837607424703819776/VzhtoOWQ_normal.jpg,false,false
Dawgsit,PhaisalAj280111,'1641291580635246593',false,2023-03-30 07:09:53,,3,28,59,1,,0,https://www.twitter.com/PhaisalAj280111,https://pbs.twimg.com/profile_images/1641291632820764672/j08DTMtn_normal.png,false,false
Jackie,Jackie203427975,'1828808392468754432',true,2024-08-28 17:54:50,,0,1,33,0,,0,https://www.twitter.com/Jackie203427975,https://pbs.twimg.com/profile_images/1828808673453600768/rSVooywo_normal.jpg,false,false
.,c77kpf8bqs,'1702662682686447616',false,2023-09-15 15:37:36,,2,4,101,19,,0,https://www.twitter.com/c77kpf8bqs,https://pbs.twimg.com/profile_images/1782305981398966273/yHWsBxxm_normal.jpg,false,false
Regina Brenwood,QueenholdWood,'1837250395388923909',false,2024-09-21 01:14:35,,1,0,12,0,,0,https://www.twitter.com/QueenholdWood,https://pbs.twimg.com/profile_images/1837254053996171264/nDbhYIYD_normal.jpg,false,false
djsj,djsj276783,'1837429912204087296',false,2024-09-21 12:53:31,,0,3,19,1,,0,https://www.twitter.com/djsj276783,https://abs.twimg.com/sticky/default_profile_images/default_profile_normal.png,false,false
NonyPapageorgiou,NonyPapageorgi1,'1571033289397346304',false,2022-09-17 10:09:01,,0,46,41,29,,0,https://www.twitter.com/NonyPapageorgi1,https://pbs.twimg.com/profile_images/1571033777580773376/i_qspdjI_normal.jpg,false,false
Amboy,Amboy_Daks,'1836755797424148480',true,2024-09-19 16:15:42,☕️,0,20,145,10,,0,https://www.twitter.com/Amboy_Daks,https://pbs.twimg.com/profile_images/1836835254675640320/YRA2VUIt_normal.jpg,false,false
Main Shubham,Shubhaam0710,'1837426703989125120',false,2024-09-21 12:41:04,,0,1,76,3,,0,https://www.twitter.com/Shubhaam0710,https://pbs.twimg.com/profile_images/1837426812365766656/jFX2lRHu_normal.png,false,false
Matthieu Ndoole bwira,BwiraNdool67207,'1837417074634698752',true,2024-09-21 12:02:56,,1,22,189,14,,0,https://www.twitter.com/BwiraNdool67207,https://pbs.twimg.com/profile_images/1837417217597886464/Ipb-JAQN_normal.png,false,false
Prodigy Hoops,ProdigyHoopsNBA,'1828275399593218048',false,2024-08-27 06:36:51,Baskemtball | BE THE 🐐 | #1 LeBron James Fan,32,33,180,2,,3,https://www.twitter.com/ProdigyHoopsNBA,https://pbs.twimg.com/profile_images/1838340937770012672/_UYtlkWo_normal.jpg,false,false
けんけん,ken25ken25ken25,'1078800414714150913',true,2018-12-29 01:50:36,F-MARINOS/#4#26#18   マリサポ青葉区会 無言でフォローさせてもらうかも知れませんが、すみません。よろしくお願い致します。,703,153,1094,2073,横浜市青葉区,18,https://www.twitter.com/ken25ken25ken25,https://pbs.twimg.com/profile_images/1411246961202667523/6NzOMjbf_normal.jpg,false,false
Skad,Skad315915,'1837361883721940992',false,2024-09-21 08:23:38,,0,3,18,0,,0,https://www.twitter.com/Skad315915,https://abs.twimg.com/sticky/default_profile_images/default_profile_normal.png,false,false
balLXXXxxxx,LxxBal60123,'1825803638364844035',false,2024-08-20 10:54:52,,0,5,28,6,,0,https://www.twitter.com/LxxBal60123,https://abs.twimg.com/sticky/default_profile_images/default_profile_normal.png,false,false
Б.Оюунжаргал,Oyunjar04351426,'1024204064035196929',false,2018-07-31 11:04:12,"Гэрэл
💎། ཨོ་ཏཱ་རེ་ཏུཏྟཱ་རེ་ཏུ་རེ་མ་མ་ཨཱ་ཡཿཛྙཱ་ན་བུ་ཎྱ་བུཥྚི་གུ་རུ་སྭཱ་ཧཱ།། །།💎",2501,1111,2885,2162,,121,https://www.twitter.com/Oyunjar04351426,https://pbs.twimg.com/profile_images/1835681877702889472/rngqCMie_normal.jpg,false,false
Adrian Constantino,adrianconst2005,'1782227696363184128',false,2024-04-22 04:59:45,,0,13,9,6,,0,https://www.twitter.com/adrianconst2005,https://abs.twimg.com/sticky/default_profile_images/default_profile_normal.png,false,false
Giannisdal98,giannisdal98,'1837410931845812224',false,2024-09-21 11:38:09,,0,1,47,7,,0,https://www.twitter.com/giannisdal98,https://pbs.twimg.com/profile_images/1837411282019905536/9AHeIIF1_normal.jpg,false,false
Jason Zhang,Jasonzhe268,'1837408991238148100',false,2024-09-21 11:30:28,,8,8,109,26,,0,https://www.twitter.com/Jasonzhe268,https://pbs.twimg.com/profile_images/1837409044791021568/smOQWbpU_normal.png,false,false
Romain Dervin,Rom1D2345,'1446755167400038400',false,2021-10-09 11:31:50,,0,2,10,0,,0,https://www.twitter.com/Rom1D2345,https://pbs.twimg.com/profile_images/1446755270953160709/bWkO6xoO_normal.png,false,false
Royce Li,royce_li71834,'1837365845275877376',false,2024-09-21 08:39:09,,0,0,16,0,,0,https://www.twitter.com/royce_li71834,https://pbs.twimg.com/profile_images/1837365933108776962/CKQz6h46_normal.png,false,false
basta,basta1114691,'1783746141869543424',false,2024-04-26 09:33:37,,0,35,61,29,,0,https://www.twitter.com/basta1114691,https://pbs.twimg.com/profile_images/1783746568891551744/DdCJ3847_normal.jpg,false,false
tohta,tohta10210,'1827655752917700608',false,2024-08-25 13:36:15,,0,0,23,0,,0,https://www.twitter.com/tohta10210,https://pbs.twimg.com/profile_images/1827656289155256320/NHbT-enH_normal.jpg,false,false
mrs b,batparade,'24187108',false,2009-03-13 17:16:54,i like car boots,1511,77,318,297,england,107,https://www.twitter.com/batparade,https://pbs.twimg.com/profile_images/1244528429/image_normal.jpg,false,false
Lion,Adnan03664451,'1465698171749736451',false,2021-11-30 17:04:27,,191,0,65,81,"Chicago, IL",9,https://www.twitter.com/Adnan03664451,https://pbs.twimg.com/profile_images/1647610747424329728/HHQO-GuJ_normal.jpg,false,false
Draiden Ambridge,6feetdeep999,'1837397958469263360',false,2024-09-21 10:46:41,,4,3,37,8,,0,https://www.twitter.com/6feetdeep999,https://abs.twimg.com/sticky/default_profile_images/default_profile_normal.png,false,false
燕雀,zhan5418,'1807068978189312000',false,2024-06-29 18:10:08,如果有人爱我的天真,5,2,50,151,海南,0,https://www.twitter.com/zhan5418,https://pbs.twimg.com/profile_images/1819112248641781760/qGjyBeU4_normal.jpg,false,false
bogdan stejar,BogdanStejar08,'1726938160414810112',false,2023-11-21 14:19:16,,0,14,28,0,,0,https://www.twitter.com/BogdanStejar08,https://pbs.twimg.com/profile_images/1726938326937010177/QEYJks9t_normal.jpg,false,false
🙂,UUj1bUUQTL14301,'1691066786895282176',false,2023-08-14 15:38:51,,43,2,21,459,,0,https://www.twitter.com/UUj1bUUQTL14301,https://pbs.twimg.com/profile_images/1794730996950278144/Rpgzlq-x_normal.jpg,false,false
TBE,3abdo_98,'2935243126',true,2014-12-21 15:07:20,,1624,92,747,5211,"Izhevsk, Russia",10,https://www.twitter.com/3abdo_98,https://pbs.twimg.com/profile_images/1175869035944337409/x8b-ca5B_normal.jpg,false,false
chenille,starthowmorning,'1818674499962761216',false,2024-07-31 18:46:30,,0,47,18,6,"Frankfurt on the Main, Germany",0,https://www.twitter.com/starthowmorning,https://pbs.twimg.com/profile_images/1818685111434383371/jo-LhjaU_normal.jpg,false,false
Phongthanet Buriphakdl,aof2531oopper,'1687391032298864640',false,2023-08-04 12:12:43,,4552,503,4128,4406,,2,https://www.twitter.com/aof2531oopper,https://pbs.twimg.com/profile_images/1790554972691873792/qaTyQ1EN_normal.jpg,false,false
Θωμάς,ThwmasSpachos,'1837389508125642757',false,2024-09-21 10:14:23,Stay true,0,0,7,2,,0,https://www.twitter.com/ThwmasSpachos,https://abs.twimg.com/sticky/default_profile_images/default_profile_normal.png,false,false
K⁷,K711DI,'1836427252042477568',false,2024-09-18 18:29:23,,0,55,252,164,,0,https://www.twitter.com/K711DI,https://pbs.twimg.com/profile_images/1837566277046448128/KDenf8pY_normal.jpg,false,false
Manos Orologas,emmorologas,'1774449601753305088',false,2024-03-31 17:52:51,,42,1,31,71,"Attiki, Greece",0,https://www.twitter.com/emmorologas,https://pbs.twimg.com/profile_images/1800538666349051904/SITgFMtA_normal.jpg,false,false
Shawn,Shawn0273584982,'1837380028285571074',false,2024-09-21 09:35:26,,0,19,215,0,,0,https://www.twitter.com/Shawn0273584982,https://pbs.twimg.com/profile_images/1837380207214239744/4YLvl_6c_normal.jpg,false,false
Davis,conqudiver189,'1785925508083089408',false,2024-05-02 09:53:29,,0,4,42,1,,0,https://www.twitter.com/conqudiver189,https://pbs.twimg.com/profile_images/1837708247886974976/Cid9hxe1_normal.jpg,false,false
Cat_Yilong,CatYilong38958,'1784970296128114689',false,2024-04-29 18:38:06,,0,58,32,0,,0,https://www.twitter.com/CatYilong38958,https://abs.twimg.com/sticky/default_profile_images/default_profile_normal.png,false,false
