﻿name,username,userId,can_dm,created_at,bio,tweets_count,followers_count,following_count,favourites_count,location,media_count,profile_url,avatar_url,verified,blue_verified
Peter Mlynček,PMlyncek,'1309800620036100097',false,2020-09-26 13:23:10,,2,1,4555,22,,0,https://www.twitter.com/PMlyncek,https://pbs.twimg.com/profile_images/1309801008546152449/GWLt2qLb_normal.jpg,false,false
hati,Hatix7575Hati,'1834560247605649408',true,2024-09-13 14:50:39,,13,39,81,11,,1,https://www.twitter.com/Hatix7575Hati,https://pbs.twimg.com/profile_images/1834560453181161472/oxJEGIXw_normal.jpg,false,false
许瀚铭,MingXu1282,'1814161558366511104',false,2024-07-19 07:53:25,,1,0,5,3,,1,https://www.twitter.com/MingXu1282,https://pbs.twimg.com/profile_images/1814161732929249280/w6Hk1qPX_normal.jpg,false,false
arwal ring,arwalring,'839058757',false,2012-09-22 07:07:22,,4,86,707,95,,0,https://www.twitter.com/arwalring,https://pbs.twimg.com/profile_images/838750822997577728/0rjyWbCf_normal.jpg,false,false
Lüsciöüs LYÖÑ,Bigboe_001,'1804424927224958978',false,2024-06-22 11:04:08,,113,110,380,542,,19,https://www.twitter.com/Bigboe_001,https://pbs.twimg.com/profile_images/1804425385507012608/hn0uVa1j_normal.jpg,false,false
Cooper,Cooper9329,'1814601302392852480',true,2024-07-20 13:02:24,,10,79,135,3,,8,https://www.twitter.com/Cooper9329,https://pbs.twimg.com/profile_images/1814602332098691072/FhUfb9Mk_normal.jpg,false,false
爱皱眉的陈西施,CXS0204,'1694644302243139584',false,2023-08-24 12:34:31,,0,0,2,1,,0,https://www.twitter.com/CXS0204,https://pbs.twimg.com/profile_images/1694644411613777920/-fMV--mU_normal.jpg,false,false
Kimberlyn Johnson,KimberlynJohn10,'1457185241840431110',false,2021-11-07 05:17:09,,220,114,1694,10456,,0,https://www.twitter.com/KimberlynJohn10,https://abs.twimg.com/sticky/default_profile_images/default_profile_normal.png,false,false
Jobin Joba,markch16v16to17,'1834397170637606912',false,2024-09-13 04:02:38,,0,30,197,3,,0,https://www.twitter.com/markch16v16to17,https://pbs.twimg.com/profile_images/1834398301287833600/N5SyJNu8_normal.jpg,false,false
Emmett,EpC_22,'1834383670926245889',false,2024-09-13 03:08:57,,1,0,20,12,,0,https://www.twitter.com/EpC_22,https://pbs.twimg.com/profile_images/1834403377448398848/FPxluBKm_normal.jpg,false,false
MCA ROYSAMBU 2022,McaRoysambu,'1476316251978973185',false,2021-12-30 00:16:56,"Youths empowerment,,",59,75,313,339,,2,https://www.twitter.com/McaRoysambu,https://pbs.twimg.com/profile_images/1476322003695063048/v6AUqTtr_normal.jpg,false,false
Chepkorir Neema,ChepkorirN57411,'1812179429176532992',false,2024-07-13 20:37:23,,1,11,13,5,,0,https://www.twitter.com/ChepkorirN57411,https://pbs.twimg.com/profile_images/1812179532918505472/aV3me4wc_normal.png,false,false
Dana Wagner,DanaWagner61344,'1834405338788814848',false,2024-09-13 04:35:09,,0,0,2,0,,0,https://www.twitter.com/DanaWagner61344,https://abs.twimg.com/sticky/default_profile_images/default_profile_normal.png,false,false
Samantha Smith,SamanthaSm31138,'1834380995845365760',false,2024-09-13 02:58:28,,0,0,5,0,,0,https://www.twitter.com/SamanthaSm31138,https://abs.twimg.com/sticky/default_profile_images/default_profile_normal.png,false,false
Lui_yo,lacavalazacoch1,'793232223134593024',false,2016-11-01 01:24:34,,220,213,3130,16835,,1,https://www.twitter.com/lacavalazacoch1,https://pbs.twimg.com/profile_images/1031046091708555264/mC85662S_normal.jpg,false,false
Peter Chizi,PChizi30639,'1834362105752932352',false,2024-09-13 01:43:31,,2,29,253,2,,2,https://www.twitter.com/PChizi30639,https://pbs.twimg.com/profile_images/1834936979558907904/tkPlgHw0_normal.jpg,false,false
Bulokosi Dunstone,bulokosi202020,'1768800283109285888',false,2024-03-16 02:44:34,Medical consultant,84,3,311,105,Nairobi,0,https://www.twitter.com/bulokosi202020,https://pbs.twimg.com/profile_images/1768800493101346816/QgX2mjAs_normal.png,false,false
Ng'etich,Ngetich90851944,'1775769800846823424',true,2024-04-04 09:18:50,Engineer,0,82,272,55,,0,https://www.twitter.com/Ngetich90851944,https://pbs.twimg.com/profile_images/1779738857870618624/LGupW33p_normal.jpg,false,false
Tedii Wandu,TediiW96555,'1834302085979865088',true,2024-09-12 21:45:04,,0,16,62,3,,0,https://www.twitter.com/TediiW96555,https://pbs.twimg.com/profile_images/1834302224177983488/A2sxtBaC_normal.png,false,false
eliza mbele,ElizaMbele87110,'1736456237158400000',false,2023-12-17 20:40:23,,0,0,17,40,,0,https://www.twitter.com/ElizaMbele87110,https://pbs.twimg.com/profile_images/1834297312383848448/pkcdtcJS_normal.jpg,false,false
Bryse,Bryserun,'1834276140766429187',false,2024-09-12 20:01:40,"2 x Marathoner
Outdoor Enthusiast 
Boston",0,25,30,1,United States,0,https://www.twitter.com/Bryserun,https://pbs.twimg.com/profile_images/1834278708624158720/9BnRYs45_normal.jpg,false,false
Can't say I Never tried🇰🇪,SievertsCentre,'1486647851564388359',false,2022-01-27 12:31:04,So I try when I can.,160,119,1181,289,Kenya,10,https://www.twitter.com/SievertsCentre,https://pbs.twimg.com/profile_images/1691457785089961984/OtFSabcQ_normal.jpg,false,false
cr1junpto,ljnr151347,'1822282948504166400',false,2024-08-10 17:45:13,,0,19,6,0,,0,https://www.twitter.com/ljnr151347,https://pbs.twimg.com/profile_images/1822283963542478848/7IQHD0dt_normal.jpg,false,false
KW'OSA MŨLĨLI,dennismasila194,'1536716818232102912',false,2022-06-14 17:27:17,"Hi, I am an academic writer with 10 years experience. I write articles on ENGLISH And NURSING in case you have assignment reach out on me jonneskaren7@gmail.com",491,384,931,79,BOSTON,63,https://www.twitter.com/dennismasila194,https://pbs.twimg.com/profile_images/1835415540782739456/8BSqy70n_normal.jpg,false,false
Khalid Benju,khalid_benju,'1613962103945150465',true,2023-01-13 20:12:48,Livestock officer,122,810,7503,84,"Dar es Salaam, Tanzania",45,https://www.twitter.com/khalid_benju,https://pbs.twimg.com/profile_images/1809367628374306817/ltWc0y_W_normal.jpg,false,false
Juma,godwin35197,'1833877537488883712',false,2024-09-11 17:37:58,,0,0,42,33,,0,https://www.twitter.com/godwin35197,https://pbs.twimg.com/profile_images/1833881194296975360/Frajfc1J_normal.jpg,false,false
Martin Mugambi kobia,kob11712,'1699448388201123843',false,2023-09-06 18:44:33,"Content writing, virtual assistant, Digital marketing, online services, Logo design, financial services, Email marketing,",74,163,1506,972,Meru Kenya ,8,https://www.twitter.com/kob11712,https://pbs.twimg.com/profile_images/1801417663068905472/GnjDYQPz_normal.jpg,false,false
Kingciline yebei,kingciline52071,'1648760045583097877',false,2023-04-19 21:47:17,,4,66,522,1200,,1,https://www.twitter.com/kingciline52071,https://pbs.twimg.com/profile_images/1810013143864664064/WzjgevCA_normal.jpg,false,false
eggs,Eggs0v0,'1803626702666678272',false,2024-06-20 06:11:47,开心就好,0,1,17,1,,0,https://www.twitter.com/Eggs0v0,https://pbs.twimg.com/profile_images/1803626865233666048/BsvUZNit_normal.jpg,false,false
MeatRuckFast,MeatRuckFast,'1694446596258205696',false,2023-08-23 23:29:02,"America First, Carnivore, Play Like A Champion Today 🇺🇲🥩🥚🧈🇺🇲
None but ourselves can free our minds",938,1059,1063,1656,United States,146,https://www.twitter.com/MeatRuckFast,https://pbs.twimg.com/profile_images/1827113776035794945/2vLLRkO0_normal.jpg,false,true
Matovu Brian Herbert,Her2Matovu,'1524425131787001857',false,2022-05-11 19:24:31,Advocate of the High Court of Uganda|Registrar of Titles|Legal & Administration Manager|Legal Researcher|,6,196,1985,24,"Kampala, Uganda",0,https://www.twitter.com/Her2Matovu,https://pbs.twimg.com/profile_images/1838474146897874944/A7iveH68_normal.jpg,false,false
Donald Bett,kipdonb,'356381155',false,2011-08-16 22:28:20,"Proud Kenyan
Electrical tech
Arsenal fc fan, son, brother.",103,94,589,123,kericho,2,https://www.twitter.com/kipdonb,https://pbs.twimg.com/profile_images/1462662075734532096/-UKDq-d2_normal.jpg,false,false
Kanambo46,LUCKYGAMBO3,'1567592864368001027',true,2022-09-07 22:17:41,Electrician,440,493,3618,235,"Nairobi, Kenya",5,https://www.twitter.com/LUCKYGAMBO3,https://pbs.twimg.com/profile_images/1831618487594156032/834fJMrr_normal.jpg,false,false
elijah mbandi,MbandiElij48283,'1637465346364825600',false,2023-03-19 16:48:03,,259,21,347,34,,0,https://www.twitter.com/MbandiElij48283,https://pbs.twimg.com/profile_images/1701874365887840256/BXEKFZeK_normal.jpg,false,false
panda_bread,galileosimon,'1445525870',false,2013-05-21 08:18:30,,1060,216,1374,43421,space,6,https://www.twitter.com/galileosimon,https://pbs.twimg.com/profile_images/1499230730320326658/ngdy7FFu_normal.jpg,false,false
Joseph Biseko,BisekoJose8825,'1834067578433548289',false,2024-09-12 06:13:15,,6,6,128,41,,0,https://www.twitter.com/BisekoJose8825,https://pbs.twimg.com/profile_images/1834067725263523840/dMB8ojtS_normal.png,false,false
Tonny Kyema,TKyema78194,'1756809618427183104',false,2024-02-12 00:47:23,life is a journey walk it to the fullest 💗,17,181,2033,866,"Nairobi, Kenya",3,https://www.twitter.com/TKyema78194,https://pbs.twimg.com/profile_images/1756812202630053888/0ZiI_jun_normal.png,false,false
Juan Herrera,donjuanherrera,'74346229',true,2009-09-15 05:52:23,"memento mori - memento vivere - papá de Diego - Yo vi jugar a @TomBrady y a Messi, #tudiciendo® y #helpmeluci® - de @chivas y @CAIFANESMEX hasta morir",913,109,665,299,"Mexicali, Baja California",152,https://www.twitter.com/donjuanherrera,https://pbs.twimg.com/profile_images/1532031878282088450/Os4-_nxQ_normal.jpg,false,false
Matundura Willie,WillieMatundura,'827625979694682117',false,2017-02-03 23:13:04,Child of God|Data Scientist Tech|Digital Advocacy|Data Management|Big data Machine|Striving to become Better|Advocating for Good Governance & Development Growth,545,964,7503,2711,,35,https://www.twitter.com/WillieMatundura,https://pbs.twimg.com/profile_images/1811077767406014464/S3hLsVgr_normal.jpg,false,false
V-Rawat,VRawat0024,'1834025980853362688',false,2024-09-12 03:27:30,,0,0,21,5,,0,https://www.twitter.com/VRawat0024,https://pbs.twimg.com/profile_images/1834026076244508676/KOsn1Q7E_normal.jpg,false,false
Anthony Mucheru,AnthonyM60373,'1669394372331175968',false,2023-06-15 20:20:27,,38,34,249,37,,1,https://www.twitter.com/AnthonyM60373,https://abs.twimg.com/sticky/default_profile_images/default_profile_normal.png,false,false
Sostenes mayala,SostenesMa16915,'1636261499172732929',true,2023-03-16 09:02:55,4dy junior official. My gmail sostenesmayala@gmail.com... Networker and media production on 4DY ONLINE TV🗯️,222,397,2136,99,TABORA TOWN ,1,https://www.twitter.com/SostenesMa16915,https://pbs.twimg.com/profile_images/1832758256256606208/a1B-AWby_normal.jpg,false,false
Onji,Onji_jack,'1344822534336819200',false,2021-01-01 03:48:08,,29471,456,2830,154227,,84,https://www.twitter.com/Onji_jack,https://pbs.twimg.com/profile_images/1344822874306179072/_sbnEa_x_normal.jpg,false,false
Alfred Mashimi,AlfredMashimi,'1554073375823257600',false,2022-08-01 14:56:13,"Young diplomat, scholar, ordinary citizen, rice farmer and consumer",3612,2815,5614,4138,,187,https://www.twitter.com/AlfredMashimi,https://pbs.twimg.com/profile_images/1829553571651604481/yP4Z-dqW_normal.jpg,false,true
kip,TionyKiprotich,'1458472874029850633',true,2021-11-10 18:33:54,,10,100,605,103,,1,https://www.twitter.com/TionyKiprotich,https://pbs.twimg.com/profile_images/1762754772942065664/S0E7T_9s_normal.jpg,false,false
Maestro The Great.,ibrahnovic25,'1266457594702581768',true,2020-05-29 22:53:34,"My attitude based on how you treat Me. #_Tanzania_😍 

#Novangel #Kilimanjaro #outlooker  #fans @ManchesterUnuted @simbasctanzania",6366,3147,7508,20378,unknown,98,https://www.twitter.com/ibrahnovic25,https://pbs.twimg.com/profile_images/1712403008963633153/9bxhGC4f_normal.jpg,false,false
arn,arnaud_irambona,'1617350994752315392',false,2023-01-23 04:39:00,,15,220,813,7,,2,https://www.twitter.com/arnaud_irambona,https://pbs.twimg.com/profile_images/1617351163891912704/78yxBZVV_normal.png,false,false
Kiswager Januzaj,YKiswager,'1833918407307046912',false,2024-09-11 20:20:14,,6,25,148,0,,0,https://www.twitter.com/YKiswager,https://pbs.twimg.com/profile_images/1833918743925215232/5JTO7MQX_normal.jpg,false,false
iiq,iiqmlnd,'1660155378905251840',false,2023-05-21 08:28:13,Akun netas,139,16,57,61,"Kota Bandung, Jawa Barat",0,https://www.twitter.com/iiqmlnd,https://pbs.twimg.com/profile_images/1660155513710186496/Ldev1HTf_normal.jpg,false,false
Harrison,harrisonstormc,'1299086121771634690',true,2020-08-27 23:47:32,LAW OF ATTRACTION 🦋 📚,209,111,113,531,,0,https://www.twitter.com/harrisonstormc,https://pbs.twimg.com/profile_images/1549091340826591232/W6ROrmGn_normal.jpg,false,false
Leremore Star Ricky,LeremoreStar,'1815094022127415296',true,2024-07-21 21:39:00,,44,82,424,51,,4,https://www.twitter.com/LeremoreStar,https://pbs.twimg.com/profile_images/1815423605422825476/eKJPJRFn_normal.jpg,false,false
isyou,HilmanWhm25281,'1802366420015284224',false,2024-06-16 18:43:58,,1,69,74,73,,0,https://www.twitter.com/HilmanWhm25281,https://pbs.twimg.com/profile_images/1802366515897135104/ul6-jO1q_normal.png,false,false
abel swalo,AbelSwalo2426,'1833893573772623872',false,2024-09-11 18:47:45,,0,19,36,0,,0,https://www.twitter.com/AbelSwalo2426,https://pbs.twimg.com/profile_images/1833895213372145664/-TSnTV5D_normal.png,false,false
雨墨,yvmo74,'1729465164876107776',false,2023-11-28 13:40:10,,0,0,10,0,,0,https://www.twitter.com/yvmo74,https://pbs.twimg.com/profile_images/1729465750556196864/DJFxMXLu_normal.jpg,false,false
Timothy Ejilo,timothy_ejilo,'1532335353864105984',false,2022-06-02 15:17:02,,0,18,99,2,,0,https://www.twitter.com/timothy_ejilo,https://pbs.twimg.com/profile_images/1833869128622333953/wqItLJvY_normal.jpg,false,false
李瑶,lyo932013026361,'1794197850248933376',false,2024-05-25 05:44:44,,0,0,534,3,,0,https://www.twitter.com/lyo932013026361,https://abs.twimg.com/sticky/default_profile_images/default_profile_normal.png,false,false
philanthropists,hillary_ke60476,'1808796439268765697',false,2024-07-04 12:34:40,went to North York university Toronto canada,347,241,1389,2181,"Toronto, Ontario",0,https://www.twitter.com/hillary_ke60476,https://pbs.twimg.com/profile_images/1820587600022798338/xhSbGu5S_normal.jpg,false,false
Saidi Husseini,SaidiHusse45653,'1833849718746607616',false,2024-09-11 15:47:30,,2,13,82,34,,0,https://www.twitter.com/SaidiHusse45653,https://pbs.twimg.com/profile_images/1833849852356153344/VKIdIrgS_normal.png,false,false
Symon Mwangi,_washira_,'3353046184',true,2015-07-01 12:57:03,Quid pro quo,11,28,617,11,"Nairobi, Kenya",1,https://www.twitter.com/_washira_,https://pbs.twimg.com/profile_images/1783556466495954944/dLWLDpOq_normal.jpg,false,false
Bill Omondi,BillOmondi10,'1633827235181510658',false,2023-03-09 15:49:22,,65,159,411,157,,0,https://www.twitter.com/BillOmondi10,https://pbs.twimg.com/profile_images/1633827321055678465/RVWDwt6J_normal.png,false,false
Jacob Muturi,JacobMuturi5,'1561563195004837888',false,2022-08-22 06:58:17,"Tush mahn💪
A believer of the Holy Trinity.
        HUSTLER💯
Chelsea 💙💙💙
JEREMIAH 29:11",73,178,981,212,,11,https://www.twitter.com/JacobMuturi5,https://pbs.twimg.com/profile_images/1561730822142660608/XEB0jtCo_normal.jpg,false,false
Donald Kiprono,donald_kip13506,'1716611924622966784',false,2023-10-24 03:26:10,,2,269,720,8,,0,https://www.twitter.com/donald_kip13506,https://abs.twimg.com/sticky/default_profile_images/default_profile_normal.png,false,false
Jonah,IbsenHanoj,'2285513996',false,2014-01-10 21:01:42,Health care professional,2831,144,1132,2361,c.c.m(chama cha mapinduzi),315,https://www.twitter.com/IbsenHanoj,https://pbs.twimg.com/profile_images/1830724817240104961/0Ds4KqjH_normal.jpg,false,false
Edgar John's,EdgarJohns24194,'1816760144593657856',false,2024-07-26 11:59:49,,0,156,1022,1,,0,https://www.twitter.com/EdgarJohns24194,https://abs.twimg.com/sticky/default_profile_images/default_profile_normal.png,false,false
Eng.Wanyama,lidbury1,'378737250',false,2011-09-23 21:34:47,"Telecommunication expert,
Politician-Head Roots Party Campaign Secretariat,
Explorer",1015,277,1616,502,NAIROBI-KENYA,4,https://www.twitter.com/lidbury1,https://pbs.twimg.com/profile_images/1570075405692063745/_gT-8Lbv_normal.jpg,false,false
Aswaby Aswaby,AswabyA36914,'1833799189760712704',false,2024-09-11 12:27:13,,0,22,67,0,,0,https://www.twitter.com/AswabyA36914,https://pbs.twimg.com/profile_images/1833802902273409025/bxzL1aOW_normal.jpg,false,false
Kemal Seid,seid_kemal55365,'1833798652998922240',true,2024-09-11 12:24:55,,1,0,28,3,,1,https://www.twitter.com/seid_kemal55365,https://pbs.twimg.com/profile_images/1833798871777972224/OIFII80T_normal.png,false,false
Ronnie KE,Ish0wSl0wer,'2935986992',false,2014-12-19 13:32:47,,332,90,579,720,"📍Kenya, NBO",14,https://www.twitter.com/Ish0wSl0wer,https://pbs.twimg.com/profile_images/1579545373978263580/dGeIfVRi_normal.jpg,false,false
zhongnan,zhongnan181842,'1833780868797640705',false,2024-09-11 11:13:42,,0,9,6,0,,0,https://www.twitter.com/zhongnan181842,https://pbs.twimg.com/profile_images/1833780947415666688/Y7rgxqKn_normal.png,false,false
Derek Makokha,MakokhaDerek,'636260392',true,2012-07-15 18:33:20,"#Foodsecurity #conservenatureandshewillpreserveyou
#lovefloraandfauna",276,104,425,215,"Nairobi, Kenya",4,https://www.twitter.com/MakokhaDerek,https://pbs.twimg.com/profile_images/378800000147807128/57a18eca528bc9e8102c37b8071738e1_normal.jpeg,false,false
RUBEN WESONGA,RubenWeson47556,'1817843122967085057',false,2024-07-29 11:43:44,,4,20,66,90,,0,https://www.twitter.com/RubenWeson47556,https://pbs.twimg.com/profile_images/1817843439339282432/9C__JsWr_normal.png,false,false
Eric Malinda,eric_malinda,'471888563',true,2012-01-23 13:02:11,Hating on Ruto passionately,888,503,3806,447,"Nairobi,Kenya",29,https://www.twitter.com/eric_malinda,https://pbs.twimg.com/profile_images/1828797793479143424/6hp7dueD_normal.jpg,false,false
mauricio22,Akira2288,'1815404062608875520',false,2024-07-22 18:11:01,,2,9,1,0,,2,https://www.twitter.com/Akira2288,https://pbs.twimg.com/profile_images/1815404190690160640/_F--ihAe_normal.jpg,false,false
Chepkok Bryan,BrianKiptu87259,'1833760834947796992',false,2024-09-11 09:54:54,Professional Journalist,0,5,168,40,"Nairobi, Kenya",0,https://www.twitter.com/BrianKiptu87259,https://pbs.twimg.com/profile_images/1833765236391743488/Y-aAKUW1_normal.jpg,false,false
lesho jozefs,leshojozefsm,'808960031303417857',false,2016-12-14 11:01:16,"Once a gunner always a gunner.
Arsenal diehard ❤️🤍.
#COYG
#24/25season🔥🔥💥
EPL 🏆 
UEFA Champions League 🏆 🥇 
@arsenal",22258,638,4250,22200,"Maralal, Kenya ",58,https://www.twitter.com/leshojozefsm,https://pbs.twimg.com/profile_images/1827480129800425472/FIash_pO_normal.jpg,false,false
rani keren,KerenRani,'1143058875383525381',false,2019-06-24 10:30:47,,24,47,1415,69,,0,https://www.twitter.com/KerenRani,https://pbs.twimg.com/profile_images/1143059178224836608/YYGvSiKq_normal.jpg,false,false
Mystic Man,MysticMan_254,'1818888546616213504',false,2024-08-01 08:56:54,"I'm a man of the past,
And I'm living in the present,
And I'm walking in the future,
Stepping in the future.",188,53,1046,32,,4,https://www.twitter.com/MysticMan_254,https://pbs.twimg.com/profile_images/1820474269261758464/Oozn7yUv_normal.jpg,false,false
Jamie Lawrence🇰🇪🇬🇧,Jamie_Law_Sr,'970652267027357697',false,2018-03-05 15:28:29,The Taoiseach,7,40,439,54,,1,https://www.twitter.com/Jamie_Law_Sr,https://pbs.twimg.com/profile_images/1809312386475573250/3MiY7Nhc_normal.jpg,false,false
Putin 🇷🇺🇰🇪,Kevincejuma,'1131782708185714688',false,2019-05-24 07:43:19,I prefer dangerous freedom over peaceful slavery,2826,637,2358,3889,,244,https://www.twitter.com/Kevincejuma,https://pbs.twimg.com/profile_images/1837930860240154624/Z5OrpQ5x_normal.jpg,false,false
Virág Dely,ViragDely,'1833748051522928640',false,2024-09-11 09:03:24,,0,9,53,14,,0,https://www.twitter.com/ViragDely,https://pbs.twimg.com/profile_images/1833885793250660352/hMSprxeW_normal.jpg,false,false
RTV cartoon channel,rtvchannelcom,'2417928080',true,2014-03-29 22:06:42,Your #Europe connection to #follow. Ontdek ons brede assortiment aan korte video's en video cartoons. #Tip voor de #cartoon  liefhebber. #spacestory voor #kids,103495,11779,12599,98,The Netherlands,34508,https://www.twitter.com/rtvchannelcom,https://pbs.twimg.com/profile_images/1834247847648120832/uuShbkR__normal.jpg,false,false
centimetre,LcM0924,'877544498674270209',false,2017-06-21 18:11:27,,4,9,10,3,,0,https://www.twitter.com/LcM0924,https://pbs.twimg.com/profile_images/1575121026588897281/cE_xUZx6_normal.jpg,false,false
KIPYEGON RONO WESLEY,kipsrono31,'1200072266',false,2013-02-20 10:23:35,,348,42,584,893,KENYA,0,https://www.twitter.com/kipsrono31,https://abs.twimg.com/sticky/default_profile_images/default_profile_normal.png,false,false
Simo Nderu,SimoNderu,'1833678573820923904',false,2024-09-11 04:27:36,,0,22,36,7,,0,https://www.twitter.com/SimoNderu,https://pbs.twimg.com/profile_images/1833678750875009024/RdnIa0VE_normal.png,false,false
👻👻🔥🔥,Frank22138426,'1301165282686246915',true,2020-09-02 17:29:29,,22,13,82,61,,1,https://www.twitter.com/Frank22138426,https://pbs.twimg.com/profile_images/1335846872787922945/CmK9S4Yd_normal.jpg,false,false
SHIZZI,shizzi_x,'1712937842786148353',true,2023-10-14 00:06:52,OTF,2090,726,1645,986,,135,https://www.twitter.com/shizzi_x,https://pbs.twimg.com/profile_images/1833622099975405568/IXTGU8Oh_normal.jpg,false,false
Junior Jadollas,Junior_Jadollas,'1683088047368175616',false,2023-07-23 15:14:08,"Research | Project Managemet

                                                'Even in my everyman days I'd tell bigger things would happen.' - Junior Jadollas.",275,394,2003,12,"Oregon, USA",3,https://www.twitter.com/Junior_Jadollas,https://pbs.twimg.com/profile_images/1816143003313991680/fLg8yeFP_normal.jpg,false,false
Calv&Dad,teflonsisamo,'2428528289',false,2014-03-22 10:43:59,"📞 0710205056,0746809510",6387,1481,6934,27078,"Iringa, Tanzania",151,https://www.twitter.com/teflonsisamo,https://pbs.twimg.com/profile_images/1706371316004069376/K6ao1p84_normal.jpg,false,false
Michael Joy,MichaelJoy444,'1827396433919537152',false,2024-08-24 20:24:13,Dad - Husband - Musician - Pittsburgh Steeler Fan - DIY homeowner - Health and Wellness Enthusiast - Eternal Optimist,121,195,1483,245,,8,https://www.twitter.com/MichaelJoy444,https://pbs.twimg.com/profile_images/1827400000944443392/nbrdQKQy_normal.jpg,false,false
Pickvitamin.com,PemexVitamin,'891415607194693632',false,2017-07-30 00:50:17,Vitamins. Minerals. https://t.co/vsBjJmyS5o https://t.co/NOFpd0yg4d https://t.co/ytbDWE3GCa https://t.co/SRvdi2tzcz https://t.co/yjbRBkKRVV,561,605,4748,63,"Kansas City, MO",546,https://www.twitter.com/PemexVitamin,https://pbs.twimg.com/profile_images/1800736630376206336/d5P2TtcM_normal.jpg,false,false
Erick Murithi,murithi_er56863,'1829874971188838401',false,2024-08-31 16:33:24,,12,91,965,67,,0,https://www.twitter.com/murithi_er56863,https://pbs.twimg.com/profile_images/1829875135668498432/LQfrg_uL_normal.png,false,false
Abriana grace,neh43166,'1830841655231963137',false,2024-09-03 08:34:37,,82,65,715,1,,82,https://www.twitter.com/neh43166,https://pbs.twimg.com/profile_images/1834094660223963136/NRsAJLvk_normal.jpg,false,false
Eric Amiani,EAmiani66156,'1808784176268857344',false,2024-07-04 11:46:52,,13,105,550,37,,0,https://www.twitter.com/EAmiani66156,https://pbs.twimg.com/profile_images/1808930112009875458/VBk_tCpp_normal.jpg,false,false
Kevin Odhiambo,KevinOd73899486,'790115607672827906',true,2016-10-23 12:00:15,,4,134,704,4,,1,https://www.twitter.com/KevinOd73899486,https://pbs.twimg.com/profile_images/1612780116261625857/d5gHkYyF_normal.jpg,false,false
Steven Jon,StevenJon317234,'1832763932911759360',false,2024-09-08 15:52:44,,0,0,70,0,,0,https://www.twitter.com/StevenJon317234,https://abs.twimg.com/sticky/default_profile_images/default_profile_normal.png,false,false
Dan Evans,danodhiambo62,'886607102239748096',false,2017-07-16 18:23:00,Official account for 7th President Youths For Republic.🇰🇪,2446,704,2156,907,"Nairobi, Kenya",30,https://www.twitter.com/danodhiambo62,https://pbs.twimg.com/profile_images/1800655756661813249/gsD2L66-_normal.jpg,false,false
築地勇人,helios_4869,'495928531',false,2012-02-18 15:01:22,拓一→都市大応化→信大院繊維→社会人/院生の傍ら走ったりしたりする,1811,404,640,1177,地球,331,https://www.twitter.com/helios_4869,https://pbs.twimg.com/profile_images/565488689405788160/QFttcoMn_normal.jpeg,false,false
Master 001,OdwiraJacktone,'1504170310806999040',false,2022-03-16 21:01:48,"Regional Blogger 

Political Consultant.

Child of God",18033,993,1763,14839,"Nairobi, Kenya",1561,https://www.twitter.com/OdwiraJacktone,https://pbs.twimg.com/profile_images/1521868196504129536/ECrqd7RY_normal.jpg,false,false
Kish,BenardKichakuri,'1539257729142902787',false,2022-06-21 17:44:37,Starting with the 4th Agreement...,490,936,6123,23951,,1,https://www.twitter.com/BenardKichakuri,https://pbs.twimg.com/profile_images/1539258065962287105/bELZYqu1_normal.jpg,false,false
mkenya mpenda amani,jamesnjagi9,'2422097739',false,2014-03-19 11:08:12,Diploma in Business Administration,1746,565,3304,921,"nyeri, kenya",6,https://www.twitter.com/jamesnjagi9,https://pbs.twimg.com/profile_images/953875991335759872/Gacn_bQc_normal.jpg,false,false
Nibi,Fkita15,'130337741',true,2010-04-07 04:01:41,,8422,121,595,2479,México,313,https://www.twitter.com/Fkita15,https://pbs.twimg.com/profile_images/1676144117967994881/COv53SPZ_normal.jpg,false,false
Bajhood,jkeroui,'2297095983',false,2014-01-22 12:03:19,,1058,44,157,193,,5,https://www.twitter.com/jkeroui,https://pbs.twimg.com/profile_images/1240403964543279106/R855fdrk_normal.jpg,false,false
Justus Kelly,JustusKell77941,'1686768266771927040',false,2023-08-02 18:58:09,,30,238,960,36,,1,https://www.twitter.com/JustusKell77941,https://pbs.twimg.com/profile_images/1831404664245342208/Siob0K3u_normal.jpg,false,false
@akun_bodol82,Mikul_Selamat,'1657713461563133952',false,2023-05-14 14:44:42,akun baru semoga ada tambahan rezeki.,32094,932,6028,4763,,7816,https://www.twitter.com/Mikul_Selamat,https://pbs.twimg.com/profile_images/1829986389645279232/OvPWWB0W_normal.jpg,false,false
Bobillion,pollygen80,'3376517477',true,2015-07-15 01:32:38,Incongruously perspicaciously sagacious😎.C.P.O,5047,570,2502,3571,Antarctica,290,https://www.twitter.com/pollygen80,https://pbs.twimg.com/profile_images/1829123140548501504/E5z_48Bg_normal.jpg,false,false
Drew Mik,drew_mikz,'2882173995',true,2014-11-18 06:50:29,"A very  proud kenyan patriot
arsenal diehaŕd since 1902
Every second of your life counts",340,352,1613,16,Kenya,2,https://www.twitter.com/drew_mikz,https://pbs.twimg.com/profile_images/1831423294332968961/274nZEan_normal.jpg,false,false
Say Said,KennedyOmosa3,'1474230651649937410',false,2021-12-24 06:11:11,,8,185,1190,8,,0,https://www.twitter.com/KennedyOmosa3,https://pbs.twimg.com/profile_images/1818211183276539904/KO02qh8__normal.jpg,false,false
Urbanwise Solutions,UrbanwiseS,'1833398704666996737',true,2024-09-10 09:55:08,Nairobi’s premier short-term rental management | Maximizing returns for property owners | Exceptional guest experiences | 24/7 support | Partner with us today!,8,14,172,1,"Nairobi, Kenya",1,https://www.twitter.com/UrbanwiseS,https://pbs.twimg.com/profile_images/1833398922838003712/IgMKAARF_normal.jpg,false,false
Ben kè,B95101Benson,'1666497801671303197',true,2023-06-07 20:31:38,,32,95,326,98,,7,https://www.twitter.com/B95101Benson,https://pbs.twimg.com/profile_images/1833529773642932224/aLh0FvQs_normal.jpg,false,false
Aron Kimutai,AronKimuta22342,'1715319354676432896',false,2023-10-20 13:50:13,,45,269,594,2059,,4,https://www.twitter.com/AronKimuta22342,https://pbs.twimg.com/profile_images/1805133583926902784/9vTTLD_d_normal.jpg,false,false
@Peter_mulupi,PMulupi,'1242951079',false,2013-03-05 07:37:41,A public health practitioner at the ministry of health kakamega county,277,118,755,110,Kakamega   Malava kabras,40,https://www.twitter.com/PMulupi,https://pbs.twimg.com/profile_images/1829964461802749953/41QxLocM_normal.jpg,false,false
Jevon Barnes,jevonbarnes1,'394654048',false,2011-10-20 15:28:33,,27,662,753,1853,United Kingdom,0,https://www.twitter.com/jevonbarnes1,https://pbs.twimg.com/profile_images/1255810349070200832/7E219WU6_normal.jpg,false,false
young king,youngki79539004,'1489078248818438146',false,2022-02-03 05:28:46,,0,13,34,0,,0,https://www.twitter.com/youngki79539004,https://pbs.twimg.com/profile_images/1489078381463289856/4B_tzTRu_normal.png,false,false
👑BRIAN,BOBMakonnen23,'1663938709698347011',false,2023-05-31 19:01:50,||The Rastafarian man from south of  Africa who aims to cheat the world in order to live longer .||,35,419,4016,2566,"Zebediela, 0737, South Africa",6,https://www.twitter.com/BOBMakonnen23,https://pbs.twimg.com/profile_images/1833442867496239105/Kg93kDoZ_normal.jpg,false,false
Balozi JR 💰♥️,Abdiazi71620871,'1782414077752426496',true,2024-04-22 17:21:03,Degree Holder at Mount Kenya 🇰🇪 University 💵💲,49,24,336,5636,"Nairobi, Kenya",9,https://www.twitter.com/Abdiazi71620871,https://pbs.twimg.com/profile_images/1782753893723631616/vI6Nahq3_normal.jpg,false,false
picofarad,picofaradie,'1757510568125026304',false,2024-02-13 23:03:17,"CEO PICO TRUCKS TECHNOLOGY.Technician on mercedenz benz Trucks(Actros mp 1,2,3nad 4,Axor mp1,2and 3, Atego and Arocs mp4)",385,205,1017,4275,"Nairobi, Kenya",43,https://www.twitter.com/picofaradie,https://pbs.twimg.com/profile_images/1810259089794195456/b0wcI7QL_normal.jpg,false,false
Mkurdizzo,Naja_sasaiv,'1699361509053239296',false,2023-09-06 12:59:24,God helps those who helps them saves.,457,464,2347,2049,,1,https://www.twitter.com/Naja_sasaiv,https://pbs.twimg.com/profile_images/1813857808682553344/fYgcqR5p_normal.jpg,false,false
TYCUN,SamuelNdir49759,'1673664127863083014',false,2023-06-27 15:07:10,Construction 🚧I Engineering Survey I Leadership I Proper Governance I ChangemakerI GENZ Activist I.,2510,1035,2445,25123,,34,https://www.twitter.com/SamuelNdir49759,https://pbs.twimg.com/profile_images/1814567745553408001/6kLn-n1x_normal.jpg,false,false
Kevin Alonso,kevinalonso03,'2446083417',true,2014-03-30 06:23:14,,12,34,290,2018,,2,https://www.twitter.com/kevinalonso03,https://pbs.twimg.com/profile_images/1704327578629124096/ST1Lx6vJ_normal.jpg,false,false
Anne Forselles,AForselles33366,'1833248543529652224',false,2024-09-09 23:58:37,,0,3,6,0,,0,https://www.twitter.com/AForselles33366,https://abs.twimg.com/sticky/default_profile_images/default_profile_normal.png,false,false
Kendrick Haron Okonda,kendrickOharon,'1804971036628172800',false,2024-06-23 23:13:34,Code | Trade | Politics | Economics,992,86,399,2016,"Nairobi, Kenya",2,https://www.twitter.com/kendrickOharon,https://pbs.twimg.com/profile_images/1805289154307145728/jaymjfbT_normal.jpg,false,false
Thee Samoei's,KalenjinGenZ,'1832007429216759808',false,2024-09-06 13:46:49,GenZ,174,59,526,70,"Eldoret, Kenya",74,https://www.twitter.com/KalenjinGenZ,https://pbs.twimg.com/profile_images/1832712264178077696/22eUxk8B_normal.jpg,false,false
Pam Aesoph,PAesoph98274,'1832992724171034624',false,2024-09-09 07:01:55,,0,1,6,0,,0,https://www.twitter.com/PAesoph98274,https://abs.twimg.com/sticky/default_profile_images/default_profile_normal.png,false,false
Kumar,Kumar_Devkota,'703806381120364545',true,2016-02-28 06:58:12,All grammar and spelling mistakes are my own !,614,520,466,17658,"Pokhara,Nepal",63,https://www.twitter.com/Kumar_Devkota,https://pbs.twimg.com/profile_images/1811916915784224768/Bjj4X5jy_normal.jpg,false,false
SkylineRebel,SkylineRebel,'1659245949372301312',false,2023-05-18 20:18:38,"Coding in the clouds, defying limits. Software developer with a passion for breaking boundaries. Chelsea FC fan. Part-time seagull rebel, full-time dream chaser",98,112,169,819,"Limuru, Kenya",51,https://www.twitter.com/SkylineRebel,https://pbs.twimg.com/profile_images/1836668969035419648/nUt_3nqU_normal.jpg,false,false
Lauren Ryan,LaurenRyan_fx,'1779650654669041666',false,2024-04-15 02:19:47,👩🏼‍💼Business Consultant,12,434,0,0,Los Angeles California ,7,https://www.twitter.com/LaurenRyan_fx,https://pbs.twimg.com/profile_images/1790516640666279936/zEH_fVFH_normal.jpg,false,false
James Omondi,JamesOmond31785,'1642068271087210496',false,2023-04-01 10:36:25,,6,213,771,970,,4,https://www.twitter.com/JamesOmond31785,https://pbs.twimg.com/profile_images/1774474773965185024/XAGaZZ_q_normal.jpg,false,false
D.K Mochama,DkMochama,'1816290902161358848',false,2024-07-25 04:55:48,Tech Guru | IT Analyst | Business Analyst | Political Strategist | SDA Staunch | Sports Analyst |CFC 💙,234,36,91,108,United States,5,https://www.twitter.com/DkMochama,https://pbs.twimg.com/profile_images/1834622449951952897/LeOhtcg4_normal.jpg,false,false
version 2.0,oseko_robert,'1434344755387904006',false,2021-09-05 05:37:21,,276,103,121,5960,,19,https://www.twitter.com/oseko_robert,https://pbs.twimg.com/profile_images/1698259374542663680/enID8J8n_normal.jpg,false,false
Richard,Richard54163030,'1832868017924972544',false,2024-09-08 22:46:29,,0,26,91,2,,0,https://www.twitter.com/Richard54163030,https://pbs.twimg.com/profile_images/1832868236842487808/90iDz97C_normal.jpg,false,false
Faithgladys,CFaithgladys,'1185298352377909249',false,2019-10-18 23:55:49,🌷,47,81,78,2338,,5,https://www.twitter.com/CFaithgladys,https://pbs.twimg.com/profile_images/1701528449347653632/CV_jsaSV_normal.jpg,false,false
Rono K Hillary,RonoKHillary4,'885802902677331968',false,2017-07-14 13:07:24,I am proud of JESUS,65,66,835,50,"Nakuru, Kenya",4,https://www.twitter.com/RonoKHillary4,https://pbs.twimg.com/profile_images/1322515553626525697/bqa4bs_t_normal.jpg,false,false
DvJ vIce Worldwide,viceakidie,'1589669722982940672',true,2022-11-07 19:23:08,"PARTY & ONLINE DEJAAY, 
FOR BOOKING +256757860624
ON YOUTUBE @dvjviceworldwide
Email dvjviceworldwide@gmail.com",137,98,630,9354,"Kampala, Uganda",2,https://www.twitter.com/viceakidie,https://pbs.twimg.com/profile_images/1622845554857242624/Ux0nD_xi_normal.jpg,false,false
Mr Amai,AmaiMeshack,'1791734445029875712',false,2024-05-18 10:36:08,climate change Advocate,1,80,141,0,,1,https://www.twitter.com/AmaiMeshack,https://pbs.twimg.com/profile_images/1791734815076601856/Ynb4IdBB_normal.jpg,false,false
mark eric mwenda kinyua,markericmw34444,'1743395506716286976',false,2024-01-06 00:15:18,,2,44,180,54,,0,https://www.twitter.com/markericmw34444,https://pbs.twimg.com/profile_images/1743395778033295360/LbvPKoJ1_normal.png,false,false
Maccan Daniel,MaccanDaniel4,'1524337401136570369',false,2022-05-11 13:36:06,,97,3,669,57,,0,https://www.twitter.com/MaccanDaniel4,https://pbs.twimg.com/profile_images/1524337723078852608/Itq9w8xI_normal.jpg,false,false
Sue Flasch,FlaschSue30661,'1832819205231554560',false,2024-09-08 19:32:42,,0,0,4,0,,0,https://www.twitter.com/FlaschSue30661,https://abs.twimg.com/sticky/default_profile_images/default_profile_normal.png,false,false
刘轩,liuxuan03193849,'1491319259145797632',false,2022-02-09 09:53:21,,0,0,55,38,,0,https://www.twitter.com/liuxuan03193849,https://pbs.twimg.com/profile_images/1491319662008623105/vw4ljdAj_normal.jpg,false,false
Richard Kibor,RichardKibor5,'1467498357279100928',false,2021-12-05 16:19:01,,2,153,486,28,,0,https://www.twitter.com/RichardKibor5,https://abs.twimg.com/sticky/default_profile_images/default_profile_normal.png,false,false
Catherine Khamali,CateKhamali,'486966585',false,2012-02-08 23:26:09,"It’s all about humanity, humility, and integrity.",4229,1476,809,3364,Kenya,27,https://www.twitter.com/CateKhamali,https://pbs.twimg.com/profile_images/1563565454790012928/Sttfjmvq_normal.jpg,false,false
Manish Chauhan,Anurag922,'323025589',true,2011-06-24 06:56:36,#enthusiast#innovator#leo#insightful#magnifico,2530,81,910,2043,New Delhi,40,https://www.twitter.com/Anurag922,https://pbs.twimg.com/profile_images/696574094108536832/wZ6FM3DH_normal.jpg,false,false
Zanefitness_ke,ZanefitnessK,'1587733225979387904',true,2022-11-02 11:08:27,FITNESS.SPORTS.HEALTHYLIFESTYLE,3,3,110,12,Kenya,0,https://www.twitter.com/ZanefitnessK,https://pbs.twimg.com/profile_images/1826546978911657984/-xuuG4Oi_normal.jpg,false,false
Martin Ondu,Martin_AdidiO,'1665657453587976194',false,2023-06-05 12:51:09,,1,40,70,4,,0,https://www.twitter.com/Martin_AdidiO,https://abs.twimg.com/sticky/default_profile_images/default_profile_normal.png,false,false
Kamongo 🇰🇪,wycliffeotieno_,'1210271189228302336',true,2019-12-26 20:48:58,,329,610,1148,96,,109,https://www.twitter.com/wycliffeotieno_,https://pbs.twimg.com/profile_images/1810955061196886017/FSfWJITZ_normal.jpg,false,false
Oasis 🇺🇦 🇮🇱,alliswell_swen,'1420639821337305088',false,2021-07-29 09:59:04,夏天的最大特点就是会很快过去，然后恍惚之中让你觉得好像又浪费了一年光景。,256,61,359,2626,,2,https://www.twitter.com/alliswell_swen,https://pbs.twimg.com/profile_images/1421094086954475521/hMIHQVDM_normal.jpg,false,false
Caretaker,alexiakongin,'1374648720453689345',true,2021-03-24 11:06:30,Essential,903,671,691,3959,"Narok, Kenya",143,https://www.twitter.com/alexiakongin,https://pbs.twimg.com/profile_images/1832804678813339648/KSJS22g7_normal.jpg,false,false
Samuel Kirui,samkir2480,'1832778530905608192',false,2024-09-08 16:51:13,,1,64,336,16,,0,https://www.twitter.com/samkir2480,https://pbs.twimg.com/profile_images/1832778969013235712/J4j3I35Z_normal.jpg,false,false
Evans Ofori Affum (MAGMA/YAA BA),Iamyaaba,'1789987323804884992',false,2024-05-13 14:53:42,,17,32,330,7008,,3,https://www.twitter.com/Iamyaaba,https://pbs.twimg.com/profile_images/1789987509243412480/M7egCStQ_normal.jpg,false,false
Enrique ngeno,Meech_Tbag,'1142314700883017733',false,2019-06-22 09:13:42,Always be yourself,818,457,2061,2723,"Thika, Kenya",211,https://www.twitter.com/Meech_Tbag,https://pbs.twimg.com/profile_images/1659598792767819779/fJm4JBXW_normal.jpg,false,false
Babajunior,babji_ndegwa,'1597348599825895429',true,2022-11-28 23:56:52,,7,5,133,4133,"Malaba, Kenya",0,https://www.twitter.com/babji_ndegwa,https://pbs.twimg.com/profile_images/1836340514511060992/TFNK3mnf_normal.jpg,false,false
fisiologiaen_1minuto,Fisiologia1min,'1808561559599202304',false,2024-07-03 21:01:10,"¿Sabes cómo responde tu cuerpo al ejercicio? 💪🔬 En ""Fisiología en un Minuto"" te lo explicamos con videos cortos y fáciles de entender. #deporte #entrenamiento",70,3,80,15,,0,https://www.twitter.com/Fisiologia1min,https://pbs.twimg.com/profile_images/1811334505585651712/RrGLQkI1_normal.jpg,false,false
Raskartasi Investments,raskartasi,'1689620204874244096',false,2023-08-10 15:50:31,,164,65,115,74,,10,https://www.twitter.com/raskartasi,https://abs.twimg.com/sticky/default_profile_images/default_profile_normal.png,false,false
Mutembei Micheni,mutembeimichen,'1663080208713359360',false,2023-05-29 10:10:40,"With an elevated perspective, you will have patience and clarity to reach almost any objective...",22,57,227,27283,"Kiambu, Kenya",2,https://www.twitter.com/mutembeimichen,https://pbs.twimg.com/profile_images/1812043221788426240/SQHl-ub-_normal.jpg,false,false
stanley okiru,StanleyOkiru,'1487736762625671178',false,2022-01-30 12:38:27,,40,272,1659,534,,0,https://www.twitter.com/StanleyOkiru,https://pbs.twimg.com/profile_images/1572272656250028033/csqczvXC_normal.jpg,false,false
jamin,jaminkip1,'2717498608',false,2014-07-19 08:33:24,,32,82,544,72,,0,https://www.twitter.com/jaminkip1,https://pbs.twimg.com/profile_images/1276603147004362752/HCt2b4uP_normal.jpg,false,false
Chris atsiaya,ChrisAtsiaya,'730464238427328512',false,2016-05-11 21:27:00,,22,126,198,39,,1,https://www.twitter.com/ChrisAtsiaya,https://abs.twimg.com/sticky/default_profile_images/default_profile_normal.png,false,false
erick onjonga,OnjongaErick,'1555257939321147392',false,2022-08-04 21:23:48,,4,105,496,13,,0,https://www.twitter.com/OnjongaErick,https://pbs.twimg.com/profile_images/1642597483988525056/RNxVoKWP_normal.jpg,false,false
morris gitonga,morrisg59928942,'1561618604281438208',false,2022-08-22 10:38:08,,4,37,444,20,,0,https://www.twitter.com/morrisg59928942,https://pbs.twimg.com/profile_images/1561618712515551232/P0k71X-w_normal.jpg,false,false
Wangai Goddie,wangai_god86278,'1789947189805916160',false,2024-05-13 12:14:35,,0,57,82,3,,0,https://www.twitter.com/wangai_god86278,https://pbs.twimg.com/profile_images/1789947337298632704/8ce79SR9_normal.png,false,false
Jackson Wise,JacksonW89994,'1771465587413200896',false,2024-03-23 11:15:13,,658,739,1681,348,,14,https://www.twitter.com/JacksonW89994,https://pbs.twimg.com/profile_images/1771465715389784064/7lF_OiTe_normal.png,false,true
Fengshuo Zhang,imNOTnep,'1830851025147768838',false,2024-09-03 09:11:37,,0,10,15,1,,0,https://www.twitter.com/imNOTnep,https://pbs.twimg.com/profile_images/1830851121344098308/Wpq40DDW_normal.png,false,false
Onyiegoh,ItsOnyiegoh,'1789022156195586049',false,2024-05-10 22:58:51,"|| Real Estate
|| Kirkland Signatures Limited
|| Pan-African
|| Disaster Risk Reduction
|| Environmental Enthusiast",38,1,82,60,"Nairobi, Kenya",7,https://www.twitter.com/ItsOnyiegoh,https://pbs.twimg.com/profile_images/1789022847366578176/OJbtH_tB_normal.jpg,false,false
Samuel  Nyabuto,SamuelNyabuto12,'905510794842038273',false,2017-09-06 22:19:31,My behaviour,20,34,197,28,"Mombasa, Kenya",0,https://www.twitter.com/SamuelNyabuto12,https://pbs.twimg.com/profile_images/1089792925943427076/fJ0tYOrM_normal.jpg,false,false
Samuel Otieno,SamuelO50633823,'1807036254183100416',false,2024-06-29 16:00:40,,8,196,853,8132,,0,https://www.twitter.com/SamuelO50633823,https://pbs.twimg.com/profile_images/1807036465773416448/mUX_4F-g_normal.png,false,false
Daniel Malakwen,daniel20033212,'1782734613875499008',false,2024-04-23 14:34:35,,21,11,68,10,,0,https://www.twitter.com/daniel20033212,https://pbs.twimg.com/profile_images/1782734812039561216/pFC8hBJC_normal.png,false,false
William Alela,williamalela466,'1717680699870732288',false,2023-10-27 02:13:29,,1,22,48,491,,0,https://www.twitter.com/williamalela466,https://pbs.twimg.com/profile_images/1717680880993423360/lp13R6Gd_normal.jpg,false,false
Fred Journalistic Ong 'era,era_fred4290,'1660574834751840257',true,2023-05-22 12:15:43,"A communication specialist, digital media influencer with skills in graphic design and copywriting.",97,28,386,11,Kenya,15,https://www.twitter.com/era_fred4290,https://pbs.twimg.com/profile_images/1662030845488640011/LTln8NYa_normal.jpg,false,false
Kawempe's Finest✌️⚽,SDLwabidongo07,'1459092943327969282',false,2021-11-12 11:38:16,Am a decorator at Flower cart 🌼🌸 located at Equatorial shopping mall Kampala || Football fi life|| Man UTD en https://t.co/CuN5MN3mBy fan⚽|| let's be frien,8757,1341,4274,30623,"Kampala, Uganda",326,https://www.twitter.com/SDLwabidongo07,https://pbs.twimg.com/profile_images/1796929271241326592/hZZFnzMN_normal.jpg,false,false
PP COLLECTION,tonny_267,'1574890718321049606',false,2022-09-28 01:36:39,"Not just a plug
Deliveries across E.A
🇰🇪 🇹🇿 🇧🇮 🇨🇩 🇺🇬",37,1,92,38,"Nairobi, Kenya",17,https://www.twitter.com/tonny_267,https://pbs.twimg.com/profile_images/1694306271497744384/vamawXSS_normal.jpg,false,false
Baker Mughisa,BMughisa15710,'1757134408270729216',true,2024-02-12 22:08:36,,43,0,13,194,"Kasese, Uganda",4,https://www.twitter.com/BMughisa15710,https://pbs.twimg.com/profile_images/1837062955801686016/l-LTzReP_normal.jpg,false,false
RUN,gkeDCvODPF21690,'1827342767850450945',false,2024-08-24 16:50:55,,17,0,16,44,,1,https://www.twitter.com/gkeDCvODPF21690,https://pbs.twimg.com/profile_images/1832702911589314560/T0Q2VuMo_normal.jpg,false,false
MUCHAI WANJIRU,MUCHAIWANJIRU16,'1628285865934954497',false,2023-02-22 08:49:55,MUCHAI  WANJIRU. LET US BE REAL.,1579,275,733,1848,"NAIROBI, KENYA ",40,https://www.twitter.com/MUCHAIWANJIRU16,https://pbs.twimg.com/profile_images/1628290726344761346/h647c4Tg_normal.jpg,false,false
Kishore Kunal,whatelseKK,'551280627',false,2012-04-11 21:06:53,,48,66,153,103,,0,https://www.twitter.com/whatelseKK,https://pbs.twimg.com/profile_images/479653163046162432/8i--rt_0_normal.jpeg,false,false
Mashablink,Mashablink_,'1581942759220445184',true,2022-10-17 12:39:35,Do what you want,60900,164,1166,50859,Nigeria,100,https://www.twitter.com/Mashablink_,https://pbs.twimg.com/profile_images/1790270117344837632/SZGMqK3k_normal.jpg,false,false
👑 KING.BUCHO 👑,Bucci024,'843479333666783232',true,2017-03-19 17:08:39,👑 https://t.co/URgKdWRXwL.KING 👑 I Import & Export I Automobiles sales I @ManUtd .,2574,148,745,6923,"Riverside, CA 🇺🇸 ",58,https://www.twitter.com/Bucci024,https://pbs.twimg.com/profile_images/1496547668667084806/Vdsc4V5N_normal.jpg,false,false
Mudyandigere🇿🇼,guru_dare,'1315549113123995648',false,2020-10-12 10:05:34,Ambitious || Liverpool🔴|| Music || songwriter ||Highlanders⚪⚫|| Local content lover||,440,548,1289,2661,,1,https://www.twitter.com/guru_dare,https://pbs.twimg.com/profile_images/1467382346026569728/DKEo-Fab_normal.jpg,false,false
Arthur Mwapagha,0e76f6081c25413,'2970202252',false,2015-01-09 20:24:37,,5,2,82,40,,0,https://www.twitter.com/0e76f6081c25413,https://pbs.twimg.com/profile_images/553618739464515585/cW0742Km_normal.png,false,false
Comrade Maluki,ComradeMaluki,'1232640326587867136',false,2020-02-26 14:16:04,"Political scientist/ UoN.
Pan-Africanist/Social critique/Political analysis ahead of the curve!",2102,1250,1841,10367,proxima centauri,32,https://www.twitter.com/ComradeMaluki,https://pbs.twimg.com/profile_images/1820037031868694528/BYP3ZCW7_normal.jpg,false,false
Georginho15,georgekalulu01,'1553359070437990400',false,2022-07-30 15:37:46,Struggling today,612,368,2648,1366,"Dar es Salaam, Tanzania",15,https://www.twitter.com/georgekalulu01,https://pbs.twimg.com/profile_images/1748959267472699392/V_G8uuJL_normal.jpg,false,false
Juli Mwas,julimwas36220,'1682103952916066304',false,2023-07-20 22:03:55,,19,6,16,1750,,3,https://www.twitter.com/julimwas36220,https://pbs.twimg.com/profile_images/1682104063721107456/bjETY6cL_normal.png,false,false
Brandon Jamal 🇺🇬🦅,brandonjamal2,'546215565',false,2012-04-05 20:13:00,Compliance Engineer,486,183,595,4227,"Manchester, England",1,https://www.twitter.com/brandonjamal2,https://pbs.twimg.com/profile_images/1441674288424095753/MeqMrDUk_normal.jpg,false,false
Kirasam,Kirasam682351,'1806270216969527298',false,2024-06-27 13:16:11,,14,1,57,1382,,0,https://www.twitter.com/Kirasam682351,https://pbs.twimg.com/profile_images/1806270449690501120/dLenO940_normal.jpg,false,false
Aimskit comedy,AimskitComedy,'1753726582017953794',false,2024-02-03 12:26:33,,0,22,60,116,,0,https://www.twitter.com/AimskitComedy,https://pbs.twimg.com/profile_images/1753726664738041856/2LvLyAw7_normal.jpg,false,false
余小姐,jie_xiao34848,'1831976893006192640',false,2024-09-06 11:45:27,,1,0,8,21,,0,https://www.twitter.com/jie_xiao34848,https://abs.twimg.com/sticky/default_profile_images/default_profile_normal.png,false,false
Kundu Ronald Matte,KUNDUMATTE,'2476002078',true,2014-05-04 00:18:47,"Passionate teacher delving into the realms of politics, education, agriculture, and science. Empowering minds one lesson at a time. 📚🌱🔬 #Teacher #Politics",230,78,376,1167,kiryandongo,49,https://www.twitter.com/KUNDUMATTE,https://pbs.twimg.com/profile_images/1826176830648332288/ikhHcZoH_normal.jpg,false,false
M.wakirumba fan group,Dwizzie001,'1831802621545320448',false,2024-09-06 00:13:10,,1,14,29,3,,0,https://www.twitter.com/Dwizzie001,https://pbs.twimg.com/profile_images/1831802781188882432/T60Nskaa_normal.png,false,false
Shom™ 🇰🇪,ShomTechKE,'1484405343581057027',true,2022-01-21 08:00:09,God first   ||  The Best in Hospitality (hotel) ICT,2168,2000,2020,5493,"Kisumu, Kenya",175,https://www.twitter.com/ShomTechKE,https://pbs.twimg.com/profile_images/1836643187160428544/Nn5XgMjo_normal.jpg,false,false
Ekaii,Glubeee,'1805841487055536131',false,2024-06-26 09:19:09,,9,0,9,42,,4,https://www.twitter.com/Glubeee,https://pbs.twimg.com/profile_images/1832541238299607040/imC7fb5L_normal.jpg,false,false
abai667,abai66794647,'1832593595171532800',false,2024-09-08 04:35:59,,2,0,11,4,,0,https://www.twitter.com/abai66794647,https://pbs.twimg.com/profile_images/1832593806686130176/uvpAHzMF_normal.jpg,false,false
Iseeadeadpeople,RRRRRTTTTnnn,'1832585931372818435',false,2024-09-08 04:05:46,,0,21,68,1,,0,https://www.twitter.com/RRRRRTTTTnnn,https://pbs.twimg.com/profile_images/1832587103873724416/UQI3xoWm_normal.jpg,false,false
skengdon47,john_wacek90804,'1832575060919418880',false,2024-09-08 03:22:26,RG 🥊,3,29,155,359,,1,https://www.twitter.com/john_wacek90804,https://pbs.twimg.com/profile_images/1832579708942192640/cu9Nr-Df_normal.jpg,false,false
zephania wainaina,zephanianesh,'3033144070',false,2015-02-12 19:40:32,Agriculture,20,175,1062,11,"Meru, Kenya",0,https://www.twitter.com/zephanianesh,https://pbs.twimg.com/profile_images/1823380836932022272/4Ufjil9E_normal.jpg,false,false
Gimletmuts💯🎉,Gimletmuts12,'1634299936052326400',true,2023-03-10 23:07:45,"Arsenal Fan💯🎉, Virgo♍, i value Experiences,Capitalist and an Environmentalist 🍀💥✨💫.",811,443,853,18082,,26,https://www.twitter.com/Gimletmuts12,https://pbs.twimg.com/profile_images/1786650361249284096/tccVfr44_normal.jpg,false,false
Skye Massey,skyemassey,'238330273',true,2011-01-15 00:46:20,Word,2524,251,383,2578,,158,https://www.twitter.com/skyemassey,https://pbs.twimg.com/profile_images/528773824389857280/T6bDDE56_normal.jpeg,false,false
WORD🧠✨🌚,ObiDaramy,'1238647634899931136',true,2020-03-14 04:06:45,I will be a GREAT FOOL for not being GRATEFUL.🕋📿🤲🏾 #Alpha_male🕴️ #Polymath🌚✨🧠✍🏾+232🇸🇱🙌🏾,313,239,1476,35091,Somewhere safer.🇸🇱🙏🏾,16,https://www.twitter.com/ObiDaramy,https://pbs.twimg.com/profile_images/1267747302049034241/g2qTUJIX_normal.jpg,false,false
BDA,21FUNE,'1481611720674185220',true,2022-01-13 14:59:18,,559,331,1413,101915,,33,https://www.twitter.com/21FUNE,https://pbs.twimg.com/profile_images/1780360721462706176/dskjHMOc_normal.jpg,false,false
KING KABOOS 💫🎶👑🌏🌍🌎🇧🇯🇨🇵,HKachimbo,'1333202296994484226',true,2020-11-30 02:13:26,"The Sun shall soon shine 🌻✨
Mr Aligator 🐉🦕",3459,278,1229,21432, Alligator ,6,https://www.twitter.com/HKachimbo,https://pbs.twimg.com/profile_images/1696700237711065088/duYVBAX5_normal.jpg,false,false
호프만,Hoffman920,'1705552591940132864',true,2023-09-23 15:00:49,,3,90,1246,4,,0,https://www.twitter.com/Hoffman920,https://pbs.twimg.com/profile_images/1834316117923254273/s0n_YSXY_normal.jpg,false,false
utd Tender,quickieman77,'1726502954914422785',false,2023-11-20 09:29:32,yeah,177,277,1026,208,,0,https://www.twitter.com/quickieman77,https://pbs.twimg.com/profile_images/1726540174568325120/ACWjp0Xq_normal.jpg,false,false
NHBostonFan,NHSportsFan262,'1613500866920685568',false,2023-01-12 13:39:55,"Taking a break from long distance running, staying warm and focusing on strength training for the warmer months.  Happy 2024!",0,142,44,231,New Hampshire,0,https://www.twitter.com/NHSportsFan262,https://pbs.twimg.com/profile_images/1658850811307229185/ZrTskTCx_normal.jpg,false,false
Prince Woyi㊙,prince_woyi,'1452251221960630279',true,2021-10-24 15:31:08,,818,216,338,2495,"Accra, Ghana",19,https://www.twitter.com/prince_woyi,https://pbs.twimg.com/profile_images/1457724339197857792/qJ-NQoqi_normal.jpg,false,false
ligami___ke,ligami___ke,'1773012574189023232',false,2024-03-27 17:42:44,,75,153,853,2851,,0,https://www.twitter.com/ligami___ke,https://pbs.twimg.com/profile_images/1773013243079897088/3BJRkUbe_normal.jpg,false,false
Honest,Honest612445,'1830033452717989889',false,2024-09-01 03:03:59,,1,11,39,459,,0,https://www.twitter.com/Honest612445,https://abs.twimg.com/sticky/default_profile_images/default_profile_normal.png,false,false
Concellzrajana56@gmail.com,Concellzrajana3,'1529997307462180864',true,2022-05-27 04:26:26,The Ghetto Ninja,13475,401,1234,25096,"Lodwar, Kenya",138,https://www.twitter.com/Concellzrajana3,https://pbs.twimg.com/profile_images/1612506234426384397/EnGJCVhj_normal.jpg,false,false
Raj,rajivshah2406,'2925742353',true,2014-12-16 22:38:32,GGMU,286,114,549,82092,,1,https://www.twitter.com/rajivshah2406,https://pbs.twimg.com/profile_images/1254715732392325121/4_m8g2H1_normal.jpg,false,false
Sir Evance m macheusi,EvanceMacheusi,'1279439390419419136',true,2020-07-04 18:38:36,"@Chelseafc 
@job-yangu",223,84,364,4664,"Trans nzoia,Kenya",10,https://www.twitter.com/EvanceMacheusi,https://pbs.twimg.com/profile_images/1279440935252787200/N6hOI5EP_normal.jpg,false,false
Ahyaan,ahyaan6454,'1830851791392514049',false,2024-09-03 09:14:29,,0,33,130,677,,0,https://www.twitter.com/ahyaan6454,https://abs.twimg.com/sticky/default_profile_images/default_profile_normal.png,false,false
Black Child,_Black_Child,'1012607240111607809',true,2018-06-29 11:02:34,"Determination is what drives me. My tweets are solely for me, not my employer.",4707,1010,2939,11687,"Bloemfontein, South Africa",332,https://www.twitter.com/_Black_Child,https://pbs.twimg.com/profile_images/1360805219731468288/VkaUyxam_normal.jpg,false,false
Young,Young3806441507,'1640833115160469505',false,2023-03-29 00:48:11,,164,41,324,64501,,3,https://www.twitter.com/Young3806441507,https://abs.twimg.com/sticky/default_profile_images/default_profile_normal.png,false,false
Paa Qwasi Metaphor,PaaMethaphor,'859178606039379970',true,2017-05-02 01:51:57,"Seed of Greatness, God's eye, Mancunian, a Guy for all ... Sarcasm's little monster",22106,576,1817,118144,"Accra, Ghana",510,https://www.twitter.com/PaaMethaphor,https://pbs.twimg.com/profile_images/1680883678979792896/0SXY2cgK_normal.jpg,false,false
Nick Morton,Nick_morton_,'1832148731489112064',false,2024-09-06 23:08:13,"arborist, runner loves running",3,35,80,1,"Liverpool, England",3,https://www.twitter.com/Nick_morton_,https://pbs.twimg.com/profile_images/1832151819151093760/ZWWkYfEC_normal.jpg,false,false
Stay @home,edgarnkwana,'284636139',false,2011-04-19 20:21:26,Employee Health and Wellness guru. Email me @ makgalenkwana@gmail.com,202,429,4336,248,"Jozi,Gillview Heights",1,https://www.twitter.com/edgarnkwana,https://pbs.twimg.com/profile_images/420782709402005504/nKpPZQiX_normal.jpeg,false,false
twofingees,mistertwofinger,'1821455508727119872',false,2024-08-08 10:57:06,,0,23,4,0,,0,https://www.twitter.com/mistertwofinger,https://pbs.twimg.com/profile_images/1821458096222556160/gZge6zyG_normal.jpg,false,false
Ashley Smith,smith_ashl72884,'1832439539853340672',false,2024-09-07 18:23:57,,0,0,1,0,,0,https://www.twitter.com/smith_ashl72884,https://abs.twimg.com/sticky/default_profile_images/default_profile_normal.png,false,false
Me,Famouskid00,'1670710318165532674',false,2023-06-19 11:29:34,Always me,19,528,2045,764,,4,https://www.twitter.com/Famouskid00,https://pbs.twimg.com/profile_images/1812639773388922880/GEKNUMbq_normal.jpg,false,false
Mody Saad,ModySaa91238776,'1621790507067138049',false,2023-02-04 10:39:45,,167,85,3270,4326,,9,https://www.twitter.com/ModySaa91238776,https://pbs.twimg.com/profile_images/1805672810309615616/VEG1GJk__normal.jpg,false,false
prince hall,Gamecliff64,'1718765655917289472',false,2023-10-30 01:04:30,,2,0,41,124,,0,https://www.twitter.com/Gamecliff64,https://pbs.twimg.com/profile_images/1718765782526550016/3ZnAWaEK_normal.png,false,false
Neil Graffin,NeilGraffin,'3345247305',false,2015-06-25 12:41:14,Senior Lecturer in Law and Head of Department at The Open University. Chair of OU University of Sanctuary Advisory Network.,660,810,1985,1820,,6,https://www.twitter.com/NeilGraffin,https://pbs.twimg.com/profile_images/1387717937021263878/vB4ca6Wq_normal.jpg,false,false
LUIS WA PILI,lwimikomwamben3,'1443131829633040389',false,2021-09-29 11:34:00,"Procurement expert | Arsenal |Simba|

🙏 Omnipotent deity",448,275,531,3771,heaven,28,https://www.twitter.com/lwimikomwamben3,https://pbs.twimg.com/profile_images/1833618727402618880/qrwqCpVT_normal.jpg,false,false
BlaQ🇬🇭🇦🇷,blaqboi_1,'2471158994',true,2014-04-30 18:35:34,Tutor/Teacher,151,110,1936,29353,"Wa, Ghana",17,https://www.twitter.com/blaqboi_1,https://pbs.twimg.com/profile_images/1517174018859835392/dCA9qHnT_normal.jpg,false,false
Abutwahiyu,kimaltah,'1695319223898120193',false,2023-08-26 09:16:38,,8,64,237,53,,0,https://www.twitter.com/kimaltah,https://pbs.twimg.com/profile_images/1730571319710789632/lo9Bi7JJ_normal.jpg,false,false
digitai 🌞🇺🇦🥇 🇨🇴 🇮🇱,digitai_,'339948520',true,2011-07-22 01:34:07,augmenting human decision making,9980,571,59,14014,,189,https://www.twitter.com/digitai_,https://pbs.twimg.com/profile_images/1036776821474246657/i-PnY6e6_normal.jpg,false,false
Panshak Tell em,officialpanshak,'744855842797674496',false,2016-06-20 14:34:06,Los Angeles Confidential,71,278,3315,118462,Us,4,https://www.twitter.com/officialpanshak,https://pbs.twimg.com/profile_images/1220479865008414721/4GFtTQlF_normal.jpg,false,false
Alfie 🇾🇪,acwrd5,'1739693665583280128',false,2023-12-26 19:04:36,For the love not the glory 🇾🇪,943,733,1587,45243,,31,https://www.twitter.com/acwrd5,https://pbs.twimg.com/profile_images/1763978541325025280/Iwc09kC8_normal.jpg,false,false
Salat Mohammed,SalatMoham35655,'1828372787330752512',false,2024-08-27 13:03:59,,0,2,170,2,,0,https://www.twitter.com/SalatMoham35655,https://pbs.twimg.com/profile_images/1828373211005812736/A73hhD68_normal.jpg,false,false
Faith,xlocryptonio,'1512390060313878533',true,2022-04-08 14:21:18,ECurrency To Fait)👨🏽‍💻 Humanitarian 😎 🇳🇬🇬🇭. *DM 💌 For Business! #Crypto #DayTrade. “247 “” #Xlo-Trader,3602,544,5085,7000,"Accra, Ghana",188,https://www.twitter.com/xlocryptonio,https://pbs.twimg.com/profile_images/1620645632418398208/gQxMD2tF_normal.jpg,false,false
Maggie Mwangi,MaggieM21685333,'1139902661157892096',true,2019-06-15 17:29:07,"I am a child of the most high God
A classic 105 die hard especially Maina And Kingangi 
A Manchester United die hard",2040,159,1074,6383,"Nairobi, Kenya🇰🇪",10,https://www.twitter.com/MaggieM21685333,https://pbs.twimg.com/profile_images/1682280013054324737/wqau14Bf_normal.jpg,false,false
Am kim,KomenLewis,'2844801643',false,2014-10-08 00:03:15,"agriculturist,florist and environmentalist",120,56,906,366,"Nakuru, Kenya",2,https://www.twitter.com/KomenLewis,https://pbs.twimg.com/profile_images/1032326253553086464/e516TD85_normal.jpg,false,false
LaaRx OTF,LaaRx_Isaac,'1256511610308493312',true,2020-05-02 12:11:48,IIEntrepreneur||Motivator||Risk manager || Psychologist || Pharmacy Technician||@KMbappe & @Cristiano Fan||God's able ||#555 BELIEVE || FOREX OTF Beginner||,13422,521,1144,21648,,239,https://www.twitter.com/LaaRx_Isaac,https://pbs.twimg.com/profile_images/1798109376512733184/7f90pejE_normal.jpg,false,false
Kwizera Jean cloude,Kwizera_ricardo,'1824157366549626880',false,2024-08-15 21:53:21,,4,9,137,114,,1,https://www.twitter.com/Kwizera_ricardo,https://pbs.twimg.com/profile_images/1824159451017879552/WBQ04rsM_normal.jpg,false,false
Aboagye Valentine,AboagyeVal32756,'1746490406294929409',false,2024-01-14 13:13:03,,48,16,239,6037,,1,https://www.twitter.com/AboagyeVal32756,https://pbs.twimg.com/profile_images/1746490609987112960/l91C5aA4_normal.png,false,false
Shanmuk,i_shanmuk,'220997385',true,2010-11-29 15:07:49,"Electrical Engg., Solar Consultant ☀️🔋,🇮🇳, Tweets - Mix of Politics, Indic culture🕉📿, History, Sustainable Energy, @ManUtd, #IndianCricket and random stuff",17840,449,800,187797,India 🇮🇳 /Italy 🇮🇹,175,https://www.twitter.com/i_shanmuk,https://pbs.twimg.com/profile_images/1782235122437115905/B5ddO_w7_normal.jpg,false,false
Amandrea Roy Mo,roybulldogg4,'1030814162232987649',true,2018-08-18 16:50:22,HI-TECH,305,555,4806,2966,Uganda,197,https://www.twitter.com/roybulldogg4,https://pbs.twimg.com/profile_images/1768878751859810304/q1dE3EJh_normal.jpg,false,false
Concern Citizen,OlasileK,'214925242',false,2010-11-12 17:31:16,,1330,175,526,990,Never Mind,192,https://www.twitter.com/OlasileK,https://pbs.twimg.com/profile_images/1472692827997945858/US-96K1__normal.jpg,false,false
tmKin,tmKin0,'1737733455985709056',false,2023-12-21 09:15:43,"#messifc

#footballfan

#LEARNORPERISH

@CHELSEAFC

@AFCLEOPARDS",1105,1863,1778,13422,,104,https://www.twitter.com/tmKin0,https://pbs.twimg.com/profile_images/1804825720935350272/9zXL-VAa_normal.jpg,false,false
wale meniru🛰️,WaleMeniru,'1573039013660954625',true,2022-09-22 22:58:45,be real,1246,1134,768,2468,Nigeria,116,https://www.twitter.com/WaleMeniru,https://pbs.twimg.com/profile_images/1762122760677941250/YBPXC6z6_normal.jpg,false,false
Mr.Nobody,RaphSharks555,'1733522772909789184',true,2023-12-09 18:23:45,What ever goes around comes around,128,59,792,1305,"Kampala, Uganda",57,https://www.twitter.com/RaphSharks555,https://pbs.twimg.com/profile_images/1733523003571404802/jQUo_xvB_normal.jpg,false,false
The Gain,Thegain_pm,'1200850349206192131',false,2019-11-30 20:53:48,,11,28,911,14792,,0,https://www.twitter.com/Thegain_pm,https://pbs.twimg.com/profile_images/1400838450316726279/3S6gGnrP_normal.jpg,false,false
cryptoesco,AndriaWu64071,'1699411498982854656',false,2023-09-06 16:18:07,"Director/Supervisor#bnb#eth#btc#pepeth
Follow me on telegram for trading signal 
https://t.co/ZyMBHWDtaz",105,423,1295,7307,Canada,3,https://www.twitter.com/AndriaWu64071,https://pbs.twimg.com/profile_images/1803407734139686912/JuC4on7Q_normal.jpg,false,false
𝒀𝑨𝑮𝑨 🇸🇦.,A_M_5_H_S_R_I,'1038297526720520192',true,2018-09-08 08:26:35,عقلي سَليم ، انا مُختل قلبياً .,653,373,893,22530,في مكان خارج هذا الكوكب .,20,https://www.twitter.com/A_M_5_H_S_R_I,https://pbs.twimg.com/profile_images/1799911786520436736/fOnxz2Q4_normal.jpg,false,false
AWOH CHUKWUKODINAKA,Godwinxyme,'1577250749540597760',true,2022-10-04 13:55:16,"Love for God

😍volleyball",45,120,613,302,,4,https://www.twitter.com/Godwinxyme,https://pbs.twimg.com/profile_images/1580450347046281217/h5QWyKk7_normal.jpg,false,false
Stanzin Dadul བསྟན་འཛིན་དགྲ་འདུལ,StanzinDadul5,'1538106760057085952',false,2022-06-18 13:30:17,Travailing|cycling|acient history #LivingTheLife #benvindo,460,38,93,26903,"Ladakh, India",41,https://www.twitter.com/StanzinDadul5,https://pbs.twimg.com/profile_images/1782433978248790017/P4hnKlUd_normal.jpg,false,false
Mumba,alphaGmumba,'1145453529932414982',true,2019-07-01 01:06:17,"Culture

@ManUtd

@realmadridfc",2335,374,2346,93282,"Dar es Salaam, Tanzania",22,https://www.twitter.com/alphaGmumba,https://pbs.twimg.com/profile_images/1145454104141062144/AwVxjL-H_normal.jpg,false,false
Sam Jose,Sam_Is_The_B3st,'1675488013508390912',false,2023-07-02 15:54:23,Proud Kenyan Youth 🤫 || Toxic United Fan ❤️ || Son of God 🙏🏻 || A comrade at The UONBI || +254742889035 || Computer science student 👨🏻‍💻,117,74,132,164,"Nairobi, Kenya",8,https://www.twitter.com/Sam_Is_The_B3st,https://pbs.twimg.com/profile_images/1805258382053462016/F4-hgFrT_normal.jpg,false,false
fk28,lovefk28,'1814594923858898944',false,2024-07-20 12:35:32,,0,31,41,15,,0,https://www.twitter.com/lovefk28,https://pbs.twimg.com/profile_images/1814595078305742848/p9F-vCA1_normal.jpg,false,false
Lamizha,LameckB007,'884335337539067906',false,2017-07-10 11:55:49,ManchesterUnitedFan || BornAndRaisedInTheDustyStreetsOfHighfield ||,170,513,1620,7236,"Harare, Zimbabwe",7,https://www.twitter.com/LameckB007,https://pbs.twimg.com/profile_images/1577039110325342212/KpLChtA8_normal.jpg,false,false
Emmy,Emmy1069793,'1831449973453389824',false,2024-09-05 00:51:27,,4,2,99,7401,,0,https://www.twitter.com/Emmy1069793,https://abs.twimg.com/sticky/default_profile_images/default_profile_normal.png,false,false
Matwizard,wisenhassan1996,'732048083211718656',false,2016-05-16 06:20:38,caricature of archetypal wiseman.,18463,29,449,26189,"Mombasa, Kenya",0,https://www.twitter.com/wisenhassan1996,https://pbs.twimg.com/profile_images/1714313709693149188/iCgpPfET_normal.jpg,false,false
Mohamed Mexes 🇬🇳🇬🇳,MonsieurDialloM,'926893649564233728',true,2017-11-04 21:27:21,"Diplômé en Sociologie, le foot-ball ma passion. Barcelone mon seul et unique club. Ma fierté est d'être Guinéen🇬🇳🇬🇳🇬🇳.",2199,1466,4639,6068,Guinée,304,https://www.twitter.com/MonsieurDialloM,https://pbs.twimg.com/profile_images/1610541358904664066/z8y13J-E_normal.jpg,false,false
davidguo,davidguo2004,'1557593898297720832',false,2022-08-11 08:05:07,,34,20,35,801,,1,https://www.twitter.com/davidguo2004,https://pbs.twimg.com/profile_images/1620022484090384384/VonFCPEo_normal.jpg,false,false
Richard Agyekum,RAgyekum74441,'1797712347122876416',false,2024-06-03 22:30:56,,0,216,842,15827,,0,https://www.twitter.com/RAgyekum74441,https://pbs.twimg.com/profile_images/1797712593315864576/6gO0i7lx_normal.png,false,false
Cal_Mi_Taiwo🎲,Taiwo_is_,'1378094068463513600',false,2021-04-03 00:17:15,,16623,461,1294,125114,pain,866,https://www.twitter.com/Taiwo_is_,https://pbs.twimg.com/profile_images/1378094432147361794/Qmq2_dUX_normal.jpg,false,false
义工对的,ggghhj2332,'1832345492627582977',false,2024-09-07 12:11:18,,0,0,6,0,,0,https://www.twitter.com/ggghhj2332,https://pbs.twimg.com/profile_images/1832345892046946304/LZXDyZEE_normal.png,false,false
Mr.Kingsley Dans,MrDans999,'1790650282407280640',true,2024-05-15 10:48:00,,16,167,2618,2373,"Tema, Ghana",0,https://www.twitter.com/MrDans999,https://pbs.twimg.com/profile_images/1796580068564561920/YBg6lGcE_normal.jpg,false,false
Kasagga Isaac,KasaggaIsaac2,'1236008552550055941',false,2020-03-06 21:20:12,"Humble servant of God.
Everyone is fighting a battle we know nothing about. 
The least we can do is be patient and kind.",217,208,1010,280,Masaka,21,https://www.twitter.com/KasaggaIsaac2,https://pbs.twimg.com/profile_images/1237499549964353536/w__-6rNm_normal.jpg,false,false
Aigle99🇲🇱,abbaman18,'1625115383375036418',true,2023-02-13 14:51:48,FCB💙❤️| Messi🐐| AiglesDuMali🦅|,7919,1888,1406,299469,,687,https://www.twitter.com/abbaman18,https://pbs.twimg.com/profile_images/1807720218061389825/ja_iDjdl_normal.jpg,false,false
Samuel Mensah,samu6425,'1808568503580119041',false,2024-07-03 21:29:03,,0,30,10,1839,,0,https://www.twitter.com/samu6425,https://pbs.twimg.com/profile_images/1808568655485284353/8g9gLitr_normal.png,false,false
Ottah Peter Edward,SHOROKI960,'3002872089',true,2015-01-28 11:44:28,Good And Nice,1114,84,1155,3695,"Lagos, Nigeria",15,https://www.twitter.com/SHOROKI960,https://pbs.twimg.com/profile_images/591853528102080512/2yaHbx6y_normal.jpg,false,false
Iringa 001,Iringah1,'1405577643660087303',false,2021-06-17 20:26:57,"Conficious
Entrepreneur
Self oriented",78,16,23,49,Manahantan,0,https://www.twitter.com/Iringah1,https://pbs.twimg.com/profile_images/1468221120918736898/0D55VtIa_normal.jpg,false,false
Mi A Web,Mioli_A_Weber,'1778323691199148032',false,2024-04-11 10:26:47,,1,16,26,120,,0,https://www.twitter.com/Mioli_A_Weber,https://abs.twimg.com/sticky/default_profile_images/default_profile_normal.png,false,false
BERNARD DON,BERNARDDON14423,'1831179370242654208',false,2024-09-04 06:56:40,,2,46,201,5,,0,https://www.twitter.com/BERNARDDON14423,https://pbs.twimg.com/profile_images/1831180011455344640/raYHRZX4_normal.jpg,false,false
James ego,Jamesego24351,'1806958597064298496',false,2024-06-29 10:52:21,,4653,207,693,10315,,12,https://www.twitter.com/Jamesego24351,https://pbs.twimg.com/profile_images/1806958872415883264/ezc1XIRX_normal.png,false,false
𝓓𝓮𝓼𝓲𝓻𝓮 𝓴𝓴,DesireKistoo,'1320263481912750080',false,2020-10-25 09:18:49,,44,38,915,18537,,6,https://www.twitter.com/DesireKistoo,https://pbs.twimg.com/profile_images/1320263733994680320/CY9cQFa7_normal.jpg,false,false
Liverpool fanatic - Melvin,queklopp,'897103913601478660',false,2017-08-14 17:33:35,"Liverpool till I die. Born a Red, die a Red.",5025,7143,6118,36774,,418,https://www.twitter.com/queklopp,https://pbs.twimg.com/profile_images/1693562085052149761/jHl-XCFq_normal.jpg,false,false
Promiseedwin,Promiseedwin001,'1507488930169597956',true,2022-03-26 00:46:05,Good vibes 😌 only,8566,168,737,24021,,42,https://www.twitter.com/Promiseedwin001,https://pbs.twimg.com/profile_images/1734160297311498241/GbVDviKt_normal.jpg,false,false
KAMAU NJOROGE,awilo_kamau,'1460485662419869697',true,2021-11-16 07:51:49,Almost to six,1645,564,1972,52806,,135,https://www.twitter.com/awilo_kamau,https://pbs.twimg.com/profile_images/1460802688459939842/S-KTaz1N_normal.jpg,false,false
TONY IFECHUKWU,IFECHUKWUANTHO5,'1504484883275550726',true,2022-03-17 17:52:59,"Front-end, web design & Sports info",2511,141,884,7999,"Anambra, Nigeria",97,https://www.twitter.com/IFECHUKWUANTHO5,https://pbs.twimg.com/profile_images/1808468203720278016/_kvSADhQ_normal.jpg,false,false
Dominic ngove,Dominicngove,'365510878',false,2011-08-31 18:22:29,,58,46,249,14,,0,https://www.twitter.com/Dominicngove,https://pbs.twimg.com/profile_images/499413425257054210/FfhZLvUW_normal.jpeg,false,false
Innocent Onodi𓃵𓃵𓃵,innocentonodi,'2267200253',true,2014-01-07 18:35:52,.....DJ INNO2💞💞💞🇳🇬🇳🇬🇳🇬🇳🇬💯💯💯💯.....,31814,1008,5049,41128,"Port Harcourt, Nigeria",146,https://www.twitter.com/innocentonodi,https://pbs.twimg.com/profile_images/1259816945907621889/Vl8XtcPP_normal.jpg,false,false
ヘイヘ,fFLBvV7DkKP50ml,'1522188989402259456',false,2022-05-05 15:18:37,,158,31,79,675,,0,https://www.twitter.com/fFLBvV7DkKP50ml,https://pbs.twimg.com/profile_images/1600119495288557569/KxZ8bK5V_normal.jpg,false,false
Jacob Williams,vvsaintz007,'1761752422542643200',false,2024-02-25 15:58:41,"Manchester United and Mercedes F1 fan! 
🇬🇧 🔴 ⚽️ 🏎",382,280,681,47040,,46,https://www.twitter.com/vvsaintz007,https://pbs.twimg.com/profile_images/1814617510022389761/i-gMgsYi_normal.jpg,false,false
时珍 李,shizhenlii,'1832290041735090176',false,2024-09-07 08:29:39,,1,1,12,3,,0,https://www.twitter.com/shizhenlii,https://pbs.twimg.com/profile_images/1832318348048162816/ddhB8ZYw_normal.jpg,false,false
Loura walter,LouraWalte81929,'1807846738952441859',false,2024-07-01 21:40:38,,1,3,180,4,,1,https://www.twitter.com/LouraWalte81929,https://pbs.twimg.com/profile_images/1834335673630744576/iJB6EDgD_normal.jpg,false,false
Zabron,zabronolaf75,'1832315639471443968',false,2024-09-07 10:11:29,,1,2,82,8,,0,https://www.twitter.com/zabronolaf75,https://abs.twimg.com/sticky/default_profile_images/default_profile_normal.png,false,false
adam,adam94718037,'1383474193820315656',false,2021-04-17 20:35:40,,181,61,136,1550,"Liverpool, England",4,https://www.twitter.com/adam94718037,https://pbs.twimg.com/profile_images/1554531454134194176/dpCekGb9_normal.jpg,false,false
SIMON NAKOROT,simonLoinbach,'1762802231047278592',false,2024-02-28 13:32:30,,0,10,46,0,,0,https://www.twitter.com/simonLoinbach,https://pbs.twimg.com/profile_images/1812174445231947776/-fekAhGR_normal.jpg,false,false
ImmanuelAwere,AwereMario94,'1534803879992467456',true,2022-06-09 10:45:53,@ManUtd red blood flowing in my veins #LoveManUtd #hateGlazers #GlazersOutNow,2837,212,1020,83870,"Sekondi Takoradi, Ghana",21,https://www.twitter.com/AwereMario94,https://pbs.twimg.com/profile_images/1789970584513736704/9tUsA8yu_normal.jpg,false,false
DK,davidkent3K,'1427545029770317826',false,2021-08-17 11:17:36,@ManUtd Fan,9646,7,2074,656897,,0,https://www.twitter.com/davidkent3K,https://pbs.twimg.com/profile_images/1824762303754973184/lBEM6ziC_normal.jpg,false,false
BRIGHT,BrightAsamoahBA,'2787776542',false,2014-09-27 22:32:53,"@ManUtd fan,

Entrepreneur

IG/SC/FB: BrightAsamoahBA",4323,200,526,1253,in the world ,209,https://www.twitter.com/BrightAsamoahBA,https://pbs.twimg.com/profile_images/1814641719079501824/xahOnE9P_normal.jpg,false,false
Chigozie 🫶,christo32261720,'1489494039174991874',true,2022-02-04 09:01:45,"Life is Beautiful 
Air Craft Engineer ✈️
Husband, Father 

IF HE IS LAZY, HE IS NOT IGBO.
⚽Manchester United FC/⚽Abia warrior FC /⚽ Enyimba FC",4569,1626,5103,7980,"Ikeja, Nigeria",341,https://www.twitter.com/christo32261720,https://pbs.twimg.com/profile_images/1837122156271931394/6FEgN3ZH_normal.jpg,false,false
Cheikh SAKHO🇸🇳🏴󠁧󠁢󠁥󠁮󠁧󠁿,CheikhSAKHO11,'943988279761932288',false,2017-12-22 01:35:19,Yalla nama yalla def Talibé Cheikh  I love you Man United Manchester United is my heaven,8968,2035,5078,40363,Senegal Dahra Louga Linguere,318,https://www.twitter.com/CheikhSAKHO11,https://pbs.twimg.com/profile_images/1659478310890373121/lqIwSDhB_normal.jpg,false,false
Senior Walter,SeniorWalt67307,'1738110593482067968',false,2023-12-22 10:14:24,,0,92,86,0,,0,https://www.twitter.com/SeniorWalt67307,https://pbs.twimg.com/profile_images/1738110730858029056/V7Sx-ZPz_normal.png,false,false
FbGiddy,Gideon04081256,'1204099920514469888',true,2019-12-09 20:06:52,,85,310,2641,20205,,0,https://www.twitter.com/Gideon04081256,https://pbs.twimg.com/profile_images/1541085605890854918/HpP99J6D_normal.jpg,false,false
pacyfik baguma,PacifiqueBaguma,'1283007130107359232',true,2020-07-14 14:55:30,"Si nous ne nous unissons tous, nous périrons. Love is above everything. 🇨🇩 ♥️💪🏾.                                                     Bnei Baruch studies Kbl",1156,37,280,19584,"Mbarara, Uganda",20,https://www.twitter.com/PacifiqueBaguma,https://pbs.twimg.com/profile_images/1283007364808036354/GRUYf4vi_normal.jpg,false,false
Evidence Jinja,evidencejinja,'1548235674',true,2013-06-26 16:55:23,FPL Manager - 2021/2022 FPL rank: 36k| 2022/2023 FPL rank: 48k| Grow Through What You Go Through|,1212,356,418,1526,"Pretoria, South Africa",74,https://www.twitter.com/evidencejinja,https://pbs.twimg.com/profile_images/1617568055420141568/sFtQZpgj_normal.jpg,false,false
Joejo,Joejo9367084284,'1671568557857964036',false,2023-06-21 20:19:56,,0,37,171,6330,,0,https://www.twitter.com/Joejo9367084284,https://abs.twimg.com/sticky/default_profile_images/default_profile_normal.png,false,false
useless boyfriend,AndrewArin54955,'1830568043841277952',false,2024-09-02 14:29:57,fun science  and technology   and zology,9,37,177,6,,0,https://www.twitter.com/AndrewArin54955,https://pbs.twimg.com/profile_images/1830568844718465024/YY1VQ0Qn_normal.png,false,false
CAFERACER,VincetMumo,'724169155608502277',false,2016-04-24 12:32:35,"So Keep Your Head High, Keep Your Chin Up and Most Importantly Keep Smiling Because Life's a Beautiful Thing and There's So Much To Smile About.",22037,167,162,38284,Nairobi Kenya,4,https://www.twitter.com/VincetMumo,https://pbs.twimg.com/profile_images/1787732814395310080/nCWtPThN_normal.jpg,false,false
Ybñ Mürphÿ 🧘🏼🤍🕊️,mrattafuah89,'984091620277653506',true,2018-04-11 18:31:40,"In the midst of chaos , there’s also opportunity !! Powered by resilience I’ll storm through and take it . Hebrews 6:15😮‍💨🧘🏼✨",181,775,4305,182501,Everywhere,0,https://www.twitter.com/mrattafuah89,https://pbs.twimg.com/profile_images/1550452813377032192/lqno8PxL_normal.jpg,false,false
Shiks.k,JenniferKa25199,'1743527781206491138',false,2024-01-06 09:00:12,Success is necessity,3,3,20,1,,0,https://www.twitter.com/JenniferKa25199,https://pbs.twimg.com/profile_images/1819421879653822464/biULjXPv_normal.jpg,false,false
Kevin,KevinSC__,'1318714814760452096',true,2020-10-21 03:44:56,BAG ON BAG 💼. NO FRIVOLITIES 🤌🏽,5315,232,781,26883,,67,https://www.twitter.com/KevinSC__,https://pbs.twimg.com/profile_images/1635509292403945473/3IBc3_UW_normal.jpg,false,false
Surafel,Surafel444,'1435150929960087554',false,2021-09-07 11:01:03,I ❤ Ethiopia,124,150,377,10666,,3,https://www.twitter.com/Surafel444,https://pbs.twimg.com/profile_images/1807648454371680257/4AL_uTSv_normal.jpg,false,false
LZX,MUNWCQQWD,'1831425026060677120',false,2024-09-04 23:12:15,,0,34,104,2,,0,https://www.twitter.com/MUNWCQQWD,https://abs.twimg.com/sticky/default_profile_images/default_profile_normal.png,false,false
Rohitpagi,that_goanKid,'115312639',false,2010-02-18 10:17:24,Man Utd | Bengaluru FC | Rafa Nadal | Lewis Hamilton | Metalhead | Movies & TV | Anime | PC Masterace |,13473,459,1088,55044,"Goa, India",138,https://www.twitter.com/that_goanKid,https://pbs.twimg.com/profile_images/1423974704604270599/3np5w0Uc_normal.jpg,false,false
Praise Tochukwu Donatus,PraiseTochukw13,'1496031801277665283',false,2022-02-22 09:59:31,,22,125,184,977,,1,https://www.twitter.com/PraiseTochukw13,https://pbs.twimg.com/profile_images/1496031888716271620/MCPWyBfi_normal.jpg,false,false
DON ABIOLA 🇬🇭 🇬🇭,KofiSar07108705,'1478720085611134976',false,2022-01-05 15:29:23,I AM A RED 🔴🔴🔴🇶🇦🇶🇦🇶🇦🇶🇦🇶🇦🇶🇦🇶🇦🇶🇦🇶🇦🇶🇦🇶🇦🇶🇦🇶🇦🇶🇦🇶🇦🇶🇦🇶🇦🇶🇦🇶🇦🇶🇦🇶🇦🇶🇦🇶🇦🇶🇦 MANCHESTER UNITED  Manuel Ugarte,9128,529,1854,40907,"Accra, Ghana",216,https://www.twitter.com/KofiSar07108705,https://pbs.twimg.com/profile_images/1829619743814205440/GFF0XH3l_normal.jpg,false,false
Gangzi,Gangzidegang,'1826882344697085952',false,2024-08-23 10:21:19,,0,19,22,0,,0,https://www.twitter.com/Gangzidegang,https://abs.twimg.com/sticky/default_profile_images/default_profile_normal.png,false,false
Joanne Wilson,JoanneW99876260,'990766008855121920',false,2018-04-30 04:33:18,Manchester United 1 love and my family,18,238,726,5342,"Malaga, Spain",1,https://www.twitter.com/JoanneW99876260,https://pbs.twimg.com/profile_images/1821377277990465536/5thj6ME2_normal.jpg,false,false
Nicö,TumwesigyeNich8,'1301849862959439872',false,2020-09-04 14:54:54,Crooze FM Kafulu Wa'Bwino Sn II Champ 🥇| Former Speaker ASKyu | Product of Grace | Former GRC Aspirant KYU | Accountant | ⚽️ Analyst | KCCA | ARSENAL FANATIC ❣,1249,992,2314,48304,Mbarara,33,https://www.twitter.com/TumwesigyeNich8,https://pbs.twimg.com/profile_images/1617092288970194944/W5v7thm0_normal.jpg,false,false
Juninho,NanakAsiedu1,'1095824672321617920',true,2019-02-14 01:18:56,YNWA,27478,3552,2906,93228,Around,291,https://www.twitter.com/NanakAsiedu1,https://pbs.twimg.com/profile_images/1737691124330815488/RKnihxyu_normal.jpg,false,false
MUFCBen1878,MUFCBen1878,'1571240895596331008',true,2022-09-17 23:53:29,,83,188,189,207,,6,https://www.twitter.com/MUFCBen1878,https://pbs.twimg.com/profile_images/1571240950562709505/69zwCqvV_normal.jpg,false,false
Shu Chu baka,afrothority,'897029845988855808',true,2017-08-14 12:39:16,correlation is not causation,1437,361,1939,22475,"Arkansas City, KS",22,https://www.twitter.com/afrothority,https://pbs.twimg.com/profile_images/1837689468259549185/ieNz3CEP_normal.jpg,false,false
Abel Faiz ❤️♥️🌹🌷,abel_faiz,'990635702261084160',false,2018-04-29 19:55:31,"Am just me and God fearing person, welcome to my space. ( Manchester United lover )",2035,126,1648,2106,"Reggio nell'Emilia, Emilia Rom",49,https://www.twitter.com/abel_faiz,https://pbs.twimg.com/profile_images/1667860352392888320/d4plJu-c_normal.jpg,false,false
jk,jktallorder,'2513692108',true,2014-04-28 04:15:23,"Haki iwe ngao na mlinzi x 
Multipolar is inevitable.",8219,598,1500,11499,"Nairobi, Kenya",511,https://www.twitter.com/jktallorder,https://pbs.twimg.com/profile_images/1694396523692404736/rTr7_x0R_normal.jpg,false,false
Elabdoulaye Ndiaye,ElAbdoulayeNdi4,'1562822225178525696',false,2022-08-25 18:20:42,Lou way deff bopam😎,13,9,136,1986,,1,https://www.twitter.com/ElAbdoulayeNdi4,https://pbs.twimg.com/profile_images/1827684250742636544/JYPJv35u_normal.jpg,false,false
Newton Cheruiyot,newtonkipkemoi,'1596788389566627841',false,2022-11-27 10:50:11,| @ChelseaFC diehard | JESUS CHRIST IS LORD | @SergentNewton,215,311,286,24881,"Eldoret, Kenya",4,https://www.twitter.com/newtonkipkemoi,https://pbs.twimg.com/profile_images/1700969116658458624/FYSCGCUA_normal.jpg,false,false
ANTWI Bill Clinton,BillAntwi24430,'1690872444695760896',false,2023-08-14 02:46:30,,4,306,1308,1129,,0,https://www.twitter.com/BillAntwi24430,https://abs.twimg.com/sticky/default_profile_images/default_profile_normal.png,false,false
Ekpa Victor,EkpaVictor3,'1245024616902463488',false,2020-03-31 19:26:40,,3669,86,332,15285,,14,https://www.twitter.com/EkpaVictor3,https://pbs.twimg.com/profile_images/1681986347416928256/2a2rHZ_k_normal.jpg,false,false
Alex Theuri,alextheuri3591,'1808809184248614915',false,2024-07-04 13:25:14,,112,46,87,408,,6,https://www.twitter.com/alextheuri3591,https://pbs.twimg.com/profile_images/1808809288745504768/nqwqESku_normal.png,false,false
muyideen,b_muyideen,'1728192728884744192',false,2023-11-25 01:24:05,alhamdulillah..,1020,125,713,2491,,13,https://www.twitter.com/b_muyideen,https://pbs.twimg.com/profile_images/1728193420617818112/fCv4TEyM_normal.jpg,false,false
Mohammed Sakoor,MoeJerrySakoor,'1673414561477586960',true,2023-06-26 22:35:17,Islam ✨ Proudly South African  🇿🇦 From the river to the sea PALESTINE will be free 🇵🇸 GGMU 🔴,3223,64,441,3756,"Johannesburg, South Africa",236,https://www.twitter.com/MoeJerrySakoor,https://pbs.twimg.com/profile_images/1772406699107713026/cEVc36H4_normal.jpg,false,false
Dione JEAN Emmanuel Roger,roger_dione,'1304197794652094465',true,2020-09-11 02:20:04,,44,51,665,2270,,1,https://www.twitter.com/roger_dione,https://pbs.twimg.com/profile_images/1780679342609092608/uGw-sFGO_normal.jpg,false,false
Abebe Belay,AbebeB33538,'1791830446848036864',false,2024-05-18 16:58:20,,4,187,370,372,,0,https://www.twitter.com/AbebeB33538,https://pbs.twimg.com/profile_images/1793966931097059329/QgAXWEug_normal.jpg,false,false
x,paulpplummer,'715750628',true,2012-07-25 11:52:43,,1,327,905,44802,"Stockton, CA",0,https://www.twitter.com/paulpplummer,https://pbs.twimg.com/profile_images/2969905110/90823e498e82b95f8c4740718cf46d8b_normal.jpeg,false,false
Jordan Kennie,Kendrickkennie1,'1141415105550327808',false,2019-06-19 21:39:02,GENERATION OF GEN. MUHOOZI,1965,106,955,2039,Soroti Uganda,76,https://www.twitter.com/Kendrickkennie1,https://pbs.twimg.com/profile_images/1816865068614832128/a5x1x97h_normal.jpg,false,false
写代码的小崔,cyyang690,'867259200023351296',true,2017-05-24 09:01:20,,20,7,360,93,,0,https://www.twitter.com/cyyang690,https://abs.twimg.com/sticky/default_profile_images/default_profile_normal.png,false,false
This's Alhadji,Alipenya,'3607448476',false,2015-09-10 11:45:33,,16,196,2636,21423,"Zanzibar South and Central, Ta",0,https://www.twitter.com/Alipenya,https://pbs.twimg.com/profile_images/790052216702922752/a0WdExEH_normal.jpg,false,false
Draco,draco_XII,'1189116899910737922',false,2019-10-29 11:49:21,"Little bit of this, Little bit of that",43818,1311,2228,62482,Cali,147,https://www.twitter.com/draco_XII,https://pbs.twimg.com/profile_images/1809193195093233665/iTrQo4Sw_normal.jpg,false,false
Abbas Taleb,abbastalebb,'410139893',true,2011-11-11 19:58:33,Media and Human rights. @EQL_Nationality @SALAM_DHR @MuwatinNet,10106,979,4549,3522,,113,https://www.twitter.com/abbastalebb,https://pbs.twimg.com/profile_images/1635785599880708096/8DZoqM8c_normal.jpg,false,false
Ricardo Cayden,CaydenRicardo,'1470754916012466183',false,2021-12-14 15:59:46,,17,25,338,103,,1,https://www.twitter.com/CaydenRicardo,https://pbs.twimg.com/profile_images/1470755397170438147/79cK90HZ_normal.png,false,false
MAUJANJA_SUPPLIER🧠,TravisMaujanja,'1777857316223610880',true,2024-04-10 03:33:22,"🚛 Logistician || shipping ,clearing & forward officer   LIVERPOOL FAN #ojuelegba🧠  📥joebashira7@gmail.com",1168,80,355,10729,"Dar es Salaam, Tanzania",152,https://www.twitter.com/TravisMaujanja,https://pbs.twimg.com/profile_images/1834874238609575936/BRx0ZitA_normal.jpg,false,false
Aaron,UTDAaron8,'1276514335876055040',false,2020-06-26 16:55:18,"Manchester United🇾🇪👹 (Fan). Hated, adored, never ignored.",298,267,750,13623,,1,https://www.twitter.com/UTDAaron8,https://pbs.twimg.com/profile_images/1813691584472403968/BdEoULD2_normal.jpg,false,false
aine collins,ainecollins14,'1319605806074073089',true,2020-10-23 14:45:54,height,92,144,834,2021,,2,https://www.twitter.com/ainecollins14,https://pbs.twimg.com/profile_images/1671894446085111809/gSzXu2kd_normal.jpg,false,false
geoffrey_99,geoffrey996,'1517410715719684097',false,2022-04-22 10:51:50,,63,40,281,2455,,12,https://www.twitter.com/geoffrey996,https://pbs.twimg.com/profile_images/1658726527427653632/tU_iQDuN_normal.jpg,false,false
Kilepi Captain Jr,kilepi_tweve,'780646310907031552',false,2016-09-27 08:52:39,#Laiti nyumba zingekuwa Na vinywa zingetoa siri za Wengi. @Bora uanze vibaya ukamalize vyema kuliko kuanza vyema ukamaliza vibaya🤦,309678,43887,48209,81755,"DaresSalaam ,Tanzania",2781,https://www.twitter.com/kilepi_tweve,https://pbs.twimg.com/profile_images/1664488647188529152/nT_9LD9r_normal.jpg,false,false
Omari Omari,OmariOmari65225,'1717622115694747648',false,2023-10-26 22:20:25,,10,8,263,8826,,1,https://www.twitter.com/OmariOmari65225,https://pbs.twimg.com/profile_images/1737181309632454656/VqsaP9cm_normal.jpg,false,false
Kobby Jnr,foolingbartwork,'1141668668285362177',true,2019-06-20 14:26:36,Nothing is impossible🌴🌴🌴🌴 Jokes//Sports//Entertainment                       @wode_maya (mentor),1403,130,710,3383,"Accra, Ghana",96,https://www.twitter.com/foolingbartwork,https://pbs.twimg.com/profile_images/1601643108709666824/QNyp9IQI_normal.jpg,false,false
🐝,Kikuviii,'984334932179746816',false,2018-04-12 10:38:30,"Locked THE FUCK INN! CREATE. God's Speed. I talk a lot of sense in person.
 #BIGMood",32510,3127,614,78097,"Nairobi, Kenya",309,https://www.twitter.com/Kikuviii,https://pbs.twimg.com/profile_images/1825898720061214720/yXlTMpMF_normal.jpg,false,false
scober drc,SindaMussa33805,'1644368522187792387',true,2023-04-07 18:56:52,Ain't,325,220,568,7835,,7,https://www.twitter.com/SindaMussa33805,https://pbs.twimg.com/profile_images/1752487687909519360/uMkCCd53_normal.jpg,false,false
king Hassern,hassern_ki,'1777827234901798912',true,2024-04-10 01:33:53,,335,213,715,455,,2,https://www.twitter.com/hassern_ki,https://pbs.twimg.com/profile_images/1777827612326277120/oNxDJgID_normal.jpg,false,false
Diaorito The Ñuulest,Diaorito,'2733733301',true,2014-08-05 02:27:45,"You’re welcome 🤝Si c pour l’amitié
Yallah na diam yague🇸🇳🏴󠁧󠁢󠁥󠁮󠁧󠁿⚽️🙏
#ManchesterUnited F.c⚽️🆔❤️",284,288,3925,57805,Senegal,45,https://www.twitter.com/Diaorito,https://pbs.twimg.com/profile_images/1812289516046045185/Rot5XCm7_normal.jpg,false,false
Jonathan Watt,jwatt9,'279078026',false,2011-04-08 17:58:21,Big Manchester United fan. Love my golf ⛳️ and find people jobs for a living,1626,371,2564,16323,"Edinburgh, Scotland",17,https://www.twitter.com/jwatt9,https://pbs.twimg.com/profile_images/865587797553434624/g4GGONoX_normal.jpg,false,false
matt,Matthew55389866,'1617441963120132101',false,2023-01-23 10:40:11,,146,134,135,35753,,12,https://www.twitter.com/Matthew55389866,https://pbs.twimg.com/profile_images/1688619547740286976/SYqSzJlS_normal.jpg,false,false
Blingbling007,UndertakerPongo,'1360755973485436928',true,2021-02-14 03:01:36,,20169,1859,1057,11735,,3704,https://www.twitter.com/UndertakerPongo,https://pbs.twimg.com/profile_images/1506662640843730945/1PaCkWq2_normal.jpg,false,false
GH SAYTAN 🇬🇭🏴󠁧󠁢󠁥󠁮󠁧󠁿,Talk_thefact,'1555924634217873408',false,2022-08-06 17:32:12,Talking about The good and bad with fact,253,107,583,11657,"London, England",123,https://www.twitter.com/Talk_thefact,https://pbs.twimg.com/profile_images/1775928222422605824/0juixGSK_normal.jpg,false,false
KUFAKUNOGA,Kufakunoga1994,'1593197951274389505',true,2022-11-17 13:03:38,,2147,472,553,10317,"Dar es Salaam, Tanzania",54,https://www.twitter.com/Kufakunoga1994,https://pbs.twimg.com/profile_images/1816714498721370112/4LLGzN4L_normal.jpg,false,false
Gumisiriza Philip,AruuhoPhilip,'2700552728',true,2014-08-02 13:29:29,"Have Bachelor degree in International Relations n Diplomacy at Nkumba university in 2014.
Director of Dwarfism Organization
Ugandan",4947,648,876,509,"Kampala, Uganda",17,https://www.twitter.com/AruuhoPhilip,https://pbs.twimg.com/profile_images/513328771345047553/E2WWEPf2_normal.jpeg,false,false
Paul Saint Bris,PaulSaintBris,'386453065',false,2011-10-07 12:42:56,Au printemps de quoi rêvais-tu ?  📖L'allègement des vernis @EdPhilippeRey,302,565,2020,4789,Paris,26,https://www.twitter.com/PaulSaintBris,https://pbs.twimg.com/profile_images/1605573228713353218/-ITUkYkd_normal.jpg,false,false
Edward Wizy Layok,WizyEdward,'886570633617973248',true,2017-07-16 15:58:05,"A gentle guy, humble and respect by many.",387,89,2332,4878,"Port Harcourt, Nigeria",6,https://www.twitter.com/WizyEdward,https://pbs.twimg.com/profile_images/1072570846546399233/gA1y8T0C_normal.jpg,false,false
BIEG NUHEL,offor_jnr,'1098036366397661185',true,2019-02-20 03:47:25,"SUG DIRECTOR OF SPORTS, UNIVERSITY OF NIGERIA. chibuikeofforjnr@gmail.com",538,190,2267,2365,"Lagos,Nigeria ",9,https://www.twitter.com/offor_jnr,https://pbs.twimg.com/profile_images/1767211960246874112/0TzDeuSZ_normal.jpg,false,false
Noah Theodros,theodros_noah,'1392920532102877186',true,2021-05-13 22:12:46,,4501,376,1325,33401,,14,https://www.twitter.com/theodros_noah,https://pbs.twimg.com/profile_images/1701208260420792320/YjUSHLIP_normal.jpg,false,false
Munited 🇸🇦,GloryxMaker,'1593426910167588864',true,2022-11-18 04:12:42,Be your self - @manutd,5263,126,505,21877,,168,https://www.twitter.com/GloryxMaker,https://pbs.twimg.com/profile_images/1717265293012082688/nNXnj2sS_normal.jpg,false,false
Plug Wa Maji™️🚿🚽,plugwamaji,'1684617551869788161',true,2023-07-27 20:32:40,,6253,2018,4658,5872,,13,https://www.twitter.com/plugwamaji,https://pbs.twimg.com/profile_images/1708856870541135872/itU_M7ny_normal.jpg,false,false
Mr.Grey🍁,RotichD49327801,'1563019712468230144',false,2022-08-26 07:26:06,,21,135,388,179,,1,https://www.twitter.com/RotichD49327801,https://pbs.twimg.com/profile_images/1762353609176473600/R9_PAr3i_normal.jpg,false,false
ejanla,BadmusFaruq16,'1125873848602308618',false,2019-05-08 00:23:38,student of Adekunle ajasin university | Manchester United|omo ibadan| Ybnl,1414,255,5085,50906,"Lagos, Nigeria",83,https://www.twitter.com/BadmusFaruq16,https://pbs.twimg.com/profile_images/1817244056348504064/YrN0mKsR_normal.jpg,false,false
Kayonga wilbur,KayongaWilbur,'1165088214417383424',false,2019-08-24 05:27:57,"Love life . love God above everything ❤️🙏
 #king in making sales.
#turning small brands into big brands #Climatejustice ⚖️ #Man.u",2007,192,432,17935,,36,https://www.twitter.com/KayongaWilbur,https://pbs.twimg.com/profile_images/1589248408576999429/qHmuu4zN_normal.jpg,false,false
william,will23FC,'1313117255593590784',true,2020-10-05 17:02:17,,1494,51,105,16478,,31,https://www.twitter.com/will23FC,https://pbs.twimg.com/profile_images/1689740497693069313/ckEPYiRy_normal.jpg,false,false
la_bride,labridure,'719898261662867456',false,2016-04-12 17:41:35,,0,0,270,8,,0,https://www.twitter.com/labridure,https://abs.twimg.com/sticky/default_profile_images/default_profile_normal.png,false,false
Peter from the bus,Blakz_MUFC,'256268665',false,2011-02-23 02:39:17,How dare they disrespect the steadiness? They not rolling so they’re not seeing whats going on really.,4305,122,449,23897,UK,80,https://www.twitter.com/Blakz_MUFC,https://pbs.twimg.com/profile_images/759750841385390080/J7Dsgpza_normal.jpg,false,false
