﻿name,username,userId,can_dm,created_at,bio,tweets_count,followers_count,following_count,favourites_count,location,media_count,profile_url,avatar_url,verified,blue_verified
徐管,xuguanguan13,'1838277189739122689',false,2024-09-23 21:00:18,,0,1,10,15,,0,https://www.twitter.com/xuguanguan13,https://pbs.twimg.com/profile_images/1838277444597698560/YmEjrEz1_normal.jpg,false,false
Mimi,Mimi416042,'1838277591075041280',false,2024-09-23 21:02:18,,0,0,6,0,,0,https://www.twitter.com/Mimi416042,https://abs.twimg.com/sticky/default_profile_images/default_profile_normal.png,false,false
pruuwyqysvpvefvs,pruuwyqysv33499,'1838277903852933121',false,2024-09-23 21:03:01,,0,0,105,0,,0,https://www.twitter.com/pruuwyqysv33499,https://abs.twimg.com/sticky/default_profile_images/default_profile_normal.png,false,false
qogiumtggdjsiuwi,qogiumtggd67404,'1838277873763069952',false,2024-09-23 21:02:54,,0,0,113,0,,0,https://www.twitter.com/qogiumtggd67404,https://abs.twimg.com/sticky/default_profile_images/default_profile_normal.png,false,false
aqnawmavlpvfaxxl,aqnawmavlp12065,'1838277699082817540',false,2024-09-23 21:02:13,,0,0,78,0,,0,https://www.twitter.com/aqnawmavlp12065,https://abs.twimg.com/sticky/default_profile_images/default_profile_normal.png,false,false
Benjamin,Benjamin1538452,'1838277403619266563',false,2024-09-23 21:01:30,,0,0,1,0,,0,https://www.twitter.com/Benjamin1538452,https://pbs.twimg.com/profile_images/1838277527741374464/vzoGL4vn_normal.png,false,false
boom los,leoluozi,'1701834469228109824',false,2023-09-13 08:45:43,,0,0,9,0,,0,https://www.twitter.com/leoluozi,https://pbs.twimg.com/profile_images/1701834738645000192/YkHz2SBI_normal.jpg,false,false
Maëlle vincent,Maellev2202,'1838275481994457088',false,2024-09-23 20:53:53,,0,1,27,0,,0,https://www.twitter.com/Maellev2202,https://pbs.twimg.com/profile_images/1838275977589260288/IwoNC-jM_normal.jpg,false,false
ntigmkvlddgbggdx,ntigmkvldd82852,'1838277287776567296',false,2024-09-23 21:00:34,,0,0,103,0,,0,https://www.twitter.com/ntigmkvldd82852,https://abs.twimg.com/sticky/default_profile_images/default_profile_normal.png,false,false
R🇭🇹#OverallFunGuy,TheRichyVerse,'1671365066279604225',true,2023-06-21 06:51:12,"Recreational observant of the game, Delusion enjoyer, Dopamine Chaser & Vibe Catcher. Messi-SGA-Wemby-LJ8-LamineYamal. Real Hoops & Hoopers🤙🏾",32955,1936,492,164289,,10216,https://www.twitter.com/TheRichyVerse,https://pbs.twimg.com/profile_images/1813026952871026688/HXqVLivK_normal.jpg,false,false
Lo,LothellLJ,'1838272280335650818',false,2024-09-23 20:41:20,,0,0,10,0,,0,https://www.twitter.com/LothellLJ,https://pbs.twimg.com/profile_images/1838272574989701124/5gvlYsBp_normal.jpg,false,false
michael jones,Mjones79229,'1838275583526211585',false,2024-09-23 20:54:10,,0,1,10,0,,0,https://www.twitter.com/Mjones79229,https://pbs.twimg.com/profile_images/1838275680615686144/yfcJvIyL_normal.png,false,false
iatbmmjhggvbgxmu,iatbmmjhgg14397,'1838276932800049153',false,2024-09-23 20:59:10,,0,0,82,0,,0,https://www.twitter.com/iatbmmjhgg14397,https://abs.twimg.com/sticky/default_profile_images/default_profile_normal.png,false,false
Samson,samtony434,'1838275493327704065',false,2024-09-23 20:54:08,,2,0,17,2,,0,https://www.twitter.com/samtony434,https://abs.twimg.com/sticky/default_profile_images/default_profile_normal.png,false,false
tkngjsaqbryrlsly,tkngjsaqbr64834,'1838276829930532864',false,2024-09-23 20:58:45,,0,0,83,0,,0,https://www.twitter.com/tkngjsaqbr64834,https://abs.twimg.com/sticky/default_profile_images/default_profile_normal.png,false,false
GoGoVote,GoGoVote24,'1838275752258584576',false,2024-09-23 20:55:36,,0,0,37,0,,0,https://www.twitter.com/GoGoVote24,https://pbs.twimg.com/profile_images/1838276180828409856/ax76sysB_normal.jpg,false,false
暗黑卡卡西,akawoke,'1444942698796904453',false,2021-10-04 11:29:33,rapper,12,0,2,14,沈阳,0,https://www.twitter.com/akawoke,https://pbs.twimg.com/profile_images/1518634837254369280/HSF3_cfd_normal.jpg,false,false
Patrick Reed,Patrick58093625,'1474637352442155011',true,2021-12-25 09:05:44,,0,29,26,0,,0,https://www.twitter.com/Patrick58093625,https://pbs.twimg.com/profile_images/1816706045365870592/8LhwEJ03_normal.jpg,false,false
Travowe,RichRehsir,'1721309895956258816',false,2023-11-06 01:34:42,,0,25,22,4,,0,https://www.twitter.com/RichRehsir,https://pbs.twimg.com/profile_images/1721310098843111424/OXh19K2B_normal.png,false,false
Sammel nabor,NaborSammel28,'1838273896476499968',false,2024-09-23 20:47:24,,0,0,16,0,,0,https://www.twitter.com/NaborSammel28,https://pbs.twimg.com/profile_images/1838274154799468544/ihx8yV_n_normal.jpg,false,false
qiixlmpowtyfjkct,qiixlmpowt46736,'1838276290694037504',false,2024-09-23 20:56:36,,0,0,111,0,,0,https://www.twitter.com/qiixlmpowt46736,https://abs.twimg.com/sticky/default_profile_images/default_profile_normal.png,false,false
Dhshhgh,dhshhgh,'1838275941354577920',false,2024-09-23 20:55:28,,0,0,1,3,,0,https://www.twitter.com/dhshhgh,https://abs.twimg.com/sticky/default_profile_images/default_profile_normal.png,false,false
lskphvowcvmuqoxw,lskphvowcv54295,'1838276180228669440',false,2024-09-23 20:56:10,,0,0,85,0,,0,https://www.twitter.com/lskphvowcv54295,https://abs.twimg.com/sticky/default_profile_images/default_profile_normal.png,false,false
Katie,KatieBaxter2005,'1751720433135583233',false,2024-01-28 23:34:44,,0,7,115,15,,0,https://www.twitter.com/KatieBaxter2005,https://pbs.twimg.com/profile_images/1751720578015203328/QnWUbHj8_normal.jpg,false,false
lfrhbffmadtqjkqe,lfrhbffmad64379,'1838275862967521284',false,2024-09-23 20:54:54,,0,0,107,0,,0,https://www.twitter.com/lfrhbffmad64379,https://abs.twimg.com/sticky/default_profile_images/default_profile_normal.png,false,false
kevin fritz,klf7111970,'1838274353001123840',false,2024-09-23 20:49:16,,0,0,10,0,,0,https://www.twitter.com/klf7111970,https://pbs.twimg.com/profile_images/1838274546664652800/4EYJZ69j_normal.jpg,false,false
Mateo Pisandelli,Mateo_pisaaa,'1837994839532503040',false,2024-09-23 02:18:40,,0,1,51,79,,0,https://www.twitter.com/Mateo_pisaaa,https://pbs.twimg.com/profile_images/1837996980385013760/H9rgmiI6_normal.jpg,false,false
Chelsey Hodge,Parkerchelseyy,'1838274982209818625',false,2024-09-23 20:52:02,,0,0,8,0,,0,https://www.twitter.com/Parkerchelseyy,https://pbs.twimg.com/profile_images/1838275144042860544/HsyKdHRj_normal.png,false,false
Johnson Shayo,JohnsonSha81968,'1771996847864696832',false,2024-03-24 22:26:59,,214,539,2002,881,,204,https://www.twitter.com/JohnsonSha81968,https://pbs.twimg.com/profile_images/1837364920427364352/l6lkxjO9_normal.jpg,false,false
turtle,Yourdadgrill,'1772777179807436800',false,2024-03-27 02:06:42,,166,201,50,20,,6,https://www.twitter.com/Yourdadgrill,https://pbs.twimg.com/profile_images/1832044470981861376/1OOLV6Xu_normal.jpg,false,false
Beatrice Smith,SmithSm90417,'1838274332537339904',true,2024-09-23 20:49:18,,0,1,18,0,,0,https://www.twitter.com/SmithSm90417,https://pbs.twimg.com/profile_images/1838274459980988416/_YbmphI__normal.png,false,false
meupxecbcidrgcaa,meupxecbci90346,'1838275144310984704',false,2024-09-23 20:52:03,,0,0,112,0,,0,https://www.twitter.com/meupxecbci90346,https://abs.twimg.com/sticky/default_profile_images/default_profile_normal.png,false,false
Joe Abou diwan,AboudiwanJoe,'1838270400465174528',false,2024-09-23 20:33:24,,1,0,19,0,,0,https://www.twitter.com/AboudiwanJoe,https://pbs.twimg.com/profile_images/1838270455196868608/va_29v36_normal.png,false,false
Jacksoni Shirima,jacksoni88353,'1838274492185165824',false,2024-09-23 20:49:56,,0,1,43,0,,0,https://www.twitter.com/jacksoni88353,https://pbs.twimg.com/profile_images/1838274618102009856/rf6H82an_normal.png,false,false
qhkwprihwgaboioo,qhkwprihwg11138,'1838274751363792896',false,2024-09-23 20:50:30,,0,0,93,0,,0,https://www.twitter.com/qhkwprihwg11138,https://abs.twimg.com/sticky/default_profile_images/default_profile_normal.png,false,false
Krishna Paul,Puja7929,'1831375167672684544',false,2024-09-04 19:54:16,,49,0,109,330,,0,https://www.twitter.com/Puja7929,https://pbs.twimg.com/profile_images/1831375758172016641/Qj8ZjFHE_normal.jpg,false,false
lvrnuzndctpavanx,lvrnuzndct83054,'1838274694786768896',false,2024-09-23 20:50:16,,0,0,113,0,,0,https://www.twitter.com/lvrnuzndct83054,https://abs.twimg.com/sticky/default_profile_images/default_profile_normal.png,false,false
Man Ardebili,ArdebiliMa53834,'1838274020157874176',false,2024-09-23 20:48:56,,0,0,35,0,,0,https://www.twitter.com/ArdebiliMa53834,https://pbs.twimg.com/profile_images/1838274364183318531/GwjpiDXS_normal.png,false,false
delilah christine tanos azzam,DAzzam84435,'1838273053714726913',false,2024-09-23 20:44:06,,0,0,10,1,,0,https://www.twitter.com/DAzzam84435,https://pbs.twimg.com/profile_images/1838273150016004096/yYUE9p2y_normal.png,false,false
fpqqcfnhnixjeqgx,fpqqcfnhni91596,'1838274458609463296',false,2024-09-23 20:49:20,,0,0,89,0,,0,https://www.twitter.com/fpqqcfnhni91596,https://abs.twimg.com/sticky/default_profile_images/default_profile_normal.png,false,false
yxukyjydxflufxkl,yxukyjydxf52683,'1838274401935974400',false,2024-09-23 20:49:06,,0,0,113,0,,0,https://www.twitter.com/yxukyjydxf52683,https://abs.twimg.com/sticky/default_profile_images/default_profile_normal.png,false,false
W拾壹W,WW6491739427996,'1838273835633971200',false,2024-09-23 20:47:45,,0,0,9,0,,0,https://www.twitter.com/WW6491739427996,https://pbs.twimg.com/profile_images/1838274143063805953/fOvFICrQ_normal.jpg,false,false
oxmyessbjetsfauu,oxmyessbje11065,'1838274374584963072',false,2024-09-23 20:49:00,,0,0,105,0,,0,https://www.twitter.com/oxmyessbje11065,https://abs.twimg.com/sticky/default_profile_images/default_profile_normal.png,false,false
Tate,Tatep2311,'1838274135593455616',false,2024-09-23 20:48:24,,0,0,1,0,,0,https://www.twitter.com/Tatep2311,https://abs.twimg.com/sticky/default_profile_images/default_profile_normal.png,false,false
Ashley Bankz,AshleyBank777,'1838259549372850178',false,2024-09-23 19:50:23,,0,2,50,0,,0,https://www.twitter.com/AshleyBank777,https://pbs.twimg.com/profile_images/1838260464951640064/tT-ZKIa-_normal.jpg,false,false
Kevin 🏀💯,KevinBarak39915,'1838270642765844480',false,2024-09-23 20:34:39,"Basketball 🏀❤️
Music🙂‍↔️
Positive vibes✌🏾",0,0,5,0,"Coast, Kenya",0,https://www.twitter.com/KevinBarak39915,https://pbs.twimg.com/profile_images/1838272717579046912/W5sTGFq1_normal.jpg,false,false
Ashley Lightsey,AshleyA6744,'1838272521830899712',false,2024-09-23 20:41:57,,1,2,61,0,,0,https://www.twitter.com/AshleyA6744,https://pbs.twimg.com/profile_images/1838272608950693888/Niv_rGRa_normal.png,false,false
nvnjqjozczbnnevr,nvnjqjozcz79754,'1838274036842811392',false,2024-09-23 20:47:39,,0,0,97,0,,0,https://www.twitter.com/nvnjqjozcz79754,https://abs.twimg.com/sticky/default_profile_images/default_profile_normal.png,false,false
j84762667,flash9590,'1838273428824166401',false,2024-09-23 20:45:38,,0,0,2,0,,0,https://www.twitter.com/flash9590,https://pbs.twimg.com/profile_images/1838273532389920771/SffiTXtj_normal.png,false,false
NIYIGENA Maurice,NMaurice12938,'1838272405107838977',true,2024-09-23 20:41:33,,1,0,30,1,,0,https://www.twitter.com/NMaurice12938,https://pbs.twimg.com/profile_images/1838272838769258496/VBqeusU2_normal.jpg,false,false
Yng,Yng462408585702,'1832453790966087680',false,2024-09-07 19:20:15,,0,0,3,2,,0,https://www.twitter.com/Yng462408585702,https://abs.twimg.com/sticky/default_profile_images/default_profile_normal.png,false,false
Daniel Geremew ab,AbGeremew84973,'1838273210665832450',true,2024-09-23 20:44:42,,0,3,52,0,,0,https://www.twitter.com/AbGeremew84973,https://pbs.twimg.com/profile_images/1838273503046344704/mBg-xOfp_normal.jpg,false,false
kbg,Kbg3490642115,'1838273141614977024',false,2024-09-23 20:44:16,,0,0,0,0,,0,https://www.twitter.com/Kbg3490642115,https://abs.twimg.com/sticky/default_profile_images/default_profile_normal.png,false,false
Liz Voltierre,LVoltierre87775,'1838272303916032000',false,2024-09-23 20:41:07,,0,1,31,0,,0,https://www.twitter.com/LVoltierre87775,https://abs.twimg.com/sticky/default_profile_images/default_profile_normal.png,false,false
brook,brookluvs_him0,'1838270217304117248',false,2024-09-23 20:33:11,,0,0,38,1,,0,https://www.twitter.com/brookluvs_him0,https://pbs.twimg.com/profile_images/1838270700584398848/h5ohnXNf_normal.jpg,false,false
Popek Capoditutti,PCapoditut79222,'1838273245507657728',false,2024-09-23 20:44:59,,1,0,3,0,,0,https://www.twitter.com/PCapoditut79222,https://pbs.twimg.com/profile_images/1838273372850917376/pSqaCWt8_normal.png,false,false
lxvloksbdmxhtrbn,lxvloksbdm86640,'1838273419319681025',false,2024-09-23 20:45:12,,0,0,113,0,,0,https://www.twitter.com/lxvloksbdm86640,https://abs.twimg.com/sticky/default_profile_images/default_profile_normal.png,false,false
zhang,QydYaoDi,'1838270301949288449',false,2024-09-23 20:32:57,,0,0,19,0,,0,https://www.twitter.com/QydYaoDi,https://pbs.twimg.com/profile_images/1838270616585093120/qUHTt2i5_normal.jpg,false,false
Anthony Williams,antisthabest,'1838271835198169088',false,2024-09-23 20:39:19,,0,1,38,3,,0,https://www.twitter.com/antisthabest,https://pbs.twimg.com/profile_images/1838271945923604480/gJh01c5O_normal.png,false,false
Meaning Machine,meaningmachine3,'1717724011042324480',false,2023-10-27 05:05:13,"Building Trust, Seeking Truth, Logos, God.",440,331,1577,632,,26,https://www.twitter.com/meaningmachine3,https://pbs.twimg.com/profile_images/1717724527067615232/gMaPnnd6_normal.jpg,false,false
bmivnmvwpnqeenrh,bmivnmvwpn28656,'1838273115706789892',false,2024-09-23 20:44:00,,0,0,104,0,,0,https://www.twitter.com/bmivnmvwpn28656,https://abs.twimg.com/sticky/default_profile_images/default_profile_normal.png,false,false
lcwfawjwqwmubroq,lcwfawjwqw96916,'1838273002804514820',false,2024-09-23 20:43:32,,0,0,96,0,,0,https://www.twitter.com/lcwfawjwqw96916,https://abs.twimg.com/sticky/default_profile_images/default_profile_normal.png,false,false
Sports Gator,SportsGator_,'1838271899404767234',false,2024-09-23 20:39:19,,0,0,18,0,,0,https://www.twitter.com/SportsGator_,https://pbs.twimg.com/profile_images/1838272035317039105/KHUMM2WM_normal.jpg,false,false
DANDY,litdandy,'1794296236960350208',true,2024-05-25 12:15:48,"Músico, cantante, compositor, poeta.",1340,4626,125,2109,,3,https://www.twitter.com/litdandy,https://pbs.twimg.com/profile_images/1838262841012330496/cfHqOjM0_normal.jpg,false,false
Emmanuel Ayarza,EmmanuelAy99725,'1838272563748691968',false,2024-09-23 20:41:58,,0,0,30,0,,0,https://www.twitter.com/EmmanuelAy99725,https://pbs.twimg.com/profile_images/1838272887930728448/fS30wUOi_normal.jpg,false,false
Bebo,Bebo_47P,'1838272105970040832',false,2024-09-23 20:40:08,,0,0,1,0,,0,https://www.twitter.com/Bebo_47P,https://pbs.twimg.com/profile_images/1838272403643813888/Al7GtXzG_normal.jpg,false,false
agabypysmeaepkot,agabypysme18484,'1838272591984738304',false,2024-09-23 20:41:55,,0,0,92,0,,0,https://www.twitter.com/agabypysme18484,https://abs.twimg.com/sticky/default_profile_images/default_profile_normal.png,false,false
ijnodeukkrgwlqxb,ijnodeukkr8061,'1838272593054351360',false,2024-09-23 20:41:55,,0,0,114,0,,0,https://www.twitter.com/ijnodeukkr8061,https://abs.twimg.com/sticky/default_profile_images/default_profile_normal.png,false,false
Timmy,Timmy5915525011,'1838270529796476928',false,2024-09-23 20:33:54,,0,3,35,0,,0,https://www.twitter.com/Timmy5915525011,https://abs.twimg.com/sticky/default_profile_images/default_profile_normal.png,false,false
Kerry Gaither,Its_5ivio,'1838271260532584448',false,2024-09-23 20:36:48,6’1 165 lbs DB @papagopumas,9,14,59,16,"Arizona, USA",1,https://www.twitter.com/Its_5ivio,https://pbs.twimg.com/profile_images/1838271565055524864/lQAutW1i_normal.jpg,false,false
jzplinlooflldiix,jzplinloof18928,'1838272193806893056',false,2024-09-23 20:40:21,,0,0,76,0,,0,https://www.twitter.com/jzplinloof18928,https://abs.twimg.com/sticky/default_profile_images/default_profile_normal.png,false,false
pogyzwwrplltwrhi,pogyzwwrpl18149,'1838272213373300736',false,2024-09-23 20:40:24,,0,0,114,0,,0,https://www.twitter.com/pogyzwwrpl18149,https://abs.twimg.com/sticky/default_profile_images/default_profile_normal.png,false,false
RachelMatthews,gekarai1980,'1833331632771612672',false,2024-09-10 05:28:24,Tech stocks & sci-fi fan. Obsessed w/ future trends & tech.,1,1,8,1,"United States Mount Vernon, IL",0,https://www.twitter.com/gekarai1980,https://pbs.twimg.com/profile_images/1838272134302314496/IMaOf-7A_normal.jpg,false,false
Ethan Scott,Ethan_Scott91,'1838269192362954752',false,2024-09-23 20:28:34,,0,3,37,14,,0,https://www.twitter.com/Ethan_Scott91,https://pbs.twimg.com/profile_images/1838269453445816320/uDlMIM0M_normal.jpg,false,false
hmrboophnfqtqlxz,hmrboophnf26736,'1838271946867269632',false,2024-09-23 20:39:21,,0,0,110,0,,0,https://www.twitter.com/hmrboophnf26736,https://abs.twimg.com/sticky/default_profile_images/default_profile_normal.png,false,false
Keoni Lima,Hokulea208,'1838269908406407176',false,2024-09-23 20:31:37,🤙🏾Kānaka 🇬🇧 - Lima & Ho Ohana’s - Int’l BPO VP 🌎 - USJF Master Elite & USA National Judo Coach🥋- M.Sci. 🎓- Meu Amor Pam 👩🏽‍❤️‍👨🏽 - Traveler 🇧🇷,0,0,15,0,United States,0,https://www.twitter.com/Hokulea208,https://pbs.twimg.com/profile_images/1838422589003436034/n7owZbEk_normal.jpg,false,false
epogzjmahgmgoxit,epogzjmahg8747,'1838271785831215104',false,2024-09-23 20:38:43,,0,0,91,0,,0,https://www.twitter.com/epogzjmahg8747,https://abs.twimg.com/sticky/default_profile_images/default_profile_normal.png,false,false
Fernando muleleno,Fernandomu30152,'1838270607336640512',true,2024-09-23 20:35:06,,0,0,21,0,,0,https://www.twitter.com/Fernandomu30152,https://pbs.twimg.com/profile_images/1838270884211027968/Cm-w9L0F_normal.png,false,false
Baraatu Ismail,BaraatuIsm11819,'1838270460204847104',true,2024-09-23 20:35:32,,0,2,50,0,,0,https://www.twitter.com/BaraatuIsm11819,https://abs.twimg.com/sticky/default_profile_images/default_profile_normal.png,false,false
Jason Smith,JasonSm89680896,'1698373245827719168',false,2023-09-03 19:32:12,,6,10,11,1,,0,https://www.twitter.com/JasonSm89680896,https://pbs.twimg.com/profile_images/1698373338542833665/cgsCj-BB_normal.png,false,false
Martine Senecal,MarzMPulse,'1838269887883677699',false,2024-09-23 20:31:20,,0,5,115,1,,0,https://www.twitter.com/MarzMPulse,https://pbs.twimg.com/profile_images/1838270157526794240/DQd77L5Y_normal.jpg,false,false
xmtusizyxjvlzkdd,xmtusizyxj25619,'1838271371073454080',false,2024-09-23 20:37:04,,0,0,87,0,,0,https://www.twitter.com/xmtusizyxj25619,https://abs.twimg.com/sticky/default_profile_images/default_profile_normal.png,false,false
jay,jay4006299999,'1838270893572939776',false,2024-09-23 20:35:22,,0,0,1,0,,0,https://www.twitter.com/jay4006299999,https://abs.twimg.com/sticky/default_profile_images/default_profile_normal.png,false,false
Abdawa Khatri,AbdawaKhat72588,'1838269933546881024',true,2024-09-23 20:32:38,,12,0,49,18,,1,https://www.twitter.com/AbdawaKhat72588,https://pbs.twimg.com/profile_images/1838270261969235968/rnltgs4k_normal.png,false,false
Rashaad Jackson,lilred2687,'1838269838470610944',false,2024-09-23 20:31:11,,0,0,35,14,,0,https://www.twitter.com/lilred2687,https://pbs.twimg.com/profile_images/1838270121250557954/MS9ERRCD_normal.jpg,false,false
Carlos Emilio Padilla,CarlosEmil25212,'1838270843543060480',false,2024-09-23 20:35:16,,0,0,13,2,,0,https://www.twitter.com/CarlosEmil25212,https://pbs.twimg.com/profile_images/1838271427457208320/QhEL59mZ_normal.jpg,false,false
T an,Tan1010zhi,'1787425509607100416',false,2024-05-06 13:13:53,,0,37,14,4,,0,https://www.twitter.com/Tan1010zhi,https://pbs.twimg.com/profile_images/1787425752641933312/y3UdNFcT_normal.jpg,false,false
Honkys,H0NKYS,'902255687740252160',true,2017-08-28 22:44:53,"DOWN ASS WIGGERS WHO LOVE SLAM METAL, DONALD TRUMP, NATTY LIGHT, COLLEGE FOOTBALL, GOD, AND AMERICA!!

WIGGER KINGS OF CRUSHING PUSSY!

ENDORSED BY DICK CHENEY",452,98,22,1142,WIGGERIFIED NATIONWIDE,124,https://www.twitter.com/H0NKYS,https://pbs.twimg.com/profile_images/1834028033948483586/zGXQ69hJ_normal.jpg,false,false
Renji,renjie3525,'1838269660120387586',false,2024-09-23 20:30:35,,0,0,47,60,,0,https://www.twitter.com/renjie3525,https://abs.twimg.com/sticky/default_profile_images/default_profile_normal.png,false,false
D6F8ULT78,D6F8ULT78,'1838270318030262272',false,2024-09-23 20:33:17,,2,0,21,4,,1,https://www.twitter.com/D6F8ULT78,https://pbs.twimg.com/profile_images/1838273327451791360/nu-dC0cT_normal.jpg,false,false
AmoJu28,AmoJu28,'1838270749561204736',false,2024-09-23 20:34:45,,0,0,1,0,,0,https://www.twitter.com/AmoJu28,https://abs.twimg.com/sticky/default_profile_images/default_profile_normal.png,false,false
Caneluv,Caneluv191161,'1838270649887772673',false,2024-09-23 20:34:15,,0,0,3,0,,0,https://www.twitter.com/Caneluv191161,https://abs.twimg.com/sticky/default_profile_images/default_profile_normal.png,false,false
Erica_Mariontq,mariontq98362,'1838270441791852544',false,2024-09-23 20:33:29,,0,0,0,0,,0,https://www.twitter.com/mariontq98362,https://abs.twimg.com/sticky/default_profile_images/default_profile_normal.png,false,false
Rachel,therachelshow_2,'1838269578230509568',false,2024-09-23 20:30:08,,2,0,19,21,,0,https://www.twitter.com/therachelshow_2,https://pbs.twimg.com/profile_images/1838269699563360256/5tMORdMH_normal.jpg,false,false
黄宇航,GVIWgYvVDw9810,'1838265874723278848',false,2024-09-23 20:15:25,,0,1,19,1,,0,https://www.twitter.com/GVIWgYvVDw9810,https://abs.twimg.com/sticky/default_profile_images/default_profile_normal.png,false,false
jamie gaytan,jam98067,'1838269930766000129',false,2024-09-23 20:31:45,,2,0,11,0,,0,https://www.twitter.com/jam98067,https://pbs.twimg.com/profile_images/1838270039771750400/UpnR8XJz_normal.png,false,false
Rose Ferguson,RoseFergus67097,'1836444640079417345',false,2024-09-18 19:38:24,,0,0,15,0,US California Lake Forest,0,https://www.twitter.com/RoseFergus67097,https://pbs.twimg.com/profile_images/1836445239353229312/731YMBlR_normal.jpg,false,false
Ranmon,Ranmon275430,'1838270417917673472',false,2024-09-23 20:33:26,,0,0,1,0,,0,https://www.twitter.com/Ranmon275430,https://abs.twimg.com/sticky/default_profile_images/default_profile_normal.png,false,false
lexflpiqnkinwcvm,lexflpiqnk75134,'1838270645366321152',false,2024-09-23 20:34:11,,0,0,107,0,,0,https://www.twitter.com/lexflpiqnk75134,https://abs.twimg.com/sticky/default_profile_images/default_profile_normal.png,false,false
Ibrahima Camara,IbrahimaCa13658,'1831734428000763913',false,2024-09-05 19:41:49,,7,0,40,125,,0,https://www.twitter.com/IbrahimaCa13658,https://pbs.twimg.com/profile_images/1831734492362358788/Idwyiwop_normal.png,false,false
pcznuvhilylujwdr,pcznuvhily32744,'1838270472862994432',false,2024-09-23 20:33:29,,0,0,107,0,,0,https://www.twitter.com/pcznuvhily32744,https://abs.twimg.com/sticky/default_profile_images/default_profile_normal.png,false,false
Jaylen Harris,jaylen_har84759,'1838264002071375872',false,2024-09-23 20:07:54,,0,0,23,2,,0,https://www.twitter.com/jaylen_har84759,https://pbs.twimg.com/profile_images/1838264040558034944/juo0jmAE_normal.jpg,false,false
kbwaacaipxvnvdqk,kbwaacaipx34996,'1838270382115098624',false,2024-09-23 20:33:08,,0,0,111,0,,0,https://www.twitter.com/kbwaacaipx34996,https://abs.twimg.com/sticky/default_profile_images/default_profile_normal.png,false,false
myhtnhbmfiumdmzf,myhtnhbmfi38509,'1838270323634114562',false,2024-09-23 20:32:54,,0,0,91,0,,0,https://www.twitter.com/myhtnhbmfi38509,https://abs.twimg.com/sticky/default_profile_images/default_profile_normal.png,false,false
Beatriz Martinez,BeatrizMar8024,'1838269069042290689',false,2024-09-23 20:28:16,,0,0,18,0,,0,https://www.twitter.com/BeatrizMar8024,https://pbs.twimg.com/profile_images/1838269497322405888/WgOCHR9E_normal.jpg,false,false
sarge,sarge13101251,'1546464009574039554',false,2022-07-11 14:58:58,,0,20,176,4,,0,https://www.twitter.com/sarge13101251,https://abs.twimg.com/sticky/default_profile_images/default_profile_normal.png,false,false
Juniper,JuniperxX0,'1838268869615419392',false,2024-09-23 20:27:15,,0,2,32,0,,0,https://www.twitter.com/JuniperxX0,https://pbs.twimg.com/profile_images/1838269545632477184/3-QU4Vrj_normal.jpg,false,false
mgshorty,s4mbbymari,'1838268788501803008',false,2024-09-23 20:27:01,,0,4,38,5,,0,https://www.twitter.com/s4mbbymari,https://abs.twimg.com/sticky/default_profile_images/default_profile_normal.png,false,false
Marlin Nash,MarlinNash65076,'1831342199512166401',false,2024-09-04 17:43:36,,7,0,23,0,,0,https://www.twitter.com/MarlinNash65076,https://pbs.twimg.com/profile_images/1831342701159260160/atCDungY_normal.jpg,false,false
Weight en X,weightenx,'1838269551236018176',false,2024-09-23 20:30:09,,0,0,7,0,,0,https://www.twitter.com/weightenx,https://pbs.twimg.com/profile_images/1838269638939152385/vu3j2UEK_normal.png,false,false
LB_Hakodesh / TheWeb3CryptoShow 👑🪝🕶️,LB_Hakodesh,'1640823023342174209',true,2023-03-29 00:08:02,"Metaverse, AI, Crypto Currency, Web3 and NFT Enthusiast, Cyber Security Professional and Theological Scholar!",13155,3295,6496,18919,"Maryland, USA",1278,https://www.twitter.com/LB_Hakodesh,https://pbs.twimg.com/profile_images/1730473294963298304/3cJLdrUE_normal.jpg,false,false
fbpnljayaptjidrn,fbpnljayap15992,'1838269857239912449',false,2024-09-23 20:31:03,,0,0,111,0,,0,https://www.twitter.com/fbpnljayap15992,https://abs.twimg.com/sticky/default_profile_images/default_profile_normal.png,false,false
Jessica Lamper,jessica_lamper,'1838260730056916992',false,2024-09-23 19:55:11,,0,5,95,4,,0,https://www.twitter.com/jessica_lamper,https://pbs.twimg.com/profile_images/1838261198447411200/WAhTlsu-_normal.jpg,false,false
Zack Hopkinson,jackopot7,'1838268711041458176',false,2024-09-23 20:26:56,,5,0,3,0,,0,https://www.twitter.com/jackopot7,https://pbs.twimg.com/profile_images/1838268831388573696/yFH6X5hk_normal.png,false,false
ofcifsnfoqyqsqjv,ofcifsnfoq56246,'1838269222671257604',false,2024-09-23 20:28:31,,0,0,83,0,,0,https://www.twitter.com/ofcifsnfoq56246,https://abs.twimg.com/sticky/default_profile_images/default_profile_normal.png,false,false
Carter Gillett,Cartertmg10,'1822658749678432256',true,2024-08-11 18:38:32,,0,22,61,0,,0,https://www.twitter.com/Cartertmg10,https://pbs.twimg.com/profile_images/1822658869275009024/rLfpK5o4_normal.jpg,false,false
Windy King,WindyKing0929,'1838268457739259906',false,2024-09-23 20:25:51,,0,0,6,0,,0,https://www.twitter.com/WindyKing0929,https://pbs.twimg.com/profile_images/1838268558582620160/g3vPO80o_normal.png,false,false
odejsafxqndpoljt,odejsafxqn77266,'1838269005032792064',false,2024-09-23 20:27:39,,0,0,111,0,,0,https://www.twitter.com/odejsafxqn77266,https://abs.twimg.com/sticky/default_profile_images/default_profile_normal.png,false,false
Mohamed Ali Diallo,MohamedAli63240,'1838268405821890560',true,2024-09-23 20:25:52,,0,0,73,3,,0,https://www.twitter.com/MohamedAli63240,https://pbs.twimg.com/profile_images/1838268561644564480/-JSqCqr3_normal.png,false,false
potbellypig,potbellypi30575,'1838268591424311299',false,2024-09-23 20:26:18,,0,0,3,0,,0,https://www.twitter.com/potbellypi30575,https://abs.twimg.com/sticky/default_profile_images/default_profile_normal.png,false,false
Steven Lumpkin,lSmoke71,'1838264916979146753',false,2024-09-23 20:12:04,,3,4,39,18,,0,https://www.twitter.com/lSmoke71,https://pbs.twimg.com/profile_images/1838265395477655552/YwotD2Qe_normal.jpg,false,false
torg,g1969013,'1838268177920237568',false,2024-09-23 20:24:39,,0,0,1,0,,0,https://www.twitter.com/g1969013,https://pbs.twimg.com/profile_images/1838268254810501120/nBJidDx7_normal.png,false,false
xwnwtinhfbkcynbh,xwnwtinhfb1505,'1838268608897544192',false,2024-09-23 20:26:05,,0,0,112,0,,0,https://www.twitter.com/xwnwtinhfb1505,https://abs.twimg.com/sticky/default_profile_images/default_profile_normal.png,false,false
iqzyjjifjtwzyjic,iqzyjjifjt24402,'1838268633681645569',false,2024-09-23 20:26:11,,0,0,110,0,,0,https://www.twitter.com/iqzyjjifjt24402,https://abs.twimg.com/sticky/default_profile_images/default_profile_normal.png,false,false
Corey LeBlanc,LeBlancLegalCAN,'1838263009212346369',true,2024-09-23 20:04:01,"Innovative, always-online law firm. Simple, convenient, and hassle-free legal services and solutions.",4,1,124,0,"Toronto, Ontario",3,https://www.twitter.com/LeBlancLegalCAN,https://pbs.twimg.com/profile_images/1838263208903110656/-SYbMR5d_normal.jpg,false,false
wish,wish741842,'1838267737350770690',false,2024-09-23 20:22:46,,0,1,7,0,,0,https://www.twitter.com/wish741842,https://pbs.twimg.com/profile_images/1838267780346580992/ytoD4W2W_normal.png,false,false
羌瘣,maxhamlec,'1838255241558716416',false,2024-09-23 19:33:06,,0,1,14,3,,0,https://www.twitter.com/maxhamlec,https://pbs.twimg.com/profile_images/1838255400258560000/oYds3yWk_normal.jpg,false,false
ixcwumlcoxpkaxok,ixcwumlcox3578,'1838268421659897856',false,2024-09-23 20:25:20,,0,0,114,0,,0,https://www.twitter.com/ixcwumlcox3578,https://abs.twimg.com/sticky/default_profile_images/default_profile_normal.png,false,false
Alex,BigALWizz,'1838267954305339392',false,2024-09-23 20:23:38,,0,9,223,0,,0,https://www.twitter.com/BigALWizz,https://abs.twimg.com/sticky/default_profile_images/default_profile_normal.png,false,false
cedric,edcccc300,'1838267584040570880',false,2024-09-23 20:22:14,,0,12,41,1,,0,https://www.twitter.com/edcccc300,https://pbs.twimg.com/profile_images/1838267775426719744/fSnq-0RH_normal.jpg,false,false
Almighty Sevyn,A3GSevyn,'1838265938656780288',false,2024-09-23 20:15:37,,0,0,44,0,,0,https://www.twitter.com/A3GSevyn,https://pbs.twimg.com/profile_images/1838266168970264576/-ICFlo4K_normal.jpg,false,false
Latonia Davis,DDLAT97897,'1838185357520654336',false,2024-09-23 14:58:46,,0,2,24,0,,0,https://www.twitter.com/DDLAT97897,https://pbs.twimg.com/profile_images/1838186242321620992/THLrQgBM_normal.jpg,false,false
張志宏,little_770911,'1741519083928268800',false,2023-12-31 19:58:21,,0,0,54,0,,0,https://www.twitter.com/little_770911,https://pbs.twimg.com/profile_images/1741519176622317568/V3kZY3Bd_normal.png,false,false
fano,itsefano,'1837654000449015808',false,2024-09-22 03:44:02,,0,3,13,9,,0,https://www.twitter.com/itsefano,https://pbs.twimg.com/profile_images/1837654051124658176/KecSGAW0_normal.png,false,false
xLegendarty3,legendarty3,'1086324194634330113',false,2019-01-18 20:07:25,Hello im a 14 years old guy from Somalia,34,16,89,42,,6,https://www.twitter.com/legendarty3,https://pbs.twimg.com/profile_images/1434581671228190730/r7AoULzE_normal.jpg,false,false
butqmqdxudhhvohr,butqmqdxud51631,'1838267817126146048',false,2024-09-23 20:22:56,,0,0,114,0,,0,https://www.twitter.com/butqmqdxud51631,https://abs.twimg.com/sticky/default_profile_images/default_profile_normal.png,false,false
刘栋源,OvO17m3,'1838223875005714432',false,2024-09-23 17:28:31,,0,0,2,0,,0,https://www.twitter.com/OvO17m3,https://pbs.twimg.com/profile_images/1838272179647188993/4GLYrS7L_normal.jpg,false,false
qtouqdrimzannfzr,qtouqdrimz81271,'1838267714374385664',false,2024-09-23 20:22:32,,0,0,100,0,,0,https://www.twitter.com/qtouqdrimz81271,https://abs.twimg.com/sticky/default_profile_images/default_profile_normal.png,false,false
vypgndxhpfpfzysk,vypgndxhpf19973,'1838267690059800577',false,2024-09-23 20:22:26,,0,0,100,0,,0,https://www.twitter.com/vypgndxhpf19973,https://abs.twimg.com/sticky/default_profile_images/default_profile_normal.png,false,false
Uros Radovanovic,UrosR1991,'1838264449146216448',false,2024-09-23 20:09:52,,0,1,102,0,,0,https://www.twitter.com/UrosR1991,https://pbs.twimg.com/profile_images/1838264531992092673/o4oN_USj_normal.jpg,false,false
SLIM TEE🤐,SLIMTEE8296361,'1838265759627141120',false,2024-09-23 20:15:02,,7,0,4,13,,0,https://www.twitter.com/SLIMTEE8296361,https://abs.twimg.com/sticky/default_profile_images/default_profile_normal.png,false,false
Antonio Givens,AntonioGiv87024,'1838266652724543489',false,2024-09-23 20:18:53,,0,0,11,0,,0,https://www.twitter.com/AntonioGiv87024,https://pbs.twimg.com/profile_images/1838266803853889536/IZvSRx_F_normal.png,false,false
Bora Bedir,BoraBedir31,'1838267283824873473',false,2024-09-23 20:21:00,,23,3,51,40,,0,https://www.twitter.com/BoraBedir31,https://pbs.twimg.com/profile_images/1838267333749747712/jbRX8bL8_normal.png,false,false
hardcard,hardcard_1,'1483517469209862146',false,2022-01-18 21:12:10,,199,63,123,277,,51,https://www.twitter.com/hardcard_1,https://pbs.twimg.com/profile_images/1804979117202276352/Z_A6_CEz_normal.jpg,false,false
tobi,tobi1991534,'1838266820433752064',false,2024-09-23 20:19:19,,0,3,25,1,,0,https://www.twitter.com/tobi1991534,https://abs.twimg.com/sticky/default_profile_images/default_profile_normal.png,false,false
𝑪𝒓𝒊𝒄 𝑺𝒕𝒂𝒕𝒔,cricchart,'1773394136466612224',false,2024-03-28 18:58:16,𝐂𝐫𝐢𝐜𝐤𝐞𝐭 𝐒𝐭𝐚𝐭𝐬 | 𝐓𝐞𝐬𝐭 | 𝐎𝐃𝐈 | 𝐓𝟐𝟎𝐈 | 𝐈𝐏𝐋 | 𝐁𝐏𝐋,1420,364,224,1030,Earth,101,https://www.twitter.com/cricchart,https://pbs.twimg.com/profile_images/1805276980566429696/zk0oZW1v_normal.jpg,false,true
Plamen Todorov,todo1808,'1838265723971399680',false,2024-09-23 20:16:19,,0,0,39,3,,0,https://www.twitter.com/todo1808,https://pbs.twimg.com/profile_images/1838266156026626048/eySdB8Hi_normal.png,false,false
Didem Onder,DOnder39257,'1838266197105610767',false,2024-09-23 20:16:45,,0,4,85,0,,0,https://www.twitter.com/DOnder39257,https://pbs.twimg.com/profile_images/1838266265447841792/lqnvG_oW_normal.png,false,false
Burcu,Burcusi091,'1838266589734383616',false,2024-09-23 20:18:10,,24,7,10,16,,2,https://www.twitter.com/Burcusi091,https://abs.twimg.com/sticky/default_profile_images/default_profile_normal.png,false,false
Lily,Lily73169496003,'1838266208673763328',false,2024-09-23 20:16:40,,0,0,1,0,,0,https://www.twitter.com/Lily73169496003,https://abs.twimg.com/sticky/default_profile_images/default_profile_normal.png,false,false
Brent Barbour,barbour_br26521,'1838260126563848192',false,2024-09-23 19:55:42,,0,2,68,0,,0,https://www.twitter.com/barbour_br26521,https://pbs.twimg.com/profile_images/1838260967685394435/hqsoy476_normal.png,false,false
Meryem Demiray,meris2525,'1838265207841284096',false,2024-09-23 20:12:55,,0,0,33,2,,0,https://www.twitter.com/meris2525,https://pbs.twimg.com/profile_images/1838265394626277376/JoOQDb2Y_normal.jpg,false,false
legris,legris68738790,'1838265762529910784',false,2024-09-23 20:14:57,,1,0,48,3,,1,https://www.twitter.com/legris68738790,https://pbs.twimg.com/profile_images/1838276532164276225/U3GVru3Y_normal.jpg,false,false
Swane,Swane835162,'1838261845636894720',false,2024-09-23 20:00:08,,0,1,25,2,,0,https://www.twitter.com/Swane835162,https://pbs.twimg.com/profile_images/1838262082514419714/AUjW0h2y_normal.png,false,false
Gregorio,Gregorioduel,'1838265623870345217',false,2024-09-23 20:14:47,,8,0,65,0,,0,https://www.twitter.com/Gregorioduel,https://pbs.twimg.com/profile_images/1838266590191849474/0ncFPQ7E_normal.jpg,false,false
Alix Houssem,AlixHousse24943,'1838265832482185217',false,2024-09-23 20:15:14,,0,0,8,0,,0,https://www.twitter.com/AlixHousse24943,https://pbs.twimg.com/profile_images/1838265883107446784/KhDhVhuw_normal.png,false,false
Elektro,InnaKovtun83218,'1736484671733530625',false,2023-12-17 22:36:30,,1033,37,491,77,,0,https://www.twitter.com/InnaKovtun83218,https://pbs.twimg.com/profile_images/1795051644658278400/eIFAkL9V_normal.jpg,false,false
Monte,HankTrill007,'1838264505467584512',false,2024-09-23 20:10:09,,0,1,18,0,,0,https://www.twitter.com/HankTrill007,https://abs.twimg.com/sticky/default_profile_images/default_profile_normal.png,false,false
Straps And Meds,StrapsAndMeds,'1838264741522796544',false,2024-09-23 20:11:04,Either pay for quality or keep smoking boof😎,5,11,127,9,,5,https://www.twitter.com/StrapsAndMeds,https://pbs.twimg.com/profile_images/1838266864763371520/gTX-0xfz_normal.jpg,false,false
Alex Capetillo,AlexCapetillo31,'1826801370692820992',false,2024-08-23 04:59:40,,2,2,33,13,,0,https://www.twitter.com/AlexCapetillo31,https://pbs.twimg.com/profile_images/1826801731327463424/XTGf5bkV_normal.jpg,false,false
Raphael Helou,RaphaelHelou,'1838264161769340928',false,2024-09-23 20:08:38,,0,0,25,0,,0,https://www.twitter.com/RaphaelHelou,https://pbs.twimg.com/profile_images/1838264222184042496/o5uINqEp_normal.png,false,false
Teal Chris,TealChris123530,'1838264316618838016',false,2024-09-23 20:09:38,,0,0,29,0,,0,https://www.twitter.com/TealChris123530,https://pbs.twimg.com/profile_images/1838264473154719744/w-q3CCRH_normal.png,false,false
demOn11,11demon239394,'1838260939931684864',true,2024-09-23 19:56:00,,0,0,6,0,,0,https://www.twitter.com/11demon239394,https://pbs.twimg.com/profile_images/1838264800301969408/JzMslQtI_normal.jpg,false,false
Elie Kalibuyeli,Bbbitlop,'1838264392577667072',false,2024-09-23 20:09:43,,0,0,10,0,,0,https://www.twitter.com/Bbbitlop,https://pbs.twimg.com/profile_images/1838264498332766208/xjh4Sy11_normal.png,false,false
Jasmine Ingram,Ing80048Jasmine,'1838264507921207296',false,2024-09-23 20:09:58,,0,0,4,0,,0,https://www.twitter.com/Ing80048Jasmine,https://pbs.twimg.com/profile_images/1838264660648251393/vW66yDUw_normal.jpg,false,false
Tron,setotr0n,'1267947252221448193',false,2020-06-03 01:32:44,Talk 2 me nice,36,20,42,1409,,2,https://www.twitter.com/setotr0n,https://pbs.twimg.com/profile_images/1529831187916660738/YW6vYinO_normal.jpg,false,false
Alice Jones,jonealice9988,'1838261550391648256',false,2024-09-23 19:58:46,Believe in yourself and all that you are. Know that you are capable of more than you imagine.,1,3,71,16,"Bluefield Pl, San Diego, CA",1,https://www.twitter.com/jonealice9988,https://pbs.twimg.com/profile_images/1838261742796734464/GrE0HaHa_normal.jpg,false,false
deen Thor,anarkissu,'708117838263754752',false,2016-03-11 04:30:23,#Vvs #dogecoin #slp #CRO #shiba inu 🚀 👨‍🚀,321,55,433,106,Paradise,20,https://www.twitter.com/anarkissu,https://pbs.twimg.com/profile_images/759105279090843648/SPLp6aCu_normal.jpg,false,false
Lorance Gurumayum,Loranceguru49,'1838263100883243010',false,2024-09-23 20:04:26,,0,0,17,0,,0,https://www.twitter.com/Loranceguru49,https://pbs.twimg.com/profile_images/1838263164930228224/n7uThnUA_normal.jpg,false,false
Lleana,Lleana35,'1838263553305755648',false,2024-09-23 20:06:06,,3,82,81,63,,0,https://www.twitter.com/Lleana35,https://pbs.twimg.com/profile_images/1838263619491938304/0gZZdKjz_normal.jpg,false,false
Christian Peneaux,ChristianP64599,'1823654364180840448',false,2024-08-14 12:34:31,,0,18,45,3,,0,https://www.twitter.com/ChristianP64599,https://abs.twimg.com/sticky/default_profile_images/default_profile_normal.png,false,false
Jo,coumve,'768237057399402496',true,2016-08-24 03:02:42,,169,57,63,85,Jogav. 20+,1,https://www.twitter.com/coumve,https://pbs.twimg.com/profile_images/1837827892598001670/fgWU0gVK_normal.jpg,false,false
Nuadarius,Nuadarchium,'1794712075912011776',false,2024-05-26 15:48:10,Motivation and Business,25,3,13,16,,1,https://www.twitter.com/Nuadarchium,https://pbs.twimg.com/profile_images/1795381468622950400/as-_HWIL_normal.jpg,false,false
Giulia,giuliagestall,'1838262048964161536',false,2024-09-23 20:00:19,,0,0,17,0,,0,https://www.twitter.com/giuliagestall,https://pbs.twimg.com/profile_images/1838262424044003329/dPm23siH_normal.jpg,false,false
Boat Hacksnacks LLC,boathacksnacks,'1838257715144978436',false,2024-09-23 19:43:26,Businessman/entrepreneur/Logistics/CEO Live Love & Laugh🇰🇭🐐🍀💵😂,0,1,13,0,"Garfield Heights, OH",0,https://www.twitter.com/boathacksnacks,https://pbs.twimg.com/profile_images/1838258717403308032/kl_M449J_normal.jpg,false,false
Cami Cho-Mulkey,cami_cho92687,'1838259711910588417',false,2024-09-23 19:51:00,,0,3,34,7,,0,https://www.twitter.com/cami_cho92687,https://pbs.twimg.com/profile_images/1838259957113741312/Vbjpuyj__normal.jpg,false,false
Champs Elsees,CElsees8809,'1838263154603606016',true,2024-09-23 20:04:54,,0,0,1,0,,0,https://www.twitter.com/CElsees8809,https://pbs.twimg.com/profile_images/1838263283238764545/_XA4sNUL_normal.png,false,false
Lyah Bridges,BridgesLya92954,'1838262629229350912',false,2024-09-23 20:02:31,,0,1,21,0,,0,https://www.twitter.com/BridgesLya92954,https://abs.twimg.com/sticky/default_profile_images/default_profile_normal.png,false,false
Uyuop,uyuop45464,'1838262864236212224',false,2024-09-23 20:03:39,,0,0,2,52,,0,https://www.twitter.com/uyuop45464,https://abs.twimg.com/sticky/default_profile_images/default_profile_normal.png,false,false
Kafele Mensah,KafeleMensah,'1838260523135098880',false,2024-09-23 19:54:11,,2,8,94,5,,0,https://www.twitter.com/KafeleMensah,https://pbs.twimg.com/profile_images/1838261184421601281/pNtRnwhg_normal.jpg,false,false
علي العماري,lylmry1479763,'1838262902945648641',false,2024-09-23 20:03:37,,0,0,15,0,,0,https://www.twitter.com/lylmry1479763,https://pbs.twimg.com/profile_images/1838262960634105857/0PvTy1lB_normal.png,false,false
Muly,Muly040,'1838262309505941504',false,2024-09-23 20:01:11,,0,0,13,0,,0,https://www.twitter.com/Muly040,https://abs.twimg.com/sticky/default_profile_images/default_profile_normal.png,false,false
Patrice Daly,DalyPatric6866,'1838252928580100102',false,2024-09-23 19:24:28,,0,2,28,9,,0,https://www.twitter.com/DalyPatric6866,https://pbs.twimg.com/profile_images/1838253107630743554/9JLGHi0f_normal.png,false,false
Yeeh me,Ye_dollarsign,'1823802976886022145',false,2024-08-14 22:25:09,,1,2,13,4,,0,https://www.twitter.com/Ye_dollarsign,https://pbs.twimg.com/profile_images/1823803064765308932/2HP5RlY3_normal.png,false,false
Unique,Unique0x99,'1532946874746998785',false,2022-06-04 07:46:39,Decentralized Future! #Web3 #SportFi #NFTs #Art #DeFi 💫,4585,53,41,5895,Somewhere You Know ,4,https://www.twitter.com/Unique0x99,https://pbs.twimg.com/profile_images/1829236538519031809/-dd0aH6M_normal.jpg,false,false
𝚖𝚊𝚛𝚔_𝚍𝚓𝚔𝚛𝚛,mrkdjkrr_,'1838259956853936128',true,2024-09-23 19:52:10,,0,0,8,0,,0,https://www.twitter.com/mrkdjkrr_,https://pbs.twimg.com/profile_images/1838261903711440896/ScTYiggI_normal.jpg,false,false
w zz t,Wzzt154675T,'1838260903231524864',false,2024-09-23 19:55:38,,0,0,5,0,,0,https://www.twitter.com/Wzzt154675T,https://pbs.twimg.com/profile_images/1838261080646389761/uC1HtabZ_normal.jpg,false,false
JIE,JIE04130413,'1827651434650763264',false,2024-08-25 13:17:30,,0,0,9,1,,0,https://www.twitter.com/JIE04130413,https://pbs.twimg.com/profile_images/1827651672052502528/iDRJ2UQG_normal.jpg,false,false
hrodwulf mcdavid,yunzhong2024,'1838260449885945856',false,2024-09-23 19:54:41,,5,14,105,2,,0,https://www.twitter.com/yunzhong2024,https://pbs.twimg.com/profile_images/1838260713472823298/ssAzkHLd_normal.png,false,false
Blak s,Blaks85,'1838261705278918657',false,2024-09-23 19:58:49,,0,0,2,0,,0,https://www.twitter.com/Blaks85,https://pbs.twimg.com/profile_images/1838261783460548608/eUCWPJ2y_normal.jpg,false,false
Laura Latena Brock,LatenaBroc70025,'1837910931743109120',true,2024-09-22 20:46:52,,23,0,13,5,,0,https://www.twitter.com/LatenaBroc70025,https://pbs.twimg.com/profile_images/1837911764891045888/FpSPzInH_normal.jpg,false,false
السيد رمضان,lsydrmn28159216,'1838260146662703104',false,2024-09-23 19:54:56,,0,1,30,0,,0,https://www.twitter.com/lsydrmn28159216,https://pbs.twimg.com/profile_images/1838261348829990912/aR14bmgR_normal.jpg,false,false
吴亦凡,qeq2911qeq,'1806233476230004736',false,2024-06-27 10:50:17,,0,3,43,7,,0,https://www.twitter.com/qeq2911qeq,https://pbs.twimg.com/profile_images/1806233578872909824/XbyRsQlV_normal.png,false,false
小新,OlOyuab,'1825211043192459264',false,2024-08-18 19:40:05,,0,7,15,39,,0,https://www.twitter.com/OlOyuab,https://pbs.twimg.com/profile_images/1836421178292080642/kvPf8uDH_normal.jpg,false,false
Froggy,Froggy1096202,'1838261232387641345',false,2024-09-23 19:56:55,,0,0,4,6,,0,https://www.twitter.com/Froggy1096202,https://abs.twimg.com/sticky/default_profile_images/default_profile_normal.png,false,false
snaggs99,snaggs99,'1638020814434979842',true,2023-03-21 05:33:14,,173,601,832,13,Midwest USA,167,https://www.twitter.com/snaggs99,https://pbs.twimg.com/profile_images/1638021388152741890/Bgzpv68A_normal.jpg,false,false
Robsan Tahire,RobsanTahi95614,'1838260577677807616',false,2024-09-23 19:54:34,,0,1,15,0,,0,https://www.twitter.com/RobsanTahi95614,https://pbs.twimg.com/profile_images/1838260683630350337/PI5l2f0z_normal.png,false,false
Wilker García,garc44663,'1838258768083034112',false,2024-09-23 19:47:09,,0,0,25,0,,0,https://www.twitter.com/garc44663,https://abs.twimg.com/sticky/default_profile_images/default_profile_normal.png,false,false
sifriow,sifriow,'1804398883273113600',false,2024-06-22 09:20:35,,0,6,34,1,,0,https://www.twitter.com/sifriow,https://pbs.twimg.com/profile_images/1804399066874593280/zwUS6XIG_normal.png,false,false
Licha,Licha254,'1838260284424642561',false,2024-09-23 19:53:09,,0,0,21,0,,0,https://www.twitter.com/Licha254,https://pbs.twimg.com/profile_images/1838260469229817856/ABsi-1E1_normal.jpg,false,false
Chris_Hedors,chris_hedors,'1819548663489671168',false,2024-08-03 04:40:38,,0,55,208,600,,0,https://www.twitter.com/chris_hedors,https://pbs.twimg.com/profile_images/1819549402828029952/1_LJ-0NO_normal.jpg,false,false
tlan,tlan1523483,'1838259876214247426',false,2024-09-23 19:51:50,,0,0,2,0,,0,https://www.twitter.com/tlan1523483,https://abs.twimg.com/sticky/default_profile_images/default_profile_normal.png,false,false
Tty Bastt,TBastt53426,'1838260438569750528',false,2024-09-23 19:53:48,,0,3,30,0,,0,https://www.twitter.com/TBastt53426,https://pbs.twimg.com/profile_images/1838260491292151808/cpCArITi_normal.png,false,false
Ademola rasaq,Vadobillz,'1582894725115572224',true,2022-10-20 03:42:01,SURVIVAL,215,79,303,1558,,6,https://www.twitter.com/Vadobillz,https://pbs.twimg.com/profile_images/1704091756055121920/0aNyrTEa_normal.jpg,false,false
Cyberpunk77,cyberpumk2024,'1838258923742142464',true,2024-09-23 19:48:05,Gamer y analista de sistemas.  Un poco de hardware de computadoras y redes de alta velocidad.,5,1,56,3,,0,https://www.twitter.com/cyberpumk2024,https://pbs.twimg.com/profile_images/1838259153359306753/PBQ4QlRC_normal.jpg,false,false
Luke Holley,arrowheadMcFred,'1838259159256420352',false,2024-09-23 19:48:50,,0,0,14,0,,0,https://www.twitter.com/arrowheadMcFred,https://pbs.twimg.com/profile_images/1838259239103463424/5_c_ydKZ_normal.png,false,false
Toryn,KingToryn1,'1838258990351818752',false,2024-09-23 19:48:06,,0,1,28,0,,0,https://www.twitter.com/KingToryn1,https://pbs.twimg.com/profile_images/1838259424957173761/VKS6-2_r_normal.jpg,false,false
Faith,FF1284_,'1838259746530562051',false,2024-09-23 19:51:05,,0,0,3,0,,0,https://www.twitter.com/FF1284_,https://abs.twimg.com/sticky/default_profile_images/default_profile_normal.png,false,false
Orlando Doss,OrlandoDos15586,'1838257535532298240',false,2024-09-23 19:42:51,,0,0,9,0,,0,https://www.twitter.com/OrlandoDos15586,https://pbs.twimg.com/profile_images/1838257734443257856/VoyuaPzM_normal.png,false,false
Green Jason,JoeShelton76807,'1728938867070316544',false,2023-11-27 02:48:43,🚀 Market watcher | Passionate about smart investments.,17,3,33,76,"United States Manhattan, KS",10,https://www.twitter.com/JoeShelton76807,https://pbs.twimg.com/profile_images/1837201498796695552/Wep31nV8_normal.jpg,false,false
adotty,adotgz_nyc,'1837240808740712448',false,2024-09-21 00:22:40,,0,0,6,0,,0,https://www.twitter.com/adotgz_nyc,https://pbs.twimg.com/profile_images/1837242732512763904/RfFINotN_normal.jpg,false,false
De'Vae Vaughn,Wiredasshopper,'1838258413714763776',false,2024-09-23 19:45:55,,0,1,16,12,,0,https://www.twitter.com/Wiredasshopper,https://pbs.twimg.com/profile_images/1838258504504631299/Eo284YyF_normal.png,false,false
Shanecka Pitt,ShaneckaP64440,'1838258754015600640',false,2024-09-23 19:47:27,,0,1,20,0,,0,https://www.twitter.com/ShaneckaP64440,https://abs.twimg.com/sticky/default_profile_images/default_profile_normal.png,false,false
Brayan,Brayancito0907,'1838259463872188416',false,2024-09-23 19:50:15,,0,0,1,0,,0,https://www.twitter.com/Brayancito0907,https://abs.twimg.com/sticky/default_profile_images/default_profile_normal.png,false,false
Lester Mandelker,MandelkerLester,'1596515777821253634',false,2022-11-26 16:46:56,,20,2,9,2,,0,https://www.twitter.com/MandelkerLester,https://pbs.twimg.com/profile_images/1596515855868772354/HYGSa0fH_normal.png,false,false
aguss,_aguss_1917,'1462975721266159621',true,2021-11-23 04:47:29,🏉🏉,34,3,44,236,,0,https://www.twitter.com/_aguss_1917,https://pbs.twimg.com/profile_images/1820500770636075008/neyHgg7Y_normal.jpg,false,false
Pagrion Powell,PSPowell424,'1838257063706664973',false,2024-09-23 19:40:32,,0,0,30,0,,0,https://www.twitter.com/PSPowell424,https://abs.twimg.com/sticky/default_profile_images/default_profile_normal.png,false,false
Jabron,Jabron673124,'1838258835904942081',false,2024-09-23 19:47:32,,0,0,11,0,,0,https://www.twitter.com/Jabron673124,https://abs.twimg.com/sticky/default_profile_images/default_profile_normal.png,false,false
Eddy,Eddy112Anywhere,'1838257568931872768',false,2024-09-23 19:42:31,,60,0,11,73,,2,https://www.twitter.com/Eddy112Anywhere,https://pbs.twimg.com/profile_images/1838257829150633984/vyeQnX2T_normal.jpg,false,false
Anthony Burns,AnthonyBur85411,'1838258055236198400',false,2024-09-23 19:44:19,,0,0,12,0,,0,https://www.twitter.com/AnthonyBur85411,https://pbs.twimg.com/profile_images/1838258408169902080/hG96BArc_normal.jpg,false,false
Adolf Hitler,GiggaNigga110,'1838258543171903488',false,2024-09-23 19:46:17,,0,0,6,0,,0,https://www.twitter.com/GiggaNigga110,https://pbs.twimg.com/profile_images/1838258598167687168/zWpsaXwH_normal.png,false,false
Tiffany Jones,TiffanyJon54535,'1838258227797979142',false,2024-09-23 19:45:09,,0,0,30,0,,0,https://www.twitter.com/TiffanyJon54535,https://pbs.twimg.com/profile_images/1838258414591287298/03hAtTG-_normal.jpg,false,false
Jordie,jordiepork,'1835502363945140224',false,2024-09-16 05:14:28,Politics 🇺🇸🇯🇵 + Linguistics 🇺🇳❤️,19,44,60,229,"New Jersey, USA",0,https://www.twitter.com/jordiepork,https://pbs.twimg.com/profile_images/1836171993604861952/ISSElRjV_normal.jpg,false,false
Nathan Ensminger,TheOGFlashAllen,'1494909475551125505',false,2022-02-19 07:39:41,I love to talk to women,592,500,1341,5102,,1,https://www.twitter.com/TheOGFlashAllen,https://pbs.twimg.com/profile_images/1757193940850073600/TSmeSWGj_normal.jpg,false,false
Carlos Taylor,4evausnevathem5,'1838257320926539778',false,2024-09-23 19:41:27,,0,0,21,0,,0,https://www.twitter.com/4evausnevathem5,https://pbs.twimg.com/profile_images/1838257652251389955/7d1mH4tc_normal.jpg,false,false
Jayden Thomas,Jaythomas05,'1838256229208190976',false,2024-09-23 19:37:01,6’1 Sg🏀    5’10 HJ      class of 26 TRN,0,0,14,0,,0,https://www.twitter.com/Jaythomas05,https://pbs.twimg.com/profile_images/1838256333809688577/_rrA9IJd_normal.jpg,false,false
Gabrielle Canelas,Gaby89297,'1838256988813496320',false,2024-09-23 19:40:07,,0,0,13,0,,0,https://www.twitter.com/Gaby89297,https://pbs.twimg.com/profile_images/1838257048733335552/vdtxhOPV_normal.png,false,false
Me_backup,Me_backup_FoH,'1838256041798049796',false,2024-09-23 19:37:19,,0,0,37,0,,0,https://www.twitter.com/Me_backup_FoH,https://pbs.twimg.com/profile_images/1838256398305501186/nL1Eab2R_normal.jpg,false,false
Dubaï Argent,ArgentDuba42580,'1838257252400340992',false,2024-09-23 19:41:47,,0,0,29,0,,0,https://www.twitter.com/ArgentDuba42580,https://pbs.twimg.com/profile_images/1838257468033363970/MnbSvOZw_normal.png,false,false
Minerva Murray,chnnxy495987,'1830427339412672512',false,2024-09-02 05:07:54,"Hi,i am Minverva. I am single. I can live video chat in private time with him.",13,29,252,6,"salina,KS",5,https://www.twitter.com/chnnxy495987,https://pbs.twimg.com/profile_images/1837316628872318978/BnD437sM_normal.jpg,false,false
aerialpan,aerialpan_,'1838256549577515008',false,2024-09-23 19:38:32,,0,0,25,2,,0,https://www.twitter.com/aerialpan_,https://pbs.twimg.com/profile_images/1838256691273662464/rG3m4d9A_normal.jpg,false,false
Kandi,kandidani87,'1838256764321439750',false,2024-09-23 19:39:35,,0,0,6,0,,0,https://www.twitter.com/kandidani87,https://pbs.twimg.com/profile_images/1838256910237081601/ZNQm46nc_normal.jpg,false,false
DrDrew24,Drew24DrKBS,'1838256180407517184',false,2024-09-23 19:37:18,,0,4,35,0,,0,https://www.twitter.com/Drew24DrKBS,https://pbs.twimg.com/profile_images/1838256336796033027/59LuwVTV_normal.png,false,false
Manny Gens,GensManny21788,'1838257055750295552',false,2024-09-23 19:40:36,,0,0,1,0,,0,https://www.twitter.com/GensManny21788,https://pbs.twimg.com/profile_images/1838257167775981568/lYVoGLY__normal.png,false,false
Ali Shehata,ezz837089,'1838256620033187840',false,2024-09-23 19:38:53,Capitanoo 14,1,0,51,0,,1,https://www.twitter.com/ezz837089,https://pbs.twimg.com/profile_images/1838257837706735626/vyrzdtFu_normal.jpg,false,false
الساسو راس,AlsaswR1720,'1838256711301242881',false,2024-09-23 19:39:19,,0,0,3,0,,0,https://www.twitter.com/AlsaswR1720,https://pbs.twimg.com/profile_images/1838256844625584136/3HCKh6sv_normal.png,false,false
Manjesh Singh,ManjeshSin43907,'1838256906798071808',false,2024-09-23 19:39:53,,0,0,10,0,,0,https://www.twitter.com/ManjeshSin43907,https://pbs.twimg.com/profile_images/1838256990151155712/NACZlti8_normal.png,false,false
corelove,corelove225823,'1838256875462414336',false,2024-09-23 19:39:32,,0,0,4,0,,0,https://www.twitter.com/corelove225823,https://abs.twimg.com/sticky/default_profile_images/default_profile_normal.png,false,false
Zachary Northrup,itsnotzachy,'1838256242416066560',false,2024-09-23 19:37:03,,0,0,18,2,,0,https://www.twitter.com/itsnotzachy,https://pbs.twimg.com/profile_images/1838256481373691908/R52wmHH7_normal.jpg,false,false
متولي باشا,MtwlyB81254,'1838256354445664259',false,2024-09-23 19:37:37,,0,2,35,0,,0,https://www.twitter.com/MtwlyB81254,https://pbs.twimg.com/profile_images/1838256417012097024/Wt0TEqmm_normal.png,false,false
Roxy,Roxyyy002,'1837772954115231745',false,2024-09-22 11:36:46,,0,1,33,0,,0,https://www.twitter.com/Roxyyy002,https://pbs.twimg.com/profile_images/1837864066800562176/9kHhkTph_normal.jpg,false,false
@ayindeomoafusa,ayindeomoafsa,'1838251550264696835',false,2024-09-23 19:18:50,,0,2,133,0,,0,https://www.twitter.com/ayindeomoafsa,https://pbs.twimg.com/profile_images/1838252501792890882/XsfrQ87J_normal.jpg,false,false
Tatyana Lacey,TatyanaLacey,'965793741951897600',false,2018-02-20 05:42:26,ETBU ALUM🐯 Educator/Coach🦅 Hebrews 11:1💜,140,91,112,3774,"Pineland, Tx ",1,https://www.twitter.com/TatyanaLacey,https://pbs.twimg.com/profile_images/1733329651412434944/K3oAdE45_normal.jpg,false,false
Tyler Clinton,ClintonTyler,'1838255215381774336',false,2024-09-23 19:33:09,,0,0,12,4,,0,https://www.twitter.com/ClintonTyler,https://pbs.twimg.com/profile_images/1838255295635599360/_oi9-0ws_normal.png,false,false
Kylee Mikel Barnard,kysayshiii,'1833973568213856256',false,2024-09-11 23:59:24,,0,0,8,0,,0,https://www.twitter.com/kysayshiii,https://pbs.twimg.com/profile_images/1833973644084555776/I5bABoxk_normal.jpg,false,false
Jaciah Dandy,JaciahD42478,'1838255866471948290',false,2024-09-23 19:35:43,,0,0,12,0,,0,https://www.twitter.com/JaciahD42478,https://pbs.twimg.com/profile_images/1838255938731417602/zmBNk9d9_normal.png,false,false
/,KKEokoi,'1838255838395523072',false,2024-09-23 19:35:47,,0,0,1,0,,0,https://www.twitter.com/KKEokoi,https://pbs.twimg.com/profile_images/1838256601364561921/xVDIVUoz_normal.jpg,false,false
William Ortega parisca,OrtegaPari1907,'1838255458236375040',false,2024-09-23 19:34:12,,0,0,26,0,,0,https://www.twitter.com/OrtegaPari1907,https://pbs.twimg.com/profile_images/1838255557498834944/Si4Z1TFJ_normal.png,false,false
Isaiah Sislowski,isaiahSizz,'1826783770822791168',false,2024-08-23 03:49:37,Olmsted Falls 27’ | Baseball OF | Football TE/OLB |  God First ✝️,0,1,75,9,,0,https://www.twitter.com/isaiahSizz,https://pbs.twimg.com/profile_images/1826785132805554176/LA0v7BHX_normal.jpg,false,false
Zuleima Torres,Zuleimamtorres,'1838254761826492421',false,2024-09-23 19:31:24,,0,0,36,0,,0,https://www.twitter.com/Zuleimamtorres,https://abs.twimg.com/sticky/default_profile_images/default_profile_normal.png,false,false
Lucia Castellano,LF040345,'1838255246264410119',false,2024-09-23 19:33:33,,0,0,16,0,,0,https://www.twitter.com/LF040345,https://pbs.twimg.com/profile_images/1838255395845873666/KdmUdKfH_normal.png,false,false
sun,sun1337060,'1838253279073169408',true,2024-09-23 19:25:41,,0,1,29,0,,0,https://www.twitter.com/sun1337060,https://pbs.twimg.com/profile_images/1838253415170015232/Vr8LFOpQ_normal.png,false,false
Bartolo Gregorio,AyeD4H,'1838250440275689472',false,2024-09-23 19:14:57,,0,2,37,0,,0,https://www.twitter.com/AyeD4H,https://pbs.twimg.com/profile_images/1838250715497598976/-f4tXu-u_normal.png,false,false
liu uu u627,U627Uu55642,'1835693264214577152',false,2024-09-16 17:52:41,,0,0,4,0,,0,https://www.twitter.com/U627Uu55642,https://abs.twimg.com/sticky/default_profile_images/default_profile_normal.png,false,false
Jonathan Cunningham,jonathanc1911,'1571263016590516225',false,2022-09-18 01:21:33,,1,23,46,3,,0,https://www.twitter.com/jonathanc1911,https://pbs.twimg.com/profile_images/1571269048289091586/6M8I6gCh_normal.jpg,false,false
Muhammad Iqbal,Muhamma81239101,'1838254633824944128',false,2024-09-23 19:30:48,,0,0,3,0,,0,https://www.twitter.com/Muhamma81239101,https://pbs.twimg.com/profile_images/1838254700568981504/pG1rLGao_normal.png,false,false
Unique Six,SixUnique36340,'1838253775372316672',false,2024-09-23 19:27:28,,0,1,7,0,,0,https://www.twitter.com/SixUnique36340,https://pbs.twimg.com/profile_images/1838253864987828224/QnSEvdb1_normal.png,false,false
Yafeit Williams,YafeitW,'1838248388422455296',false,2024-09-23 19:06:15,,1,3,60,0,,0,https://www.twitter.com/YafeitW,https://pbs.twimg.com/profile_images/1838248802014130177/690p4JEt_normal.jpg,false,false
고구마,bomin_1229,'1620840306580262912',false,2023-02-01 19:43:49,,0,3,6096,34311,,0,https://www.twitter.com/bomin_1229,https://pbs.twimg.com/profile_images/1667214424812429312/7m29EF_q_normal.jpg,false,false
reallynicearabs,reallynicearabs,'1838251086756413441',false,2024-09-23 19:18:10,"#reallynicearabs

#love ??? 👀 ???",20,3,76,9,,0,https://www.twitter.com/reallynicearabs,https://pbs.twimg.com/profile_images/1838457691380797440/6tpnoNjl_normal.jpg,false,false
King P,KingP59934,'1838254212234481664',true,2024-09-23 19:29:12,,0,0,7,0,,0,https://www.twitter.com/KingP59934,https://abs.twimg.com/sticky/default_profile_images/default_profile_normal.png,false,false
♛𝕄𝔸𝕋ℍ𝕀𝔸𝕊♛,qZ3UnmU1VS54506,'1838253841302593540',false,2024-09-23 19:27:36,,0,0,34,0,,0,https://www.twitter.com/qZ3UnmU1VS54506,https://pbs.twimg.com/profile_images/1838254083100024833/9PUgZJzN_normal.jpg,false,false
Giants4life,Elmcityfred203,'1838251359562276865',false,2024-09-23 19:17:44,,5,3,107,18,,0,https://www.twitter.com/Elmcityfred203,https://pbs.twimg.com/profile_images/1838256982404276230/3tUHoQZi_normal.jpg,false,false
Kenderrious,Kenderriou4354,'1838253935846465536',false,2024-09-23 19:28:04,,0,0,1,0,,0,https://www.twitter.com/Kenderriou4354,https://pbs.twimg.com/profile_images/1838254016490283011/Na1KSKAH_normal.png,false,false
PMG shamim mohamad,PmgShamim67938,'1838253321548939264',false,2024-09-23 19:26:05,,0,2,37,0,,0,https://www.twitter.com/PmgShamim67938,https://pbs.twimg.com/profile_images/1838253515267002368/88IMkeqf_normal.png,false,false
Shijir Munkh-Erdene,Shijirrm,'1838252140227092480',false,2024-09-23 19:20:48,,0,0,8,0,,0,https://www.twitter.com/Shijirrm,https://pbs.twimg.com/profile_images/1838252273484341250/vAvosbCJ_normal.jpg,false,false
Godfery Smith,godferysmith09,'1838253027108495365',false,2024-09-23 19:24:19,"WR/DB, class of 2027, #7, 15, 2103818382, Lee highschool,5'9, 132,",0,0,7,0,"San Antonio, TX",0,https://www.twitter.com/godferysmith09,https://pbs.twimg.com/profile_images/1838253287578951680/DzpoxVLe_normal.jpg,false,false
Micheal Trainer,Miket_65,'1838236739502211072',true,2024-09-23 18:19:54,,0,0,17,0,,0,https://www.twitter.com/Miket_65,https://pbs.twimg.com/profile_images/1838236859098697728/qOtk0vSn_normal.png,false,false
Anton Nytabeat,nytabeat,'1838250749865705472',false,2024-09-23 19:16:18,,6,1,33,13,,0,https://www.twitter.com/nytabeat,https://pbs.twimg.com/profile_images/1838251228255395859/3NjEHQSF_normal.jpg,false,false
Miguel,Miguel497224791,'1838244637422530561',false,2024-09-23 18:51:01,,0,26,243,128,,0,https://www.twitter.com/Miguel497224791,https://pbs.twimg.com/profile_images/1838244737616404481/tS5jhqdx_normal.jpg,false,false
Geoffrey,jopri_17,'1838252285702651904',false,2024-09-23 19:21:22,,0,0,29,1,,0,https://www.twitter.com/jopri_17,https://abs.twimg.com/sticky/default_profile_images/default_profile_normal.png,false,false
朱晗绮,hanqizhu951,'1838252293134954496',false,2024-09-23 19:21:35,,0,0,45,0,,0,https://www.twitter.com/hanqizhu951,https://pbs.twimg.com/profile_images/1838255962324598784/FYoKCKlQ_normal.jpg,false,false
Pathik Jayani,Pjayani,'386322126',false,2011-10-07 04:52:45,"Entrepreneur, founder, a father and a crazy advocate of equality!",130,167,374,29,Washington DC,2,https://www.twitter.com/Pjayani,https://pbs.twimg.com/profile_images/1449055281518940161/yxFNAtQz_normal.jpg,false,false
qdnslbj,qdnslbj,'1791378051458314240',false,2024-05-17 10:59:59,i love you,2,125,140,601,,0,https://www.twitter.com/qdnslbj,https://pbs.twimg.com/profile_images/1827047069930156035/3UavUG5D_normal.jpg,false,false
Briaa Lynn,Briaa227,'1838252584278073345',false,2024-09-23 19:22:38,,4,1,54,3,"Bristol, England",1,https://www.twitter.com/Briaa227,https://pbs.twimg.com/profile_images/1838253620346707968/teJAYU1m_normal.jpg,false,false
WakeUpNolez,NolezUp,'1827376439143841792',false,2024-08-24 19:18:17,#NoleBlooded #InMayfieldWeTrust #WeAreTheKrewe,36,52,44,397,,2,https://www.twitter.com/NolezUp,https://pbs.twimg.com/profile_images/1833917903982182400/-XnHK_yy_normal.jpg,false,false
Autumn,Autumn3569,'1838251010768216065',false,2024-09-23 19:16:25,,0,0,14,0,,0,https://www.twitter.com/Autumn3569,https://pbs.twimg.com/profile_images/1838251349818941440/I72cf2Ya_normal.jpg,false,false
Major Fire,Majorfire18,'1838248018547720192',false,2024-09-23 19:04:38,,0,1,15,0,,0,https://www.twitter.com/Majorfire18,https://pbs.twimg.com/profile_images/1838254506896941056/PkM0eD8n_normal.jpg,false,false
千夏 きょうか,XiaKyouka44773,'1838252305592000512',false,2024-09-23 19:21:26,,0,1,179,0,,0,https://www.twitter.com/XiaKyouka44773,https://pbs.twimg.com/profile_images/1838252444972896256/yDFSeFj__normal.jpg,false,false
Gutt Ru,GuttRu383,'1838246627871768576',false,2024-09-23 19:00:01,,0,4,51,2,,0,https://www.twitter.com/GuttRu383,https://pbs.twimg.com/profile_images/1838246953630457856/JkEwKyW-_normal.jpg,false,false
l kx,lkxgood,'1756781020991700992',false,2024-02-11 22:43:42,,1,0,325,1363,,0,https://www.twitter.com/lkxgood,https://pbs.twimg.com/profile_images/1756781412878077952/B7Hw4Tpk_normal.jpg,false,false
Demondre' Buchanan,lebronfanxbox,'1838250653401182209',false,2024-09-23 19:15:06,,0,13,190,0,,0,https://www.twitter.com/lebronfanxbox,https://pbs.twimg.com/profile_images/1838250750029496320/XeuwJ8h6_normal.png,false,false
Eulis Starks,StarksEuli26800,'1641335435916898306',false,2023-03-30 10:05:05,,6,47,52,37,,0,https://www.twitter.com/StarksEuli26800,https://pbs.twimg.com/profile_images/1641335723407073281/eYn0AOIj_normal.png,false,false
President of Earth,ErthPrez,'1835861633908047872',true,2024-09-17 05:01:56,Space President of Earth Has Landed...,11,73,532,170,Earth,7,https://www.twitter.com/ErthPrez,https://pbs.twimg.com/profile_images/1837507003901792257/BBITgrnv_normal.jpg,false,false
Calvin,Calvin041796913,'1838251823909449728',false,2024-09-23 19:19:38,,0,0,1,0,,0,https://www.twitter.com/Calvin041796913,https://abs.twimg.com/sticky/default_profile_images/default_profile_normal.png,false,false
Emily Bindelglass,ebindel2,'139599175',false,2010-05-03 06:33:18,Programmer for Bleacher Report. Proud Hoosier. Yankees x Colts x Pitt x Pacers. Will tweet if emotional,2684,226,736,6279,"New York, NY",117,https://www.twitter.com/ebindel2,https://pbs.twimg.com/profile_images/2122436559/DSC01489_normal.JPG,false,false
Liam mf,matthwhdhshwg,'1838251456186687488',false,2024-09-23 19:18:14,,0,0,9,0,,0,https://www.twitter.com/matthwhdhshwg,https://abs.twimg.com/sticky/default_profile_images/default_profile_normal.png,false,false
Lyn Rose,LynRose320,'1829559295131734017',false,2024-08-30 19:38:47,,0,0,8,0,,0,https://www.twitter.com/LynRose320,https://pbs.twimg.com/profile_images/1829559402602385410/5Aa8tEyZ_normal.png,false,false
Antony,Antony268430068,'1838250194447609856',false,2024-09-23 19:13:31,,0,0,9,5,,0,https://www.twitter.com/Antony268430068,https://abs.twimg.com/sticky/default_profile_images/default_profile_normal.png,false,false
RealOne99,Chill3986,'1838250849987887104',false,2024-09-23 19:15:38,,0,1,73,139,,0,https://www.twitter.com/Chill3986,https://pbs.twimg.com/profile_images/1838271699353030656/ghJ8dwJG_normal.jpg,false,false
Derrius Levett,d_levett24,'1838250002176716800',false,2024-09-23 19:12:20,,0,0,17,0,,0,https://www.twitter.com/d_levett24,https://pbs.twimg.com/profile_images/1838250226965995520/Nim1WftJ_normal.jpg,false,false
troy c bullock,Autonation1525,'1838248922462007296',false,2024-09-23 19:08:00,,0,1,43,0,,0,https://www.twitter.com/Autonation1525,https://abs.twimg.com/sticky/default_profile_images/default_profile_normal.png,false,false
周宏林,zhuhngln8537501,'1838154444409827328',false,2024-09-23 12:52:35,,0,0,2,0,,0,https://www.twitter.com/zhuhngln8537501,https://pbs.twimg.com/profile_images/1838154739886022656/etjcwR2Z_normal.jpg,false,false
Catrina,Catrina1966951,'1837583107198754816',false,2024-09-21 23:02:10,"🌊🏄‍♀️ I'm a wave-riding, ocean-loving, adventure-seeker! 🌊🏄‍♀️ #SurfSister #LiveWave #SaltySoul",3,0,1,2,San Diego,1,https://www.twitter.com/Catrina1966951,https://pbs.twimg.com/profile_images/1838251483462045696/qaggvKzp_normal.jpg,false,false
Latres,Latres27,'1838247374441103360',false,2024-09-23 19:02:01,,0,0,13,0,,0,https://www.twitter.com/Latres27,https://pbs.twimg.com/profile_images/1838247554821058561/d5-jwrA3_normal.jpg,false,false
BarNey,barneyblaster_,'728713689977737218',false,2016-05-07 01:30:57,pfp by @shoichii_,566,176,727,3209,"Scranton, PA",10,https://www.twitter.com/barneyblaster_,https://pbs.twimg.com/profile_images/1425901889745526796/oKqktwHg_normal.jpg,false,false
Conni Yuh,Yuh7886,'1838250289352368128',false,2024-09-23 19:13:36,,0,0,2,0,,0,https://www.twitter.com/Yuh7886,https://pbs.twimg.com/profile_images/1838250372768337920/0cuxMmi__normal.png,false,false
Estefany Cardozo,EstefanyCa52753,'1838250296130093056',false,2024-09-23 19:13:47,,0,1,62,0,,0,https://www.twitter.com/EstefanyCa52753,https://pbs.twimg.com/profile_images/1838250421183246336/-SeR6SL__normal.png,false,false
Sew Acha,acha_sew3700,'1838248490008272896',false,2024-09-23 19:07:47,,0,0,3,0,,0,https://www.twitter.com/acha_sew3700,https://pbs.twimg.com/profile_images/1838249226410610690/XcUI-1hP_normal.jpg,false,false
Crystal Graham,gr31434,'1838249214112927744',false,2024-09-23 19:09:22,"sexy model ❤️ love attending concert pet lover, follow me will follow back less ego🐀🐁⛱️",4,5,158,232,,3,https://www.twitter.com/gr31434,https://pbs.twimg.com/profile_images/1838253108406755328/cL_M20A0_normal.jpg,false,false
Allen Mike,wxdywxyn,'1838248702902935552',false,2024-09-23 19:07:16,,0,0,6,0,,0,https://www.twitter.com/wxdywxyn,https://pbs.twimg.com/profile_images/1838248779801354240/6d8sem0a_normal.png,false,false
JMSB,JMSB1523,'1838249664933400576',false,2024-09-23 19:10:56,,0,0,18,0,,0,https://www.twitter.com/JMSB1523,https://pbs.twimg.com/profile_images/1838249948514582528/DSXyDo1f_normal.jpg,false,false
NEWNORMFAN47,newnormfan27451,'1838249811004309504',false,2024-09-23 19:11:29,im the biggest new norm fan. I goon to new norm! #newnormaintthesameastheoldnorm #freediddy!,6,0,14,5,springfield ohio,0,https://www.twitter.com/newnormfan27451,https://pbs.twimg.com/profile_images/1838255123677487110/qkfpiwQ7_normal.jpg,false,false
Roselys Rios,RoselysRT2899,'1838249195280412672',false,2024-09-23 19:09:09,,0,1,12,0,,0,https://www.twitter.com/RoselysRT2899,https://pbs.twimg.com/profile_images/1838249253354754048/-oehVgYf_normal.png,false,false
Terrius Crimiel,SlumppedCrim,'1838248963532836864',false,2024-09-23 19:08:13,,0,0,7,0,,0,https://www.twitter.com/SlumppedCrim,https://pbs.twimg.com/profile_images/1838249016624300033/02t32-3a_normal.jpg,false,false
Allan Kabengele,Kab_All03,'1838249033598480384',true,2024-09-23 19:08:37,,0,0,153,86,,0,https://www.twitter.com/Kab_All03,https://abs.twimg.com/sticky/default_profile_images/default_profile_normal.png,false,false
Abdiel Texeira,texabdiel24,'1838242806504042496',false,2024-09-23 18:59:45,,0,0,16,0,,0,https://www.twitter.com/texabdiel24,https://pbs.twimg.com/profile_images/1838247843808587776/vXZAxpWO_normal.jpg,false,false
Futbolmodesto,magicfutbol10,'1838245581799432192',false,2024-09-23 18:54:43,,1,0,67,8,,0,https://www.twitter.com/magicfutbol10,https://pbs.twimg.com/profile_images/1838247328001441792/eMxRddR0_normal.jpg,false,false
林观,linggggging,'1838248062508298240',false,2024-09-23 19:06:41,,0,7,36,0,,0,https://www.twitter.com/linggggging,https://pbs.twimg.com/profile_images/1838248669684080641/eLjYg4es_normal.jpg,false,false
Nicholas,wocsr6,'1464116163164713002',false,2021-11-26 08:18:00,,12,60,117,79,,0,https://www.twitter.com/wocsr6,https://abs.twimg.com/sticky/default_profile_images/default_profile_normal.png,false,false
Jameika,MekJuice,'1838248428792340480',false,2024-09-23 19:06:01,,6,6,36,0,,0,https://www.twitter.com/MekJuice,https://pbs.twimg.com/profile_images/1838248627778486272/gJ9R_YO2_normal.jpg,false,false
Isaiah Fisher,fisher_isa54358,'1832606779932356608',false,2024-09-08 05:28:11,,0,1,8,0,,0,https://www.twitter.com/fisher_isa54358,https://abs.twimg.com/sticky/default_profile_images/default_profile_normal.png,false,false
zyan,sirzyan,'845789176704520192',true,2017-03-26 02:07:08,yea i tweet inconsistently,224,435,74,270,,10,https://www.twitter.com/sirzyan,https://pbs.twimg.com/profile_images/1302613685786095617/50D6Wqbk_normal.jpg,false,false
hunter zhu,HunterZhu90,'1838248118044991489',false,2024-09-23 19:04:55,,0,1,16,0,,0,https://www.twitter.com/HunterZhu90,https://pbs.twimg.com/profile_images/1838248189616590848/L-iQ_-QE_normal.png,false,false
Kome peter,Adheyakome,'1838246708905684992',false,2024-09-23 18:59:19,Glorious Child 🪐,0,7,64,3,"Abuja, Nigeria",0,https://www.twitter.com/Adheyakome,https://pbs.twimg.com/profile_images/1838248068937871361/XloJEsq4_normal.jpg,false,false
ELPHAS CHELAL,ElphasChel50230,'1838246974858096640',false,2024-09-23 19:02:39,,0,1,73,0,,0,https://www.twitter.com/ElphasChel50230,https://pbs.twimg.com/profile_images/1838247619400749056/CduP2ntK_normal.png,false,false
Jackson,Jacksonville627,'1779958305894338560',false,2024-04-15 22:42:36,"الثقة في الله نجاح....,

 God's very own",978,381,226,3017, Twitter ,50,https://www.twitter.com/Jacksonville627,https://pbs.twimg.com/profile_images/1807669737217789952/o478RqAV_normal.jpg,false,false
same sagr,NsarSaree99249,'1772814851041042432',false,2024-03-27 04:36:27,,0,354,2133,5,,0,https://www.twitter.com/NsarSaree99249,https://pbs.twimg.com/profile_images/1772814913875902464/fZyBPad1_normal.png,false,false
Aung,Aung42631346245,'1838246079663689728',false,2024-09-23 18:57:01,,0,2,91,0,,0,https://www.twitter.com/Aung42631346245,https://pbs.twimg.com/profile_images/1838249018368856065/Yx4bbeU8_normal.jpg,false,false
Zahid Zahid,ZahidZahid80369,'1838248018874667008',false,2024-09-23 19:04:37,,0,0,3,0,,0,https://www.twitter.com/ZahidZahid80369,https://pbs.twimg.com/profile_images/1838248115226218496/refEl_jM_normal.png,false,false
Daniel Munden,danielmunden50,'1838247470125506560',false,2024-09-23 19:02:49,,0,0,4,0,,0,https://www.twitter.com/danielmunden50,https://pbs.twimg.com/profile_images/1838247660425191424/yBoD6M-o_normal.jpg,false,false
赖育彬,FlawArp1234,'1838247595610865664',false,2024-09-23 19:02:47,,0,1,8,0,,0,https://www.twitter.com/FlawArp1234,https://pbs.twimg.com/profile_images/1838247781515022336/NwlHE2Y7_normal.jpg,false,false
yu ze k,yuzek398018,'1838020322961854464',false,2024-09-23 03:59:37,分享日常🌄,2,0,16,64,,0,https://www.twitter.com/yuzek398018,https://pbs.twimg.com/profile_images/1838020587161042944/yykNpV-l_normal.jpg,false,false
Jess,JstarrJ18,'1838247201232793600',false,2024-09-23 19:01:09,,0,1,15,0,,0,https://www.twitter.com/JstarrJ18,https://pbs.twimg.com/profile_images/1838247297626345473/q3zc9IjY_normal.jpg,false,false
Yama Noori,YamaNoori446274,'1757669739261034496',false,2024-02-14 09:35:20,,0,1,26,3,,0,https://www.twitter.com/YamaNoori446274,https://pbs.twimg.com/profile_images/1757669841979514880/tmDI3Y6X_normal.jpg,false,false
Candice Griswould,CandiG87,'1838247098136854528',false,2024-09-23 19:00:47,,0,1,27,0,,0,https://www.twitter.com/CandiG87,https://abs.twimg.com/sticky/default_profile_images/default_profile_normal.png,false,false
ceaser,GoteraCeaser,'1701660401648214016',false,2023-09-12 21:13:55,,4,89,120,17,new jersey,1,https://www.twitter.com/GoteraCeaser,https://pbs.twimg.com/profile_images/1701660453296836608/yM3EnY7U_normal.jpg,false,false
janis,janis_854,'1838246682774953984',false,2024-09-23 19:00:24,,4,1,15,0,,0,https://www.twitter.com/janis_854,https://pbs.twimg.com/profile_images/1838247261563760640/NSX8-4lX_normal.jpg,false,false
Nusret-,NKtasl,'857242844993650688',true,2017-04-26 17:39:55,,0,3,63,21,,0,https://www.twitter.com/NKtasl,https://pbs.twimg.com/profile_images/1663375085875478528/HF5MKDLd_normal.jpg,false,false
Juana,Juanazaro_,'1837565632587747332',false,2024-09-21 21:52:43,,0,0,1,0,,0,https://www.twitter.com/Juanazaro_,https://pbs.twimg.com/profile_images/1837565653991002113/5ERas10k_normal.jpg,false,false
Mohammad rased,Mohammadra31299,'1838246753931313152',false,2024-09-23 18:59:29,,0,1,35,0,,0,https://www.twitter.com/Mohammadra31299,https://pbs.twimg.com/profile_images/1838246822982430720/p9obtT8j_normal.png,false,false
Jeffery Bez🥸🧠,abirem_kingkong,'1574404644310228996',false,2022-09-26 17:25:33,@blacksherif_ \\ @realmadriden \\ a serious unreasonable Messi/ronaldo arguement king 😂,1239,295,292,4233,in your house,4,https://www.twitter.com/abirem_kingkong,https://pbs.twimg.com/profile_images/1688966221113282560/TlMpKluj_normal.jpg,false,false
Charles,Charles75091087,'1838245758128226304',false,2024-09-23 18:55:28,,0,1,15,0,,0,https://www.twitter.com/Charles75091087,https://abs.twimg.com/sticky/default_profile_images/default_profile_normal.png,false,false
usabankservice1,usabankservice6,'1838243754521825280',false,2024-09-23 18:53:20,This service provides a {Non-Drop PVA }account permanently and the organization is with a large group Works which initiates work,3,0,54,0,United States,3,https://www.twitter.com/usabankservice6,https://pbs.twimg.com/profile_images/1838247051831975936/5ZfmjoDz_normal.jpg,false,false
cody,cody996633,'1837685525387329536',false,2024-09-22 05:49:17,,0,8,48,0,,0,https://www.twitter.com/cody996633,https://pbs.twimg.com/profile_images/1837685664797589504/pzVJokpL_normal.jpg,false,false
Damon,Damon148432,'1838198683797438464',false,2024-09-23 15:48:26,,0,0,63,15,,0,https://www.twitter.com/Damon148432,https://abs.twimg.com/sticky/default_profile_images/default_profile_normal.png,false,false
Denise Johnson,DeniseJohn89002,'1838243776458088448',false,2024-09-23 18:47:52,,0,0,25,0,,0,https://www.twitter.com/DeniseJohn89002,https://abs.twimg.com/sticky/default_profile_images/default_profile_normal.png,false,false
Kazuho Kawaguchi,KazKaw2024,'1837589336063463425',false,2024-09-21 23:27:09,,0,0,6,0,,0,https://www.twitter.com/KazKaw2024,https://abs.twimg.com/sticky/default_profile_images/default_profile_normal.png,false,false
Kasule Simon,kasulesimon46,'1838245249065369600',false,2024-09-23 18:54:01,,0,1,24,0,,0,https://www.twitter.com/kasulesimon46,https://pbs.twimg.com/profile_images/1838245445333581824/JpoG7if__normal.png,false,false
AngrySpongeyBoy,SwimSuitSponge,'1726112423478800384',false,2023-11-19 07:37:42,🧽,7138,352,708,5025,"Dayton, OH",849,https://www.twitter.com/SwimSuitSponge,https://pbs.twimg.com/profile_images/1836880742363578368/kJORZxKT_normal.jpg,false,false
Jojo Kisaka,jonijoabdalah,'1838244199923138560',false,2024-09-23 18:49:39,,0,2,84,0,,0,https://www.twitter.com/jonijoabdalah,https://pbs.twimg.com/profile_images/1838244345301843968/D3Y7GKkH_normal.png,false,false
Manuel Louis,loui41048,'1837332223537594368',false,2024-09-21 06:25:44,,1,1,90,0,,0,https://www.twitter.com/loui41048,https://pbs.twimg.com/profile_images/1837332359072395264/ZuNBzZ85_normal.png,false,false
angel de lion,angeldelio3784,'1838245508504252417',false,2024-09-23 18:54:36,,0,1,50,0,,0,https://www.twitter.com/angeldelio3784,https://pbs.twimg.com/profile_images/1838247261794672641/ZEtNUyOW_normal.jpg,false,false
祥,xing22231291204,'1725141020197965824',false,2023-11-16 15:17:44,,0,0,6,0,,0,https://www.twitter.com/xing22231291204,https://pbs.twimg.com/profile_images/1725141100049186816/KkusD3Ky_normal.jpg,false,false
Whitley Eiland,Beauty_JhoLei,'1838242077852729344',false,2024-09-23 18:40:57,,0,5,47,1,,0,https://www.twitter.com/Beauty_JhoLei,https://pbs.twimg.com/profile_images/1838242351979835392/7uL-o-8-_normal.jpg,false,false
