﻿name,username,userId,can_dm,created_at,bio,tweets_count,followers_count,following_count,favourites_count,location,media_count,profile_url,avatar_url,verified,blue_verified
Cam Moore,Deacon_CamEsco,'1572414525005271040',true,2022-09-21 05:37:10,,44,261,451,13,,1,https://www.twitter.com/Deacon_CamEsco,https://pbs.twimg.com/profile_images/1572414604181143552/kOm1qcPg_normal.jpg,false,false
Maricuta,3maricuta_xyz,'445377636',false,2011-12-24 12:02:41,"Adventure Seeker 🏵️ Pioneer in using technology for wildlife conservation 
Digital dimension diver | Interior design maven 🏡",1,11,22,24,"Jakarta, Indonesia",0,https://www.twitter.com/3maricuta_xyz,https://pbs.twimg.com/profile_images/1837100309593669633/eibxuIO4_normal.jpg,false,false
Pankaj Yadav,PankajY46375165,'1837717480430882816',false,2024-09-22 07:56:20,,4,0,23,8,Bihar (Ara ),0,https://www.twitter.com/PankajY46375165,https://pbs.twimg.com/profile_images/1837720451189190656/3D-maI_R_normal.jpg,false,false
Anya,__3vetanyaaa,'3054092576',false,2015-03-02 02:08:21,Digital Currency Strategist ®️ Crafting handmade wonders for a touch of uniqueness 🐶 Fitness fanatic 💪 🍄 Green thumb guru,184,92,165,269,,7,https://www.twitter.com/__3vetanyaaa,https://pbs.twimg.com/profile_images/1831996303670210560/c1jYrRqK_normal.jpg,false,false
Lucifer univeso,B83299Brujo,'1832688660569026560',false,2024-09-08 10:53:55,,96,30,26,69,,5,https://www.twitter.com/B83299Brujo,https://pbs.twimg.com/profile_images/1832688805448708099/rwpuMptp_normal.png,false,false
yunrou,yunrou_Cellin,'1837545321435746310',false,2024-09-21 20:32:13,,3,5,18,7,,1,https://www.twitter.com/yunrou_Cellin,https://pbs.twimg.com/profile_images/1837546176092295168/Qbj_ZZlK_normal.jpg,false,false
사이보그인간,JJE03LL,'1150296132905340929',false,2019-07-14 09:49:04,인생에 컨텐츠가 부족함,102075,100,548,16780,닉네임: 쩔 / 뻘,8617,https://www.twitter.com/JJE03LL,https://pbs.twimg.com/profile_images/1819208655646216195/9HOHA4oE_normal.jpg,false,false
Khalil “King” Wane Jr.,Khalilwanejr,'1798851230866796544',true,2024-06-07 01:56:04,"Ibrahim Mamadou Almami Wane Jr. , Born in Senegal.",1,60,200,33,,0,https://www.twitter.com/Khalilwanejr,https://pbs.twimg.com/profile_images/1798851381249372160/4Wkkhswd_normal.jpg,false,false
Warren Gordon,Touchthegold,'1829992838886506496',true,2024-09-01 00:21:29,"Married to Wife, Doctor, Martial Artist Fitness Trainer, Motivational Speaker, Professor USC University Alumni. Author, Former NFL Analyst.",1054,62,255,922,"Nevada, USA",171,https://www.twitter.com/Touchthegold,https://pbs.twimg.com/profile_images/1838023101067468800/k3qNBIOR_normal.jpg,false,false
Naoki tennis,DYAuXNaYkv9366,'1837660062686593024',false,2024-09-22 04:08:16,,1,3,60,11,,0,https://www.twitter.com/DYAuXNaYkv9366,https://abs.twimg.com/sticky/default_profile_images/default_profile_normal.png,false,false
Haseeb 💫🇵🇰,HASEEB5166,'1704178941253021696',false,2023-09-19 20:02:05,لا الہ الا اللہ محمد الرسول اللہ,76,4,96,201,"Doha, Qatar",4,https://www.twitter.com/HASEEB5166,https://pbs.twimg.com/profile_images/1838380194400247808/SYGUNNEM_normal.jpg,false,false
Lolo,Loloisabeaty,'1447739951043465223',false,2021-10-12 04:44:45,,55,82,365,370,,0,https://www.twitter.com/Loloisabeaty,https://pbs.twimg.com/profile_images/1447740141901058048/zG5_Rny3_normal.jpg,false,false
卡拉,XilianZ,'15516020',true,2008-07-21 18:16:49,卡拉是条狗,625,43,186,15,People's Republic of China,46,https://www.twitter.com/XilianZ,https://pbs.twimg.com/profile_images/1040899496845094912/EI01Cp0e_normal.jpg,false,false
行晚🐥,yaguang012,'1837598418434469888',false,2024-09-22 00:03:12,但願🍁︷ 筷楽吥ご停歇 悲傷吥再鯠 ＂._,0,6,121,0,重慶,0,https://www.twitter.com/yaguang012,https://pbs.twimg.com/profile_images/1837598573539794944/4RIqxtNZ_normal.jpg,false,false
Slawomir K,Zdroje,'90836640',true,2009-11-18 11:37:13,Nie jestem na tyle sprytny żeby kłamać- Prezydent Ronald Reagan,18888,481,1144,5281,Polska,2680,https://www.twitter.com/Zdroje,https://pbs.twimg.com/profile_images/1760232166162640896/bZl1rYwj_normal.jpg,false,false
Pedro Santiago Boeri,santiago_b88026,'1830056079738159104',false,2024-09-01 04:32:56,,20,4,48,120,,13,https://www.twitter.com/santiago_b88026,https://pbs.twimg.com/profile_images/1838257969034588162/hX-hOCl9_normal.jpg,false,false
Shaheem Najih,najifudeen,'1789571453773381632',false,2024-05-12 11:21:08,Left wing,30,30,908,25,Sri Lanka,8,https://www.twitter.com/najifudeen,https://pbs.twimg.com/profile_images/1813590352353443840/Q8loJ4YQ_normal.jpg,false,false
xiwen yu,xiwen_yu2008,'1837504943378649089',false,2024-09-21 17:51:59,,1,4,9,0,,0,https://www.twitter.com/xiwen_yu2008,https://pbs.twimg.com/profile_images/1837505058709426177/SZvFqpie_normal.png,false,false
Carson,carsytime,'1820229494822858752',false,2024-08-05 01:45:17,"I navigate life as an independent, single, cat owner, healthcare worker, college student, and mother. VOTE DONALD TRUMP 🇺🇸",863,143,909,9516,"Arizona, USA",40,https://www.twitter.com/carsytime,https://pbs.twimg.com/profile_images/1837226142950117381/sO7zeXLn_normal.jpg,false,false
Kam,Kamusoma,'1825253490936909824',false,2024-08-18 22:28:55,,0,7,236,38,,0,https://www.twitter.com/Kamusoma,https://pbs.twimg.com/profile_images/1837650408870756352/HFhjWBeu_normal.jpg,false,false
Alexander,americandeutsch,'4754638882',false,2016-01-09 15:09:13,,238,3,44,929,,49,https://www.twitter.com/americandeutsch,https://pbs.twimg.com/profile_images/685815330879442944/a5ULbiZq_normal.jpg,false,false
Joaquín,joaacoock,'1125489225091178501',false,2019-05-06 22:55:16,,0,5,100,252,,0,https://www.twitter.com/joaacoock,https://abs.twimg.com/sticky/default_profile_images/default_profile_normal.png,false,false
David Ricardo,davidricardo04,'157731505',false,2010-06-20 21:05:17,,89,71,469,226,Colombia,0,https://www.twitter.com/davidricardo04,https://pbs.twimg.com/profile_images/745568305163931648/e0YBmuiC_normal.jpg,false,false
Anónimo,anonimorguez,'1829139650683797504',false,2024-08-29 15:51:33,,0,5,32,0,,0,https://www.twitter.com/anonimorguez,https://pbs.twimg.com/profile_images/1829139830271336448/afjFJGt1_normal.png,false,false
Vivek,Vivek8538745633,'1835860198571008000',false,2024-09-17 04:56:12,,0,2,594,0,"Melbourne, Victoria",0,https://www.twitter.com/Vivek8538745633,https://abs.twimg.com/sticky/default_profile_images/default_profile_normal.png,false,false
Joseph Pinzone,pinzone_joseph,'1599938953678712832',false,2022-12-06 03:29:42,"Philosophizing, voicing opinions and raising awareness in real topics
https://t.co/GhsTSr5CFz",134,40,416,145,"West Footscray, Melbourne",66,https://www.twitter.com/pinzone_joseph,https://pbs.twimg.com/profile_images/1837619716208447492/PknGusQe_normal.jpg,false,false
Rakesh konwarr305@gmail.com,konwarr30571537,'1837605450965307393',false,2024-09-22 00:31:31,,0,3,38,0,,0,https://www.twitter.com/konwarr30571537,https://abs.twimg.com/sticky/default_profile_images/default_profile_normal.png,false,false
Glassmoist 🇸🇪🇺🇦 #Fella,Dude18911,'1625442956403417091',false,2023-02-14 12:33:11,"Following the events in and around the war in Ukraine.
I’m trying to find historical context for what's going on

Support Ukraine!",3699,4220,4747,16038,,362,https://www.twitter.com/Dude18911,https://pbs.twimg.com/profile_images/1650041396714172420/iL4LfNIs_normal.jpg,false,true
Berat Ergün,beraterrgun,'1322970144600195074',true,2020-11-01 20:34:05,"@galatasaraysk
@manutd
@futesportsgg",28,20,400,1906,,9,https://www.twitter.com/beraterrgun,https://pbs.twimg.com/profile_images/1837602765658353664/XIjXsQRj_normal.jpg,false,false
teresa,mtpsbf,'1754946710894149632',false,2024-02-06 21:15:03,,3,5,24,18,,0,https://www.twitter.com/mtpsbf,https://pbs.twimg.com/profile_images/1754946826250100736/Wyz3wbqj_normal.png,false,false
DDO,DiegoDO_76,'1412462244819091460',false,2021-07-06 20:24:03,,0,73,198,11,,0,https://www.twitter.com/DiegoDO_76,https://pbs.twimg.com/profile_images/1807417309839159296/vQ5wvbHw_normal.jpg,false,false
David Gee,DavidGeeWizz32,'1837551499704258561',false,2024-09-21 20:57:24,,0,7,50,0,,0,https://www.twitter.com/DavidGeeWizz32,https://pbs.twimg.com/profile_images/1837552457666252800/ulldKzSh_normal.jpg,false,false
Pablo Orlando,PabloPOP1111,'1680563766394486786',false,2023-07-16 16:04:15,,110,150,91,30,,0,https://www.twitter.com/PabloPOP1111,https://pbs.twimg.com/profile_images/1680564431862878210/CmZ15NsW_normal.jpg,false,false
Siddartha Vigil 🐦,SiddyVC01,'1692042486535929857',false,2023-08-17 08:16:26,"Escritor, poeta y soñador.
Fiel creyente del amor a la persona. No, a sus pertenencias.",123,9,159,55,,5,https://www.twitter.com/SiddyVC01,https://pbs.twimg.com/profile_images/1835546573184315392/lLORBwWl_normal.jpg,false,false
Jenna,Jklois_80,'884638392465723393',false,2017-07-11 08:00:03,,41,13,72,3038,,2,https://www.twitter.com/Jklois_80,https://pbs.twimg.com/profile_images/1337415741604323333/WgTRnAkd_normal.jpg,false,false
Raquel Moreno López,RaquelitaIM,'1802000118314315776',false,2024-06-15 18:28:22,Tout se paie ici.,385,349,1203,0,,334,https://www.twitter.com/RaquelitaIM,https://pbs.twimg.com/profile_images/1833196050644914176/uYJC1v9U_normal.jpg,false,false
Brandt Rollins,RollinsBniba,'1708943870363635712',false,2023-10-02 23:36:01,,0,3,20,1,,0,https://www.twitter.com/RollinsBniba,https://pbs.twimg.com/profile_images/1708943945185873920/GKd1_yXj_normal.png,false,false
R. C.P.,RCP65871018rosa,'1433113193358970886',true,2021-09-01 20:03:30,gerocultora .hostelería comercio . ventas rrpp,2151,386,436,3291,andalucia,143,https://www.twitter.com/RCP65871018rosa,https://pbs.twimg.com/profile_images/1780298084842385408/hiGFzIo4_normal.png,false,false
Weimolim,weimolim46352,'1766329076485111808',false,2024-03-09 07:04:27,,0,5,13,0,,0,https://www.twitter.com/weimolim46352,https://abs.twimg.com/sticky/default_profile_images/default_profile_normal.png,false,false
zazoue,AnneIsabel78066,'1665155242676174858',false,2023-06-04 03:35:59,,2,29,484,223,,0,https://www.twitter.com/AnneIsabel78066,https://pbs.twimg.com/profile_images/1665157320131633154/_h66N0cb_normal.jpg,false,false
Boris Bladimir Figueroa Barrietos,BarrietosBoris,'1635234341902069762',false,2023-03-13 13:00:52,,1,357,4050,6233,,0,https://www.twitter.com/BarrietosBoris,https://pbs.twimg.com/profile_images/1635234465541677056/Avv91lBs_normal.png,false,false
GARCHEV,GARCHEV1953844,'1837530716957298688',false,2024-09-21 19:35:55,,0,3,41,0,,0,https://www.twitter.com/GARCHEV1953844,https://abs.twimg.com/sticky/default_profile_images/default_profile_normal.png,false,false
Tony OKIELI,OkieliTony66317,'1742445388898897920',false,2024-01-03 09:19:28,,3,171,886,235,,0,https://www.twitter.com/OkieliTony66317,https://pbs.twimg.com/profile_images/1742445558558568448/FyLsc_Ka_normal.png,false,false
Josep Torm,JosepTorm5,'1493610473337626626',false,2022-02-15 17:38:04,"Harto de incultos, paletos y vendedores de pociones",42,15,26,55,,0,https://www.twitter.com/JosepTorm5,https://pbs.twimg.com/profile_images/1493610570632863750/uibNfaSK_normal.png,false,false
shibu,ImDahDude_69,'1444288133479100420',true,2021-10-02 16:08:35,,4,27,47,299,,1,https://www.twitter.com/ImDahDude_69,https://pbs.twimg.com/profile_images/1719054897461821440/0l0UaO2v_normal.jpg,false,false
Sathish_vbz,Sathish_VBZz,'1006457159607914496',false,2018-06-12 11:44:20,I mN E v i t a b l e. 💪🏼,175,78,770,1000,,1,https://www.twitter.com/Sathish_VBZz,https://pbs.twimg.com/profile_images/1640743684571533312/bpwUio4V_normal.jpg,false,false
Dr. Niyi,niyolus,'205253052',false,2010-10-20 16:15:02,Public health Physician,2531,95,832,754,,3,https://www.twitter.com/niyolus,https://pbs.twimg.com/profile_images/1373480500858400771/3CqeK3Hc_normal.jpg,false,false
MyCrafter199_YT,Crafter199YT,'1810249954138763264',true,2024-07-08 12:52:00,Soy un Crafteriano que escapo de Minecraft y ahora puedo estar conectado a Internet.,368,164,338,401,ᒲ⚍リ↸𝙹 ᓵ∷ᔑ⎓ℸ ̣ ᒷ∷╎ᔑリ𝙹,112,https://www.twitter.com/Crafter199YT,https://pbs.twimg.com/profile_images/1827081000490307584/3HJd-3gb_normal.jpg,false,false
Maria Ragusa,CptRogersGirl,'727920672920481794',false,2016-05-04 20:59:47,,21,13,70,204,,0,https://www.twitter.com/CptRogersGirl,https://pbs.twimg.com/profile_images/1832137200961568768/7BJYHPBl_normal.jpg,false,false
Azureuuu,Azureuuu_,'1476068141977399301',false,2021-12-29 07:51:03,,20,12,31,7,,0,https://www.twitter.com/Azureuuu_,https://pbs.twimg.com/profile_images/1820326954580508672/KKl8x3aa_normal.jpg,false,false
🐼🍓,_purplesnow,'1397534713',false,2013-05-02 18:54:05,🐻: 힘내지 않아도 좋아요 행복했으면 좋겠어요 ♡ 그냥 살아,12387,9,93,2301,neverland,2161,https://www.twitter.com/_purplesnow,https://pbs.twimg.com/profile_images/1500122067621924864/L7zNOupw_normal.jpg,false,false
bield_12,12Bield10428,'1837498074693840896',false,2024-09-21 17:24:33,,0,6,14,7,,0,https://www.twitter.com/12Bield10428,https://pbs.twimg.com/profile_images/1837498431092248576/bvkqWZcU_normal.jpg,false,false
paatsyer 1uk,paatsyer1uk,'1810672060093628416',false,2024-07-09 16:47:55,,0,24,37,0,,0,https://www.twitter.com/paatsyer1uk,https://pbs.twimg.com/profile_images/1810672235491037184/zNCxsJwF_normal.png,false,false
costa qiu,costa_qiu93513,'1828032201952288769',false,2024-08-26 14:30:25,,0,11,79,0,,0,https://www.twitter.com/costa_qiu93513,https://pbs.twimg.com/profile_images/1828032248441921537/1hLuPrXv_normal.png,false,false
LibrosManía (¡¡Que no te roben el tiempo!!),bernardezromero,'2578351301',false,2014-06-02 22:57:14,Blog de libros y acompañamiento empresarial,192,172,1623,147,,105,https://www.twitter.com/bernardezromero,https://pbs.twimg.com/profile_images/1814724402010800129/CIi8tgAx_normal.jpg,false,false
anajcastro,anajcastro008,'1779457358592180224',false,2024-04-14 13:31:23,,487,3,42,277,,0,https://www.twitter.com/anajcastro008,https://pbs.twimg.com/profile_images/1779575275103162368/bjls5QIi_normal.jpg,false,false
Botond,Botond190,'1837482410700685312',true,2024-09-21 16:22:34,,0,8,15,0,,0,https://www.twitter.com/Botond190,https://pbs.twimg.com/profile_images/1837539388265320449/0LezWtm1_normal.jpg,false,false
Ritish Kumar,ritish0008,'1826975020096086016',false,2024-08-23 16:31:35,,0,26,198,212,,0,https://www.twitter.com/ritish0008,https://pbs.twimg.com/profile_images/1826975756401971200/XhX922rm_normal.jpg,false,false
SMK,asdzzzqqq0,'1760546758000574464',false,2024-02-22 08:07:30,,0,32,56,0,,0,https://www.twitter.com/asdzzzqqq0,https://pbs.twimg.com/profile_images/1760546839168745472/q9DK05Gs_normal.png,false,false
송한결,songhan07964478,'1586581097747742721',false,2022-10-30 06:49:58,,15,45,156,27,대한민국 광주시,0,https://www.twitter.com/songhan07964478,https://pbs.twimg.com/profile_images/1801049625149022208/I7YKXgvh_normal.jpg,false,false
footzpage,footzpage,'1771599795364200448',false,2024-03-23 20:08:40,football news page| daily football news!,2,15,18,12,,2,https://www.twitter.com/footzpage,https://pbs.twimg.com/profile_images/1811788257279021058/42fnPRRs_normal.jpg,false,false
Riley Sandilands,RileyRFC551872,'1818630537302482944',false,2024-07-31 15:51:42,,5,30,51,616,,0,https://www.twitter.com/RileyRFC551872,https://abs.twimg.com/sticky/default_profile_images/default_profile_normal.png,false,false
Gökseli,gokselice7,'1455494492144943109',false,2021-11-02 13:18:44,〰️ bi’ arkadasa bakip cikicam,56,42,155,436,,5,https://www.twitter.com/gokselice7,https://pbs.twimg.com/profile_images/1778857359617449984/6jrulYrB_normal.jpg,false,false
Andres Cerda,ACerda_,'1829671374194958336',false,2024-08-31 03:04:07,,0,12,20,0,,0,https://www.twitter.com/ACerda_,https://pbs.twimg.com/profile_images/1829671472295473153/E_-MEwjW_normal.png,false,false
Donyduty,HarperYu_Seven,'1649336229866127364',true,2023-04-21 11:56:35,,0,0,269,59,"Wan Chai District, Hong Kong",0,https://www.twitter.com/HarperYu_Seven,https://pbs.twimg.com/profile_images/1649342731028951040/HRpe978X_normal.jpg,false,false
Nguyen Anh Tuan,NguyenA93990211,'1484788828141682692',false,2022-01-22 09:23:52,I’m a teacher,851,484,1659,36443,,2,https://www.twitter.com/NguyenA93990211,https://abs.twimg.com/sticky/default_profile_images/default_profile_normal.png,false,false
علي ستار,lystar14490207,'1487815003080216577',false,2022-01-30 17:49:03,,352,191,5473,5012,,18,https://www.twitter.com/lystar14490207,https://pbs.twimg.com/profile_images/1809008706904076288/PEsYNWD2_normal.jpg,false,false
Shivaay Rajak,ShivaayRaj1077,'1649074159203282946',true,2023-04-20 18:35:11,The batman,76,0,38,4219,,0,https://www.twitter.com/ShivaayRaj1077,https://pbs.twimg.com/profile_images/1649074239444602880/saM0PiB5_normal.jpg,false,false
Danieltrujilloman,esaboka,'1837441038425677824',false,2024-09-21 13:37:47,,0,0,6,0,,0,https://www.twitter.com/esaboka,https://abs.twimg.com/sticky/default_profile_images/default_profile_normal.png,false,false
Marta Moreno,MartaMoreno9876,'1835012942397403136',false,2024-09-14 20:50:43,,0,0,26,28,,0,https://www.twitter.com/MartaMoreno9876,https://pbs.twimg.com/profile_images/1835013322187350017/9Cgvnjpk_normal.jpg,false,false
Imran Maradun,Imejabs,'360588589',false,2011-08-23 16:06:06,Victorious & Ambitious!,95,115,1507,49551,"Federal Capital Territory, Nig",0,https://www.twitter.com/Imejabs,https://pbs.twimg.com/profile_images/1829249734491430913/pcmE7lG-_normal.jpg,false,false
MSQTWE,MSQTWE,'1837419019030151168',false,2024-09-21 12:10:19,,0,6,108,1,,0,https://www.twitter.com/MSQTWE,https://pbs.twimg.com/profile_images/1837419247808507904/Kyw0sUcP_normal.jpg,false,false
Fredrick Rono,R33668Rono,'1803825629277601792',false,2024-06-20 19:22:25,,0,29,64,0,,0,https://www.twitter.com/R33668Rono,https://pbs.twimg.com/profile_images/1803825745229230086/ue6VtV_m_normal.png,false,false
πολύτιμος 🇨🇩,PrecieuxBantu,'1566244272415903745',true,2022-09-04 04:59:24,A Blockchain Enthusiast & Crypto Investor; Owner of @africancryptop1 🌍. Don't be scared If you can dream it you can do it 🅿️,0,42,291,1849,"Congo, Kinshasa",0,https://www.twitter.com/PrecieuxBantu,https://pbs.twimg.com/profile_images/1569839993706659840/hwvuXwZw_normal.jpg,false,false
wats shill,ShillboFaggins,'838920373156610048',true,2017-03-07 03:12:58,china is asshoe,142,96,856,102,,14,https://www.twitter.com/ShillboFaggins,https://pbs.twimg.com/profile_images/1347781786311544840/ic6fKROz_normal.jpg,false,false
Mikegolfgolf,Maikgolfgolf,'1508293606326607874',true,2022-03-28 07:04:26,Respect,123,114,646,1392,,0,https://www.twitter.com/Maikgolfgolf,https://pbs.twimg.com/profile_images/1837079803792396288/lJQ7iGnB_normal.jpg,false,false
Pankaj,JaknapKs,'1822751337135702016',false,2024-08-12 00:46:20,,17,3,47,501,,0,https://www.twitter.com/JaknapKs,https://abs.twimg.com/sticky/default_profile_images/default_profile_normal.png,false,false
El pirata,Elpirata1110,'1834962162244100096',false,2024-09-14 17:27:53,,0,6,79,7,,0,https://www.twitter.com/Elpirata1110,https://abs.twimg.com/sticky/default_profile_images/default_profile_normal.png,false,false
verosanta0306@gmail.com,verosanta060345,'1820061331287855104',false,2024-08-04 14:37:10,,2,1,92,9,,0,https://www.twitter.com/verosanta060345,https://pbs.twimg.com/profile_images/1820061768334327808/YoaUq2-o_normal.jpg,false,false
Gullipalli Dhanalakshmi,Gullipalli9171,'1810830670857654274',false,2024-07-10 03:18:05,,1,42,412,2,,0,https://www.twitter.com/Gullipalli9171,https://pbs.twimg.com/profile_images/1810830822762762244/TrdN-jB3_normal.png,false,false
yosep rapinha,rafinha61767028,'1704364992680587264',true,2023-09-20 08:21:47,,0,1,593,818,,0,https://www.twitter.com/rafinha61767028,https://pbs.twimg.com/profile_images/1704365546815262720/VzdgBsfj_normal.jpg,false,false
지연,Jiyeonyy_,'964688908356173824',true,2018-02-17 04:32:13,แอคนี้มีแต่คนสวย ฟอร์อายมัมหมีปลอมน้อง #Punch4EVE #Aheye4EVE #4EVE สาววาย GL series หวีดไปทั่ว คิดดี ๆ ก่อนฟอล เดี๋ยวตกหลุมรักคนสวยไปด้วยกัน,56531,594,408,22587,"กรุงเทพมหานคร, ประเทศไทย",1098,https://www.twitter.com/Jiyeonyy_,https://pbs.twimg.com/profile_images/1836100221727838209/IPQMUnTe_normal.jpg,false,false
z,z31nax,'1689349114641707008',false,2023-08-09 21:53:25,,173,31,45,2935,,0,https://www.twitter.com/z31nax,https://pbs.twimg.com/profile_images/1835801096335306753/lUdkhnjE_normal.jpg,false,false
erick,Erick49661092,'1308939588765917184',false,2020-09-24 04:21:56,NO BYO YET,8,12,183,8018,,0,https://www.twitter.com/Erick49661092,https://pbs.twimg.com/profile_images/1770311704741560320/wuRCeaEv_normal.jpg,false,false
myla jane,mylajane_,'1837324253613424641',false,2024-09-21 05:53:47,,0,6,57,3,Bangalore,0,https://www.twitter.com/mylajane_,https://pbs.twimg.com/profile_images/1837344226943598592/PWkCRK8g_normal.jpg,false,false
あ,8mSA2Yp9LD63959,'1800876454596788226',false,2024-06-12 16:03:55,,4,1,74,7,,0,https://www.twitter.com/8mSA2Yp9LD63959,https://pbs.twimg.com/profile_images/1823309007333019648/GmP3ovDg_normal.jpg,false,false
Umesh Gahlot,ugahlot77,'1596200835838418944',false,2022-11-25 19:55:35,,0,28,157,43,,0,https://www.twitter.com/ugahlot77,https://pbs.twimg.com/profile_images/1596200942721855488/YmJV2XeQ_normal.png,false,false
alfre,Stanisman_3,'1801345698173964289',false,2024-06-13 23:07:44,,2,12,28,0,,0,https://www.twitter.com/Stanisman_3,https://pbs.twimg.com/profile_images/1837453862447276032/uW0SjdkE_normal.jpg,false,false
Pablo Torres,torres_pab71,'1837292152264519680',false,2024-09-21 03:46:13,"me gusta el tenis
es mi hobbie favorito",11,1,26,13,,0,https://www.twitter.com/torres_pab71,https://pbs.twimg.com/profile_images/1837292266123051008/j4dMdY7__normal.jpg,false,false
Ryotaro,taro264371,'1826207204703358976',false,2024-08-21 13:38:41,,0,10,17,0,,0,https://www.twitter.com/taro264371,https://pbs.twimg.com/profile_images/1826207288790786048/IpEtbgPp_normal.png,false,false
Giovanni Quesada,GiovanniQ66294,'1837271789745164288',false,2024-09-21 02:25:15,,0,0,16,7,,0,https://www.twitter.com/GiovanniQ66294,https://pbs.twimg.com/profile_images/1837271929151180803/eFx80b-y_normal.jpg,false,false
Christine Chevreuil,ChristineC27310,'1787610206530162690',false,2024-05-07 01:29:25,,3,22,185,9,,2,https://www.twitter.com/ChristineC27310,https://pbs.twimg.com/profile_images/1787610648509030400/y6DBcBZn_normal.png,false,false
Carlos Richard,CarlosR81123158,'1176603901845487618',false,2019-09-25 00:06:54,❤️💛,207,30,517,1624,,3,https://www.twitter.com/CarlosR81123158,https://pbs.twimg.com/profile_images/1747938009897488384/hvmpUI9w_normal.jpg,false,false
victory force,victoryforce2,'1200399669433528322',false,2019-11-29 15:02:48,powerful！toughness！eco,26,5,41,12,,0,https://www.twitter.com/victoryforce2,https://pbs.twimg.com/profile_images/1200401261100597250/l-ucq2Ey_normal.jpg,false,false
Mohamed Alhadi,mohamed_al34035,'1823757431677362176',false,2024-08-14 19:24:38,الوطن اينما تعيش امي❤️,43,81,1112,359,,0,https://www.twitter.com/mohamed_al34035,https://pbs.twimg.com/profile_images/1823757854366404608/WR1xvFE7_normal.jpg,false,false
Lord Meyers,RODRIIIIIIII789,'1641929313879568385',false,2023-04-01 01:24:13,,0,5,45,104,,0,https://www.twitter.com/RODRIIIIIIII789,https://pbs.twimg.com/profile_images/1641929417617289216/r09zshvi_normal.png,false,false
🏹ALi Bzz,AlqahtaneiAli,'1150788988174786560',true,2019-07-15 18:27:30,,213,165,1560,83572,المملكة العربية السعودية,20,https://www.twitter.com/AlqahtaneiAli,https://pbs.twimg.com/profile_images/1801328270085951488/2cDgDxFI_normal.jpg,false,false
Ecem Onuk,OnukEcem61743,'1837233271626768384',false,2024-09-20 23:53:05,,0,3,11,43,,0,https://www.twitter.com/OnukEcem61743,https://pbs.twimg.com/profile_images/1837233544898166784/4cdEFtak_normal.png,false,false
Anne Leonard,AnneLeo72038368,'852884897874268160',false,2017-04-14 17:03:00,,45,39,243,21114,,2,https://www.twitter.com/AnneLeo72038368,https://abs.twimg.com/sticky/default_profile_images/default_profile_normal.png,false,false
8 ball prodigy,Jincob2,'1316448181085966336',false,2020-10-14 21:38:12,line up ladies,964,30,88,21,hollywood bowl ,44,https://www.twitter.com/Jincob2,https://pbs.twimg.com/profile_images/1663967054737621005/NjInzt8__normal.jpg,false,false
Raquel,bepositive3131,'1552680236692668419',false,2022-07-28 18:40:49,,114,5,50,17,,0,https://www.twitter.com/bepositive3131,https://pbs.twimg.com/profile_images/1552680487306645504/34FHmZyD_normal.png,false,false
Joana Margarida Isidoro,isidoro_jo63010,'1837211178050650112',false,2024-09-20 22:24:42,"👩‍⚕️Médica Veterinária de Animais de Companhia.  
📷 Fotógrafa de retrato autodidata.
 TRX Suspension Training.",0,4,89,5,Portugal ,0,https://www.twitter.com/isidoro_jo63010,https://pbs.twimg.com/profile_images/1838396057283149824/VGgD_zEv_normal.jpg,false,false
Manuel,fiufiu100000,'1832503917877301249',false,2024-09-07 22:39:27,,7,2,56,17,"Malaga, Andalusia",0,https://www.twitter.com/fiufiu100000,https://abs.twimg.com/sticky/default_profile_images/default_profile_normal.png,false,false
henry slik,henry_slik43864,'1822655308818182145',false,2024-08-11 18:25:15,,2,55,150,6,,0,https://www.twitter.com/henry_slik43864,https://pbs.twimg.com/profile_images/1822655527190761473/g1rRaJWa_normal.png,false,false
aleksandar karamishe,AKaramishe,'2469442419',false,2014-04-08 15:17:08,,18,35,27,1,,18,https://www.twitter.com/AKaramishe,https://abs.twimg.com/sticky/default_profile_images/default_profile_normal.png,false,false
Vinit Gole,Vinit_Gole_01,'1580925523630338051',false,2022-10-14 17:16:49,Science Voyager (In Dormant State),1428,83,257,5980,,84,https://www.twitter.com/Vinit_Gole_01,https://pbs.twimg.com/profile_images/1662341899582308359/YCjtpOxI_normal.jpg,false,false
Cat,CatofX,'1729854226841653248',false,2023-11-29 15:26:25,,0,7,38,1,.,0,https://www.twitter.com/CatofX,https://pbs.twimg.com/profile_images/1837311358569783296/mIsAkbaN_normal.jpg,false,false
Ace Richardson,AcesTennis07,'1837199180244086784',false,2024-09-20 21:36:46,Durant hs cls 2026 6’2 150lbs tennis/weightlifting,0,11,41,0,"Durant, OK",0,https://www.twitter.com/AcesTennis07,https://pbs.twimg.com/profile_images/1837199484058578944/wTn16aqV_normal.jpg,false,false
赖子昆,KunLai90250,'1836237338755670016',true,2024-09-18 05:54:42,,6,0,32,38,,0,https://www.twitter.com/KunLai90250,https://pbs.twimg.com/profile_images/1836237455713832960/dLoG2lkm_normal.jpg,false,false
fidel lozada,fidels77,'310256288',true,2011-06-03 16:02:30,,223,143,130,261,"Miami, FL",5,https://www.twitter.com/fidels77,https://pbs.twimg.com/profile_images/1602604846200365056/soiN7uTx_normal.jpg,false,false
simangaliso,simangalis4767,'1783577989306814464',false,2024-04-25 22:25:35,"family above everything 🙏 ❤️. 
man city 🩵🩵
🕊mom 🕊",0,2,21,463,,0,https://www.twitter.com/simangalis4767,https://pbs.twimg.com/profile_images/1783578220014514176/yIETJ6kQ_normal.jpg,false,false
Raissa,raissa_omg,'2243194194',false,2013-12-13 03:57:17,"DIY Gardener 🎖️ Mastering adulting like it`s a video game 🔻 Stargazing addict 
Espresso existentialist",33,100,201,401,horas medan,0,https://www.twitter.com/raissa_omg,https://pbs.twimg.com/profile_images/1827277214666145792/bPyCgfXX_normal.jpg,false,false
Shushiiii,shushiiii_san,'1837192939770105856',false,2024-09-20 21:11:57,,0,3,12,0,Japan,0,https://www.twitter.com/shushiiii_san,https://pbs.twimg.com/profile_images/1837192992815468544/c2TlMPuR_normal.jpg,false,false
jasper,sedsonjasper,'1775594558778122240',true,2024-04-03 21:42:31,,3536,846,1378,7385,,328,https://www.twitter.com/sedsonjasper,https://pbs.twimg.com/profile_images/1823745636052668416/HH1-QOcj_normal.jpg,false,false
philip Oglesby,oglesby64976,'1832969264485064705',false,2024-09-09 05:28:44,,157,41,117,1,,0,https://www.twitter.com/oglesby64976,https://pbs.twimg.com/profile_images/1832969357141405696/rD4kU9Lw_normal.png,false,false
PEDRO RAMON ORDOÑEZ PRADA,OrdonezPra27760,'1785061883399090176',true,2024-04-30 00:42:54,,0,2,125,51,,0,https://www.twitter.com/OrdonezPra27760,https://pbs.twimg.com/profile_images/1785062226908389376/5MSjCqjt_normal.jpg,false,false
Nikoloz Antadze,nikoloz_antadze,'1613881441846280193',false,2023-01-13 14:51:57,,0,11,240,0,,0,https://www.twitter.com/nikoloz_antadze,https://pbs.twimg.com/profile_images/1837172944109236224/AmykbF92_normal.jpg,false,false
Aarush S Garg,Aarush_i7,'1793121953966149632',false,2024-05-22 06:29:36,,1,0,36,74,,0,https://www.twitter.com/Aarush_i7,https://pbs.twimg.com/profile_images/1793184964542173184/y8egp2h5_normal.jpg,false,false
Adepegba Ibrahim,AdepegbaIb72359,'1778090607090491392',false,2024-04-10 19:02:13,Manager at mindset properties,1,4,243,4,"Lagos, Nigeria",0,https://www.twitter.com/AdepegbaIb72359,https://pbs.twimg.com/profile_images/1778091121123405825/1aBcml5n_normal.png,false,false
Mario Salmerón,LeoMarZ33,'1837163241740640256',false,2024-09-20 19:14:02,,0,15,216,1,,0,https://www.twitter.com/LeoMarZ33,https://pbs.twimg.com/profile_images/1837163320388067328/wL2PcN7m_normal.jpg,false,false
Emiliano Arnanz,ArnanzEmiliano,'1837172184730497025',false,2024-09-20 19:50:20,,0,0,4,0,,0,https://www.twitter.com/ArnanzEmiliano,https://pbs.twimg.com/profile_images/1837172455795814401/GzfFzkg1_normal.png,false,false
Johnson The Rock,anicet_adj80302,'1837023422511005696',true,2024-09-20 09:58:17,"FedEx company welcomes you to its home in Washington, America for FedEx donations",0,14,187,0,,0,https://www.twitter.com/anicet_adj80302,https://pbs.twimg.com/profile_images/1837172555846664192/JiATMf8a_normal.jpg,false,false
Saqlain Banarasi,SaqlainBanarasi,'1201962025120698369',false,2019-12-03 22:31:37,اللّٰہ اکبر,3200,155,513,2791,"Uttar Pradesh, India",94,https://www.twitter.com/SaqlainBanarasi,https://pbs.twimg.com/profile_images/1836347082891776000/4wHIs5Qj_normal.jpg,false,false
666jokin,666jokin,'1828131239645028352',false,2024-08-26 21:04:34,,0,86,665,1,,0,https://www.twitter.com/666jokin,https://pbs.twimg.com/profile_images/1828131441705734144/2ftF8BNM_normal.jpg,false,false
Ayesha Rafat,rafat_ayesha,'1480211477155901446',false,2022-01-09 18:15:57,,0,3,42,150,,0,https://www.twitter.com/rafat_ayesha,https://pbs.twimg.com/profile_images/1801260106732257280/R2HcY4UR_normal.jpg,false,false
Jovana,_2dgbjovana,'2285158890',false,2014-01-10 16:12:47,"Virtual Book Club Moderator 🎩 Founded EduConnect, linking students with mentorship hustle",24,23,64,251,,0,https://www.twitter.com/_2dgbjovana,https://pbs.twimg.com/profile_images/1819704898679697408/gEuzjPgo_normal.jpg,false,false
Kobby Sarkcess💰👑 @ManUntd🔴,LarryKwabena,'1050096030107209730',true,2018-10-10 21:49:38,Coolest kidd and easy to be with .i love sarkcess music .🎼Contact me for your prescribed and Affordable Lense 🕶 . I love Manchester United ♥️,794,2105,5070,104791,Old Traford manchester,56,https://www.twitter.com/LarryKwabena,https://pbs.twimg.com/profile_images/1575945564549775360/vV8VEnsV_normal.jpg,false,false
しろ,shiroishimone,'1807747850367119360',false,2024-07-01 15:09:17,よろしく,0,7,21,9,"Oirase-cho, Aomori",0,https://www.twitter.com/shiroishimone,https://pbs.twimg.com/profile_images/1807748939653001216/X1Cbvka3_normal.jpg,false,false
tangtang 2727,2727yan,'1816059146791534592',false,2024-07-24 13:34:12,,5,1,41,258,,0,https://www.twitter.com/2727yan,https://pbs.twimg.com/profile_images/1816059462798741504/I3ZDIGxR_normal.jpg,false,false
Eduardo Sandri,Eduardo11547767,'1741278123876818944',false,2023-12-31 04:00:38,,66,31,3816,39658,"Córdoba, Argentina",4,https://www.twitter.com/Eduardo11547767,https://pbs.twimg.com/profile_images/1837579321738661888/lTPH1cFI_normal.jpg,false,false
Krishu,KRISHU9875,'1601470664627847168',false,2022-12-10 08:55:52,,3,9,133,86,India,1,https://www.twitter.com/KRISHU9875,https://pbs.twimg.com/profile_images/1812427146486284289/g1ETP4_I_normal.jpg,false,false
Crazyjoker,Crazyjoker009,'1826964059943534592',false,2024-08-23 15:46:43,,61,68,331,2120,,0,https://www.twitter.com/Crazyjoker009,https://pbs.twimg.com/profile_images/1826964454245859328/71zDT6sp_normal.jpg,false,false
プイ,pukapUUka_ukabu,'1241772667352408064',true,2020-03-22 19:04:34,,5,10,78,0,,0,https://www.twitter.com/pukapUUka_ukabu,https://abs.twimg.com/sticky/default_profile_images/default_profile_normal.png,false,false
Aaya,aaya__4__,'454895754',false,2012-01-04 16:16:54,Plant Parent ♒️ Social Entrepreneur of the Year 🔸 Blockchain in education innovator 🔸 Green living champion,39,89,178,421,,0,https://www.twitter.com/aaya__4__,https://pbs.twimg.com/profile_images/1827264337636917249/uUSTCmby_normal.jpg,false,false
"Md,sahid",Mdsahid244722,'1837135964428455938',false,2024-09-20 17:26:15,"I am my MD Shahid, I live in Kolkata, I do tailoring work, I like watching music, cricket and tennis, I like playing.",75,21,68,95,,1,https://www.twitter.com/Mdsahid244722,https://pbs.twimg.com/profile_images/1837501203409698819/bkYayQ3B_normal.jpg,false,false
Alan Thomas,AlanTho48242067,'1836161590619463680',false,2024-09-18 00:53:46,,0,13,118,0,,0,https://www.twitter.com/AlanTho48242067,https://pbs.twimg.com/profile_images/1836161982887555072/Hj9kZNxl_normal.jpg,false,false
Cristina Nogal,CNogal52192,'1816849655944171520',true,2024-07-26 17:55:07,,0,0,80,0,,0,https://www.twitter.com/CNogal52192,https://pbs.twimg.com/profile_images/1816849738576384000/E0Uim8FU_normal.jpg,false,false
Erradi,erradi__4__,'300050694',false,2011-05-17 06:31:40,Personal Finance Prodigy 👁️‍🗨️ Tech tinkering pro,1,13,13,21,,0,https://www.twitter.com/erradi__4__,https://pbs.twimg.com/profile_images/1837113600571301888/We_soqPU_normal.jpg,false,false
Qwe,vjigf689,'1837134207690162177',false,2024-09-20 17:18:38,,1,5,22,0,,1,https://www.twitter.com/vjigf689,https://pbs.twimg.com/profile_images/1837134434908188672/2swKIEyr_normal.jpg,false,false
Chelsea,rendra69169,'1727971413653680128',false,2023-11-24 10:45:04,,0,0,8,0,,0,https://www.twitter.com/rendra69169,https://pbs.twimg.com/profile_images/1727972779583250432/yS3CmMHG_normal.jpg,false,false
maria ureña,mariaureamellad,'426795023',false,2011-12-02 20:13:02,,45,69,740,38,España,6,https://www.twitter.com/mariaureamellad,https://pbs.twimg.com/profile_images/655420096698064896/JwTXLwBX_normal.jpg,false,false
Adrián,Tox6q,'715749117146718209',false,2016-04-01 06:54:22,,81,141,549,51705,,6,https://www.twitter.com/Tox6q,https://pbs.twimg.com/profile_images/1813378318756098048/UShSNCF0_normal.jpg,false,false
wessam,jha0017js,'1801319281193299968',false,2024-06-13 21:22:51,,1,88,377,8046,,0,https://www.twitter.com/jha0017js,https://pbs.twimg.com/profile_images/1802255095528062977/D5T-H_Cj_normal.jpg,false,false
Tabatha,_tabathawp,'88951176',false,2009-11-10 17:32:13,Fitness Junkie 👨🏼‍🚀 Decentralized finance (DeFi) enthusiast,26,34,81,135,,0,https://www.twitter.com/_tabathawp,https://pbs.twimg.com/profile_images/1832299460405215232/fj7HISvy_normal.jpg,false,false
Greer,greerzilll,'1709946038',false,2013-08-29 15:47:05,"Weekend Warrior ◾️ Nailing the balancing act of work and play ⚙️ Curator of LocalFoodMarket, promoting local and sustainable food 
Live music lover",6,11,24,42,,0,https://www.twitter.com/greerzilll,https://pbs.twimg.com/profile_images/1837031841208946688/PvXpiOKy_normal.jpg,false,false
KARINA,KARINA915349637,'1827215692904407040',false,2024-08-24 08:25:58,気になっちゃう人に♥送ってます♥　えち写真見せ合い希望♡　詳細はこっちでお話しよう　https://t.co/DDPTJCEnCM,0,12,55,40,,0,https://www.twitter.com/KARINA915349637,https://pbs.twimg.com/profile_images/1827216297030995969/uhz_D8Xy_normal.jpg,false,false
Murali Gopal Muraleedharan,muraligopal_m,'1835527388798590977',false,2024-09-16 06:53:36,A materials scientist in my past life. Ready to take on world problems.,17,5,40,22,,1,https://www.twitter.com/muraligopal_m,https://pbs.twimg.com/profile_images/1835527626472984576/piwEk2q__normal.jpg,false,true
Ieltxu Flores Perez,ieltxuflores,'1837098708120309760',false,2024-09-20 14:58:02,,0,3,51,0,,0,https://www.twitter.com/ieltxuflores,https://pbs.twimg.com/profile_images/1837098895232618498/eXV7U0Wf_normal.png,false,false
AleTorEsc,AleT0rs3sc,'1729025905849225216',true,2023-11-27 08:38:53,,35,254,1798,12331,,0,https://www.twitter.com/AleT0rs3sc,https://pbs.twimg.com/profile_images/1729027721831854080/gBF_veEM_normal.jpg,false,false
Kimberly Rogers,kimberly_1ltccc,'2402245414',false,2014-03-11 15:32:13,exBasktball Player | NFT enthusiastic & promoter | Join my community & get prepaired for huge gains #BabyDogeCoin,32,236,87,400,,0,https://www.twitter.com/kimberly_1ltccc,https://pbs.twimg.com/profile_images/1827152647880638464/U02yli-W_normal.jpg,false,false
黄芪,69huang69,'1833725168696610816',false,2024-09-11 07:32:16,,0,4,26,0,,0,https://www.twitter.com/69huang69,https://abs.twimg.com/sticky/default_profile_images/default_profile_normal.png,false,false
Smail Miehe,7smail_uniPWN,'3023849487',false,2015-02-07 22:57:24,"Poetry Enthusiast 🌐 Originator of a smart contract framework for real estate transactions 
Barroom alchemist ♒️ Cozy corner commander 🛋️",103,149,319,951,,4,https://www.twitter.com/7smail_uniPWN,https://pbs.twimg.com/profile_images/1819905040301068288/JZVsz8vt_normal.jpg,false,false
oeiss,lolw8809,'1376075388',false,2013-04-24 06:43:02,happiness,32030,520,5648,91183,"Okinawa-shi, Okinawa",121,https://www.twitter.com/lolw8809,https://pbs.twimg.com/profile_images/1042108675886743552/_dJnqjZE_normal.jpg,false,false
Kshitij amle,KshitijAml51804,'1830665612114169856',false,2024-09-02 20:54:45,,0,13,140,0,,0,https://www.twitter.com/KshitijAml51804,https://abs.twimg.com/sticky/default_profile_images/default_profile_normal.png,false,false
Eduardo Carvalho,ecarvalhox77,'1837052877879365632',false,2024-09-20 11:55:24,,0,0,127,1,,0,https://www.twitter.com/ecarvalhox77,https://pbs.twimg.com/profile_images/1837052932698820608/VtpchFPp_normal.jpg,false,false
Pörfek Player 🌿🌿,ggokayg,'1426274586908315656',false,2021-08-13 23:09:22,,1230,45,83,434,,42,https://www.twitter.com/ggokayg,https://pbs.twimg.com/profile_images/1733846131648409600/CAIx_bDv_normal.jpg,false,false
petrina stivakta,petrinastiv,'1835975962229420032',true,2024-09-17 12:36:16,,0,0,10,0,,0,https://www.twitter.com/petrinastiv,https://pbs.twimg.com/profile_images/1835976052968968192/Zuha7RS1_normal.jpg,false,false
Belicosis,LBelicosis,'1837055252572368896',false,2024-09-20 12:04:45,"Fanático del deporte. Opino sobre fútbol, tenis y béisbol. Messi, Nole y Ohtani mis religiones. 🙏🏼",8,12,48,5,,2,https://www.twitter.com/LBelicosis,https://pbs.twimg.com/profile_images/1837057615945142272/faZS2JJY_normal.jpg,false,false
Nora Harris,NoraHarris26264,'1837048364157816832',false,2024-09-20 11:37:42,,0,0,5,0,,0,https://www.twitter.com/NoraHarris26264,https://abs.twimg.com/sticky/default_profile_images/default_profile_normal.png,false,false
maria＠ネットビジネスで資産構築,higuriko1987,'1833222551297724416',false,2024-09-09 22:14:57,貧困から成り上がり・8社の会社を経営･資産70億・今は副業の情報を教えたり、10万円を配布したりしてます/今ならLINE登録で10万円配布中！まずはフォローしてください／当選確率UP中！⇒　https://t.co/UFY4IHSU8v,0,11,87,82,,0,https://www.twitter.com/higuriko1987,https://pbs.twimg.com/profile_images/1834432851921580032/qjbZlGei_normal.jpg,false,false
aline,soshigeek,'989474421504069632',true,2018-04-26 15:01:00,i talk about pop culture and sports,17564,252,766,42543,Singapore,1033,https://www.twitter.com/soshigeek,https://pbs.twimg.com/profile_images/1489994885239537664/WUQfHMLG_normal.jpg,false,false
Xiaopeng,xiaopeng__zil,'2407333292',false,2014-03-23 17:55:18,"Daydream Believer 🔺 Dropping wisdom bombs and keepin` it real 
Pioneer in integrating AI with blockchain for data security — Laughter is the best medicine",375,162,261,1051,,7,https://www.twitter.com/xiaopeng__zil,https://pbs.twimg.com/profile_images/1819938434128982016/yhCYAWt9_normal.jpg,false,false
マルほい,maluhoi_St,'956119785531613184',false,2018-01-24 13:01:35,I can ebifly : わたしはエビフライすることができます welcome to underground : お前も墓にならないか,4146,130,705,10379,エブレフェール,493,https://www.twitter.com/maluhoi_St,https://pbs.twimg.com/profile_images/1765931858985095168/U_gVMNeJ_normal.jpg,false,false
Chandraprakash Suran,RChandusurana,'771705209303302144',false,2016-09-02 16:43:54,,1,11,348,0,,0,https://www.twitter.com/RChandusurana,https://abs.twimg.com/sticky/default_profile_images/default_profile_normal.png,false,false
Alexandra Hara,hara_alexa91372,'1836984785576808450',false,2024-09-20 07:24:55,プロフェッショナリズムとは、やっている仕事そのものではなく、その仕事のやり方に表れる。,16,0,2,0,"Kyoto-shi Nakagyo, Kyoto",0,https://www.twitter.com/hara_alexa91372,https://pbs.twimg.com/profile_images/1836985321806057472/NAqBeSyP_normal.jpg,false,false
Hen Esp,EspidillonHenry,'1318113614578896902',false,2020-10-19 11:56:15,Love the life you live..,2,10,102,18,,0,https://www.twitter.com/EspidillonHenry,https://abs.twimg.com/sticky/default_profile_images/default_profile_normal.png,false,false
Hangzhou Open,HangzhouOpen,'1831693501181861888',false,2024-09-05 16:59:28,"🎾 ATP Tour 250
📆 18-24th September
📍Hangzhou, China
#HangzhouOpen",141,168,33,1,China,138,https://www.twitter.com/HangzhouOpen,https://pbs.twimg.com/profile_images/1833793573059182592/YtuL7oPG_normal.jpg,false,false
Soham Mandal,aitc2k26,'1802578055937892352',false,2024-06-17 08:44:44,"খেলা হবে 
2026",19,57,435,10006,Haldia,0,https://www.twitter.com/aitc2k26,https://pbs.twimg.com/profile_images/1803001628825649152/Plaqx4RL_normal.jpg,false,false
하나님의선물🇦🇺🇨🇦🌏,Steady_Lambo,'916419223005663232',true,2017-10-07 00:45:43,신의 축복이 성조기에 있기를 🇺🇸💸😇😎,14670,359,7274,18523,"Victoria Island, Lagos",19,https://www.twitter.com/Steady_Lambo,https://pbs.twimg.com/profile_images/1798057356422729728/q6uXrHT7_normal.jpg,false,false
คำผกี (rest mode),khamphaKee,'1194123502992756738',false,2019-11-12 07:23:36,|||,8810,260,510,12539,,251,https://www.twitter.com/khamphaKee,https://pbs.twimg.com/profile_images/1657311495586455553/TeZGT4zw_normal.jpg,false,false
brayyy,kellvinn_00,'1826024568970162178',false,2024-08-21 01:33:00,,7,5,17,19,,0,https://www.twitter.com/kellvinn_00,https://pbs.twimg.com/profile_images/1838103967412449280/-a9WCdwJ_normal.jpg,false,false
Erik,Perseo161408,'1718347130476118016',false,2023-10-28 22:21:38,,2,114,463,8,,0,https://www.twitter.com/Perseo161408,https://abs.twimg.com/sticky/default_profile_images/default_profile_normal.png,false,false
Javier Sandoval Afanador,javisana12,'859028168',false,2012-10-03 04:57:43,Gimnasta Colombiano,15,95,21,5,"Deer Park, TX",1,https://www.twitter.com/javisana12,https://pbs.twimg.com/profile_images/1593809242368212993/udWg6ces_normal.jpg,false,false
张聪,datou19920526,'1598566043156303873',false,2022-12-02 08:33:57,,0,26,132,1,,0,https://www.twitter.com/datou19920526,https://pbs.twimg.com/profile_images/1598566118695706626/QXk2r_Pe_normal.png,false,false
Alice,ail_aliceli,'1836876534638153728',false,2024-09-20 00:14:39,,0,3,37,3,,0,https://www.twitter.com/ail_aliceli,https://pbs.twimg.com/profile_images/1836877399830470656/xa5VvXuu_normal.jpg,false,false
Modou Dieme,modo5353,'1836988280140705792',false,2024-09-20 07:38:55,,0,4,49,0,,0,https://www.twitter.com/modo5353,https://pbs.twimg.com/profile_images/1836988667027484672/mAP4QUNv_normal.jpg,false,false
Rémi Engelberger,Engelberge35530,'1833849165744336896',false,2024-09-11 15:45:04,,0,20,8,18,,0,https://www.twitter.com/Engelberge35530,https://pbs.twimg.com/profile_images/1833849329385123840/lw8lAs6X_normal.jpg,false,false
ひで,pkmh_s,'1813157443947667457',false,2024-07-16 13:23:40,,0,4,36,10,,0,https://www.twitter.com/pkmh_s,https://abs.twimg.com/sticky/default_profile_images/default_profile_normal.png,false,false
Dylan Ramirez,rice_cube93,'1604741086454259712',false,2022-12-19 09:31:22,,0,0,11,3,,0,https://www.twitter.com/rice_cube93,https://pbs.twimg.com/profile_images/1604741165349097479/GEU0uSiI_normal.jpg,false,false
Harny07.-,harny0711,'55609178',true,2009-07-10 19:55:39,"Simplemente mujer, q' conoce sus emociones, las alertas, lo q' quiere, lo q' siente, lo q' la hace vibrar... lo que humedece todo su ser!!! 😈💕😇",1895,140,1247,330,En algún lugar...,1232,https://www.twitter.com/harny0711,https://pbs.twimg.com/profile_images/1506780882581004288/K3PxHZbX_normal.jpg,false,false
Claudiano,claudiano_1PWN,'2368690981',false,2014-03-02 12:35:29,"DIY Gardener 🦈 Embracing the imperfect beauty of life 
Founder of ChillVibes Co., hooking folks up with good vibes daily ◾️ DIY diva 💄",22,65,84,143,,0,https://www.twitter.com/claudiano_1PWN,https://pbs.twimg.com/profile_images/1832105533488168960/PGCLJz8T_normal.jpg,false,false
estefanycamargoo,estefanycamarg0,'1474875451478876169',false,2021-12-26 00:51:40,spicy pisces,3411,10,445,13270,Venezuela,0,https://www.twitter.com/estefanycamarg0,https://pbs.twimg.com/profile_images/1575649939593502720/Nw0IR_N4_normal.jpg,false,false
Cryptocleric,1cryptocleric,'930967304',false,2012-11-07 03:48:43,"Foodie Explorer ▪️ Architect behind CryptoFlow, a top liquidity management tool ▪️ TikTok trendsetter 🕺",5,0,17,16,,0,https://www.twitter.com/1cryptocleric,https://pbs.twimg.com/profile_images/1837073273160437760/jiindz2E_normal.jpg,false,false
無職40代独身男性,scrPjrFKBx3561,'1748006179635437568',false,2024-01-18 17:35:37,,7,100,68,2218,部屋,0,https://www.twitter.com/scrPjrFKBx3561,https://pbs.twimg.com/profile_images/1748007327771557888/4WLOfRVf_normal.jpg,false,false
Cornelius Dodson,_6cornelius,'4753914206',false,2016-01-13 18:22:58,"Going to the moon to claim the unknown land comes from the crazy idea of an encryption enthusiast, the encryption world is omnipotent #MOBOX #DECENTRALAND #AV",236,215,87,378,"Kota Kinabalu, Sabah",3,https://www.twitter.com/_6cornelius,https://pbs.twimg.com/profile_images/1827153946974285827/GKj7HnCZ_normal.png,false,false
Rswiam.eth,1rswiameth_LOL,'2905742776',false,2014-12-05 00:47:20,Shut the 🤬 up. Pandamonium class of 22.,30,613,78,361,,1,https://www.twitter.com/1rswiameth_LOL,https://pbs.twimg.com/profile_images/1827133955633463296/wwW50Zd2_normal.jpg,false,false
wezwyjdz,wezwyjdz0,'1835325708584824832',false,2024-09-15 17:32:14,,0,0,60,0,,0,https://www.twitter.com/wezwyjdz0,https://abs.twimg.com/sticky/default_profile_images/default_profile_normal.png,false,false
Jess Lazo,JessLazo10829,'1836942734214438912',false,2024-09-20 04:37:50,,0,0,4,0,,0,https://www.twitter.com/JessLazo10829,https://abs.twimg.com/sticky/default_profile_images/default_profile_normal.png,false,false
Saurabh Barve,SaurabhBarve2,'942634679378702336',false,2017-12-18 07:56:35,,5,19,95,49,,0,https://www.twitter.com/SaurabhBarve2,https://abs.twimg.com/sticky/default_profile_images/default_profile_normal.png,false,false
Tongai,tongaitng,'1836933615080591360',true,2024-09-20 04:01:30,,0,13,55,1,,0,https://www.twitter.com/tongaitng,https://pbs.twimg.com/profile_images/1836934629195984896/TeM4cMst_normal.jpg,false,false
Helder Domingos,Heldertata,'2874978303',true,2014-11-13 14:27:19,Objectivo à alcançar...? Paz comigo mesmo 😎🤙🏽,3,6,160,17,Luanda ,1,https://www.twitter.com/Heldertata,https://pbs.twimg.com/profile_images/1536082435313745923/K1ZdW6bh_normal.jpg,false,false
Odette,2n00b2odette,'1020729204',false,2012-12-18 23:55:32,DeFi Project Manager 🦀 Crypto content creator with a channel reaching 200k subscribers | Linguistic explorer | Neon nights navigator,34,37,123,376,,0,https://www.twitter.com/2n00b2odette,https://pbs.twimg.com/profile_images/1828686430748442624/Tuh7vOzM_normal.jpg,false,false
Ali,Ali96754575,'945279001135927297',false,2017-12-25 15:04:11,,776,30,48,8336,,22,https://www.twitter.com/Ali96754575,https://pbs.twimg.com/profile_images/1771948753580146688/j-B2_yAw_normal.jpg,false,false
فيصل,ahmed15153791,'811461534',false,2012-09-08 21:36:55,,3,61,83,61,,0,https://www.twitter.com/ahmed15153791,https://pbs.twimg.com/profile_images/1001622816976928768/aXVPgWcW_normal.jpg,false,false
Jordi Marc,j0rdimc,'1836916583869894657',false,2024-09-20 02:53:44,,0,0,176,51,,0,https://www.twitter.com/j0rdimc,https://pbs.twimg.com/profile_images/1836916811075293184/Id5Oymsy_normal.jpg,false,false
İbrahim Highroller,ibohighroller,'1834804380572225536',true,2024-09-14 07:00:37,,0,26,484,190,,0,https://www.twitter.com/ibohighroller,https://pbs.twimg.com/profile_images/1835857239317303296/Vgi_yCf0_normal.jpg,false,false
Su,Suouzi,'1833043940582584320',false,2024-09-09 10:25:27,,0,2,8,0,,0,https://www.twitter.com/Suouzi,https://abs.twimg.com/sticky/default_profile_images/default_profile_normal.png,false,false
هند,hind7kh,'1080054388327100416',true,2019-01-01 12:53:27,,548,35,168,227,,4,https://www.twitter.com/hind7kh,https://pbs.twimg.com/profile_images/1656071697638850560/nJ_q1vMc_normal.jpg,false,false
Justin Kegerreis,inJustOne,'702219127',true,2012-07-18 05:45:30,God first. Tennis Coach. Love My Wife (she's just not my wife yet). Business feign.,1988,612,1156,3261,"Monroe, MI",83,https://www.twitter.com/inJustOne,https://pbs.twimg.com/profile_images/1725196069464592384/1lMET2y7_normal.jpg,false,true
zia,kezlikemoon,'1768118387690143744',false,2024-03-14 05:34:53,*⁠.⁠✧꒰⁠⑅˖the moon beside me˖⑅⁠꒱*⁠.⁠✧,1,0,26,351,,0,https://www.twitter.com/kezlikemoon,https://pbs.twimg.com/profile_images/1822521927556317184/H-NfQKW5_normal.jpg,false,false
PlaneLogic,LogicPlane,'1396466473888010245',false,2021-05-23 17:02:26,Plane mom and wife. Tennis addict and dog mom. Mother to 3 wonderful kids. Carolina girl with a Florida state of mind. Keep it Constitutional Y’all! Cheers!,2,149,335,121,"Florida, USA",1,https://www.twitter.com/LogicPlane,https://pbs.twimg.com/profile_images/1476343248423694338/xQBne5ol_normal.jpg,false,false
bianca | 🎧,groupiebostera,'1527009600779608064',false,2022-05-18 22:34:04,straight from the tortured poets department.,13162,433,455,13957,donde suene metal y mattioli,2605,https://www.twitter.com/groupiebostera,https://pbs.twimg.com/profile_images/1812672973574115328/uFAiYNcT_normal.jpg,false,false
Bobana,Bobana028692898,'1712052055618048000',false,2023-10-11 13:27:05,,4,5,42,20,,0,https://www.twitter.com/Bobana028692898,https://pbs.twimg.com/profile_images/1712052192415199232/25ydb2O-_normal.png,false,false
Chouaiby Sarah,sasacomehere,'1836894791617105921',false,2024-09-20 01:27:10,,0,0,134,0,,0,https://www.twitter.com/sasacomehere,https://pbs.twimg.com/profile_images/1836898140307476481/LqBw4Ixh_normal.jpg,false,false
Dorine,n00bdorine,'2531212184',false,2014-05-29 03:54:37,DeFi Project Manager | Built a blockchain-based traceability system for organic produce. | Tokenomics strategist | Non-fungible token (NFT) creator,29,41,99,346,,0,https://www.twitter.com/n00bdorine,https://pbs.twimg.com/profile_images/1828613696613924864/uM83DwU2_normal.jpg,false,false
Aurora,Aurora798139,'1833500091325313024',false,2024-09-10 16:38:22,,1,1,10,10,,0,https://www.twitter.com/Aurora798139,https://pbs.twimg.com/profile_images/1833500267267993601/Zw_0WcMG_normal.png,false,false
Hriday Hasan Porag,hridayporag1230,'1826132276536815617',true,2024-08-21 08:41:00,I am trying to be a Muslim,59,24,192,300,"Dhaka, Bangladesh",16,https://www.twitter.com/hridayporag1230,https://pbs.twimg.com/profile_images/1826135692910501888/_74JdmnL_normal.jpg,false,false
WD YOUSIF,yousif_ali40540,'1765090892690411520',false,2024-03-05 21:04:23,sudanese 🇸🇩,51,21,191,274,Khartoum. sudan,4,https://www.twitter.com/yousif_ali40540,https://pbs.twimg.com/profile_images/1765123655539855360/YZHsZdnD_normal.jpg,false,false
Lamiaa,5mkrlamiaa_pro,'502592666',false,2012-02-25 08:38:29,Sustainable Living Advocate 💥 Star Wars fanatic 🌌,20,50,106,140,,0,https://www.twitter.com/5mkrlamiaa_pro,https://pbs.twimg.com/profile_images/1831746338146639872/QToXb42r_normal.jpg,false,false
mdy,mdsuqary,'101819416',true,2010-01-04 19:46:06,,7960,369,765,33186,Bodrum-İstanbul,260,https://www.twitter.com/mdsuqary,https://pbs.twimg.com/profile_images/1560597498711969792/YXaN84qx_normal.jpg,false,false
Leo DiCaprio’s Carbon Footprint,LeoDiCaprioCF,'1685855107038978048',false,2023-07-31 06:29:44,Don’t look up ☄️,1154,123,45,508,,30,https://www.twitter.com/LeoDiCaprioCF,https://pbs.twimg.com/profile_images/1685858536520097793/hBE0cj5h_normal.jpg,false,false
jack h,jackh27714679,'1584600945245229080',false,2022-10-24 20:41:33,e,1,22,16,0,,0,https://www.twitter.com/jackh27714679,https://pbs.twimg.com/profile_images/1584600999804735494/jBwR0hpP_normal.jpg,false,false
MàrLenn3,MarlenneToral,'1540103589020028928',false,2022-06-24 01:45:10,,18,9,76,6,,1,https://www.twitter.com/MarlenneToral,https://pbs.twimg.com/profile_images/1836861731898892290/dHWYRWhK_normal.jpg,false,false
вареник с вишней,iamalazypotato2,'1146836843905855490',false,2019-07-04 20:43:05,"крыска, люблю марвел, криса эванса и вареники с вишней, фанатка галлавича со стажем ЗА ЛОКИ ЗА АSSГАРД💚💚💚",1168,15,81,49532,Россия,28,https://www.twitter.com/iamalazypotato2,https://pbs.twimg.com/profile_images/1354029977516331009/vF4u-8fI_normal.jpg,false,false
_bs4m,bs_yo_4m,'1441421213574864897',false,2021-09-24 18:16:43,"“The test for a work of art is, in the end is our affection for it not our ability to explain why it’s good”~Stanly Kubrick~ 💮Yo✋🏽. https://t.co/LhvSRnK5My",446,23,236,15105,Kingdom of Saudi Arabia,189,https://www.twitter.com/bs_yo_4m,https://pbs.twimg.com/profile_images/1532364656525856769/GEdEef_l_normal.jpg,false,false
Natas,Natas10420411,'1818978157610876930',false,2024-08-01 14:55:07,,0,0,76,0,,0,https://www.twitter.com/Natas10420411,https://pbs.twimg.com/profile_images/1818978768196898816/tqcD6Ysl_normal.png,false,false
Willie,8wp8willie,'120833800',false,2010-03-07 20:10:40,Cryptocurrency Evangelist | Blockchain governance commentator,22,46,90,136,London,0,https://www.twitter.com/8wp8willie,https://pbs.twimg.com/profile_images/1832330614189756416/YCyq6-HD_normal.jpg,false,false
Dani,Dsmch2,'1836843923815170048',false,2024-09-19 22:05:07,Nacido para morir.,50,3,119,48,???,1,https://www.twitter.com/Dsmch2,https://pbs.twimg.com/profile_images/1836844107508924416/TYXmuPE2_normal.jpg,false,false
Mebenga N. E. Junior,Junior_mebenga1,'1790802136483119104',false,2024-05-15 20:51:41,"-Africapitalisme
-Finance
-Economie
-Politique
-Débats",40,162,243,273,Afrique ,2,https://www.twitter.com/Junior_mebenga1,https://pbs.twimg.com/profile_images/1794674791330299904/EkP2Czqu_normal.jpg,false,false
Alan Saint Dlamini,SaintDlamini,'1367024680784322560',false,2021-03-03 10:12:15,,2034,99,5010,386842,,593,https://www.twitter.com/SaintDlamini,https://pbs.twimg.com/profile_images/1821535374784548864/uP-CANMJ_normal.jpg,false,false
Dean,qwerty_grrr,'1449416603477495808',false,2021-10-16 19:49:14,🍒,0,1,48,23,"İstanbul, Türkiye",0,https://www.twitter.com/qwerty_grrr,https://pbs.twimg.com/profile_images/1821952884080308225/fPLCi31w_normal.jpg,false,false
Jasper winkley,JasperWilkox,'1836526198676979712',false,2024-09-19 01:03:52,,0,0,24,0,,0,https://www.twitter.com/JasperWilkox,https://pbs.twimg.com/profile_images/1836527206345867264/iiOwJidg_normal.jpg,false,false
_.malinov._iliass,IliassMali29541,'1836825187179765760',true,2024-09-19 20:50:37,,0,2,26,16,,0,https://www.twitter.com/IliassMali29541,https://pbs.twimg.com/profile_images/1836826157469011968/JBxNHDcO_normal.jpg,false,false
Mario Trillo,maariiots09,'1802450578368311298',false,2024-06-17 00:18:20,,1,7,20,3,,0,https://www.twitter.com/maariiots09,https://pbs.twimg.com/profile_images/1802475812135809024/dMPAzO0Y_normal.jpg,false,false
phaetoncrash,phaetoncrash,'1836750460578889728',false,2024-09-19 15:53:41,,0,3,22,12,,0,https://www.twitter.com/phaetoncrash,https://abs.twimg.com/sticky/default_profile_images/default_profile_normal.png,false,false
GOHAN,ak47_gohan31371,'1790416533149097984',false,2024-05-14 19:19:34,,0,472,2470,3,,0,https://www.twitter.com/ak47_gohan31371,https://pbs.twimg.com/profile_images/1790416676778913792/WFga9fd1_normal.png,false,false
Eugenio Melia,EugenioMelia,'1556730695334125569',false,2022-08-08 22:55:35,,2,0,26,0,,0,https://www.twitter.com/EugenioMelia,https://pbs.twimg.com/profile_images/1556730864222052352/U-uFnYcJ_normal.png,false,false
Haouari,pwn_haouari,'363388344',false,2011-08-28 03:46:48,"Cryptographic Security Expert 🎩 Turning lemons into the bougiest lemonade 🔺 Weather watcher ☁️ 
Espresso enthusiast",27,51,99,368,,0,https://www.twitter.com/pwn_haouari,https://pbs.twimg.com/profile_images/1828745335184703488/LNnno873_normal.jpg,false,false
HAMDAWG,_1hamdawgg,'3150052484',false,2015-04-11 18:36:19,"3rd lucks the charm 🍀 Content Creator | Collector | Investor | Web3 Enthusiast | previous account was X’d🥲
Let’s Re-Connect 🤝",16,692,61,144,,0,https://www.twitter.com/_1hamdawgg,https://pbs.twimg.com/profile_images/1831735059256393728/K6gWRwUR_normal.jpg,false,false
Sandra Belos,Sandra13840,'1835035148938563584',true,2024-09-14 22:19:19,,1,2,29,1,,1,https://www.twitter.com/Sandra13840,https://pbs.twimg.com/profile_images/1835061175677018112/12OQ-Y7h_normal.jpg,false,false
Nat,natcgarcia_,'1603169210267492352',false,2022-12-15 01:25:12,XVI ✨🥂,40,109,73,212,,0,https://www.twitter.com/natcgarcia_,https://pbs.twimg.com/profile_images/1814867569490251776/48YwphCN_normal.jpg,false,false
Genica Lee,_9dotgenica,'462512605',false,2012-01-13 03:19:44,"Mystery Novel Detective  Awarded Crypto Innovator of the Year by FinTech Global ️️️🔺 Cryptographic algorithms proponent 
Starry-eyed wanderer",17,271,86,394,,0,https://www.twitter.com/_9dotgenica,https://pbs.twimg.com/profile_images/1827173091178397696/gkgGV_nJ_normal.jpg,false,false
alex_brg,alexbrg336686,'1836786971571597312',false,2024-09-19 18:18:50,,0,7,102,38,,0,https://www.twitter.com/alexbrg336686,https://abs.twimg.com/sticky/default_profile_images/default_profile_normal.png,false,false
Hamz sz,hamz_sz17,'1698311306741170176',false,2023-09-03 15:26:04,,14,0,54,5,,7,https://www.twitter.com/hamz_sz17,https://pbs.twimg.com/profile_images/1812142747928727552/veI_JE8a_normal.jpg,false,false
Lautaro Carbajal,LauCarbajal24,'1836781783544733696',false,2024-09-19 17:58:50,"Octubre 11 🎃
Periodista Deportivo 🎤
Fútbol y Tenis 🖤",7,7,44,18,,0,https://www.twitter.com/LauCarbajal24,https://pbs.twimg.com/profile_images/1837664185045409792/rEwinEV3_normal.jpg,false,false
Sir Avdhesh Rana (SELF MADE),SirAvdheshRana,'1593758006755594241',false,2022-11-19 02:08:29,He/Him/His,71,0,140,2,Govardhan 🏞️,21,https://www.twitter.com/SirAvdheshRana,https://pbs.twimg.com/profile_images/1833446080312119296/sc9b-7LZ_normal.jpg,false,false
S,mamswasdr,'1781631189310136320',false,2024-04-20 13:29:31,,0,0,91,0,,0,https://www.twitter.com/mamswasdr,https://pbs.twimg.com/profile_images/1781631274823700480/P7sZyb9N_normal.png,false,false
Carlos Alcaraz,CarlosA49827372,'1756242765279580160',false,2024-02-10 11:06:35,,94,126,3140,26,,75,https://www.twitter.com/CarlosA49827372,https://pbs.twimg.com/profile_images/1756249315024982016/VFT-XcCz_normal.jpg,false,false
Fabian Buendia,fabianbuendia21,'118222024',true,2010-02-28 02:14:50,,22658,2583,199,27865,COLOMBIA,378,https://www.twitter.com/fabianbuendia21,https://pbs.twimg.com/profile_images/1814005832327077888/6tHC3HMa_normal.jpg,false,false
Maggie,maggie___a,'1065352908',false,2013-01-06 12:36:41,,9,0,343,14496,,0,https://www.twitter.com/maggie___a,https://pbs.twimg.com/profile_images/533544214965940224/i3Jv6ix__normal.jpeg,false,false
wdk,wdk1588631,'1827278101908430848',false,2024-08-24 12:34:12,,0,0,3,0,,0,https://www.twitter.com/wdk1588631,https://abs.twimg.com/sticky/default_profile_images/default_profile_normal.png,false,false
Luke,Luke89297184527,'1694630068985704448',false,2023-08-24 11:38:13,,222,357,940,498,,0,https://www.twitter.com/Luke89297184527,https://abs.twimg.com/sticky/default_profile_images/default_profile_normal.png,false,false
Vincent,vincent_spe96,'1835678806972985344',false,2024-09-16 16:55:25,,0,11,10,0,,0,https://www.twitter.com/vincent_spe96,https://pbs.twimg.com/profile_images/1835678885129629697/cFm12Hor_normal.jpg,false,false
PURETENNISsense,PURETENNISsense,'1832282020782743552',false,2024-09-07 07:57:41,Junior Development Tennis Coach.  I Co-Direct a junior tennis academy and run group development programs for players (beginners-Advanced) looking to compete.,10,0,24,0,"Atlanta, GA",5,https://www.twitter.com/PURETENNISsense,https://pbs.twimg.com/profile_images/1832282069017169920/QkN1fl1f_normal.jpg,false,false
Alamsyah,PersadaZak44756,'1684712788294545408',false,2023-07-28 02:50:50,Alam,0,1,128,8,"Kota Surabaya, Jawa Timur",0,https://www.twitter.com/PersadaZak44756,https://pbs.twimg.com/profile_images/1684712984780947456/4fBt2eGU_normal.png,false,false
Ahmed Abdullatif,abdullatif98286,'1836756263159345152',false,2024-09-19 16:16:45,,0,1,29,0,,0,https://www.twitter.com/abdullatif98286,https://abs.twimg.com/sticky/default_profile_images/default_profile_normal.png,false,false
Moussa Souleymane,MoussaSoul18498,'1833442014274220032',true,2024-09-10 12:47:17,agri-Système -phygienne,49,22,507,149,Niger,44,https://www.twitter.com/MoussaSoul18498,https://pbs.twimg.com/profile_images/1836763115142127617/2M666tPd_normal.jpg,false,false
Luigi Pellegrino ❘ Fenice.,luigipelle14,'851123720932524032',false,2017-04-09 20:24:42,22/09/24 🍏🎾,1,1,40,25,Italia,1,https://www.twitter.com/luigipelle14,https://pbs.twimg.com/profile_images/1838329704157220864/UL4vWds4_normal.jpg,false,false
方鸿渐,fanghongjian4,'1472808610145226754',false,2021-12-20 07:59:44,游学欧洲，毕业于美国克莱登大学德国哲学专业，获得哲学博士学位。,105,1247,7482,10,,0,https://www.twitter.com/fanghongjian4,https://pbs.twimg.com/profile_images/1473775934876565518/jMrvMjjT_normal.jpg,false,false
khaled shilbayeh,khaledshilbaye7,'1669024011416739849',false,2023-06-14 19:48:45,,2,1,103,0,,0,https://www.twitter.com/khaledshilbaye7,https://pbs.twimg.com/profile_images/1669024084854808578/72-Eu6Yj_normal.png,false,false
Shivani,Shivani899787,'1836340240635609088',false,2024-09-18 12:43:42,,14,2,89,1,,0,https://www.twitter.com/Shivani899787,https://abs.twimg.com/sticky/default_profile_images/default_profile_normal.png,false,false
KIZ,kiz_azuki___2,'337122912',false,2011-07-17 16:57:36,#DOGE  #TOTHEMOON  #BNB #NFTS #CRYPTO #AZUKI,88,691,135,1120,,0,https://www.twitter.com/kiz_azuki___2,https://pbs.twimg.com/profile_images/1814044726942629889/wg7_CwUJ_normal.jpg,false,false
LOLA LATORRE,LOLALATORR85546,'1836727378531278848',false,2024-09-19 14:22:59,,88,3,7,1,,3,https://www.twitter.com/LOLALATORR85546,https://pbs.twimg.com/profile_images/1836727685776621568/wu2U2dqP_normal.png,false,false
hassan shanto,hassanshanto85,'933264382720487425',false,2017-11-22 11:22:22,,1,1,131,1,,0,https://www.twitter.com/hassanshanto85,https://abs.twimg.com/sticky/default_profile_images/default_profile_normal.png,false,false
Yash Kathane,yash_kathane,'1572234759996321792',false,2022-09-20 17:42:59,Find ecstasy in life; the mere sense of living is joy enough.,10,1,16,82,Nagpur ,1,https://www.twitter.com/yash_kathane,https://pbs.twimg.com/profile_images/1836715889669931008/5Mb199JF_normal.jpg,false,false
刘汉盈,liuhy1010,'1836709780368584704',true,2024-09-19 13:12:32,,0,0,57,1,,0,https://www.twitter.com/liuhy1010,https://pbs.twimg.com/profile_images/1836710279629152256/LBhXJuNa_normal.jpg,false,false
Ibtissem,7ibtissem_op,'324051194',false,2011-06-26 01:30:13,Urban Explorer ✨ Fitness fanatic 💪,19,34,77,134,,0,https://www.twitter.com/7ibtissem_op,https://pbs.twimg.com/profile_images/1832637884400029697/EwVWeEUy_normal.jpg,false,false
BulterosARG,bulteros_xxx,'1734874337948090368',false,2023-12-13 11:54:23,"Para los fans de bultos, culos y pajas! 

(Contenido para adultos +18) 🔞

Sí, somos pajeros! 👊💦",93,2143,429,2044,,81,https://www.twitter.com/bulteros_xxx,https://pbs.twimg.com/profile_images/1824674322528559104/ng0Et5NB_normal.jpg,false,false
Will W2W3,Willy4015,'1836688389526986753',false,2024-09-19 11:48:47,,0,4,30,0,,0,https://www.twitter.com/Willy4015,https://pbs.twimg.com/profile_images/1836688879190994944/aOlPBziF_normal.jpg,false,false
@mallorquin,mallorquin1959,'1779972237082202112',true,2024-04-15 23:37:40,,2,47,20,1,,1,https://www.twitter.com/mallorquin1959,https://pbs.twimg.com/profile_images/1779972593413455872/NcrZbcGV_normal.jpg,false,false
Rufina,_4rufina,'367738220',false,2011-09-04 16:48:35,Fintech Entrepreneur - Laying the groundwork for crypto acceptance. - Smart contract developer - Cryptocurrency market analyst,30,42,106,380,,0,https://www.twitter.com/_4rufina,https://pbs.twimg.com/profile_images/1828232206541824001/ZZ8FHPe5_normal.jpg,false,false
Cesar Burgos 🌹,CesarBu01477432,'1267349023834484742',false,2020-06-01 09:55:45,Los hilos se twitter están buenísimos,21,26,46,30,,1,https://www.twitter.com/CesarBu01477432,https://pbs.twimg.com/profile_images/1365201011850280963/KthESNxB_normal.jpg,false,false
Esperanto,3__esperanto,'900823314',false,2012-10-24 03:02:46,"Interior Design Enthusiast ♟️ Advocating for mental health and self-love ◽️ Architect behind CryptoFlow, a top liquidity management tool ◽️ Adrenaline junkie",42,55,116,130,,2,https://www.twitter.com/3__esperanto,https://pbs.twimg.com/profile_images/1832670683958018048/VSx00BNq_normal.jpg,false,false
reahanraj,RajRagiraj,'402583247',false,2011-11-01 11:00:30,,2,10,10,16,,0,https://www.twitter.com/RajRagiraj,https://abs.twimg.com/sticky/default_profile_images/default_profile_normal.png,false,false
Sam Va,va547090,'1836377187378675713',false,2024-09-18 15:10:48,,1,0,5,9,,0,https://www.twitter.com/va547090,https://pbs.twimg.com/profile_images/1836377706126049280/ZwR6w5E-_normal.jpg,false,false
Allan Perez,AllanPe70331743,'1481466857865756672',false,2022-01-13 05:23:22,#findyou,241,179,268,233,,0,https://www.twitter.com/AllanPe70331743,https://pbs.twimg.com/profile_images/1748543923415617536/zbmYeBmX_normal.jpg,false,false
Sondos,1sondos___,'2366684075',false,2014-02-26 12:12:37,Crypto Ecosystem Builder 🎖️ Implemented a technology mentorship program for seniors. ◽️ Photo tale weaver,2,11,23,27,,0,https://www.twitter.com/1sondos___,https://pbs.twimg.com/profile_images/1837178312189177857/RDw1m1Rk_normal.jpg,false,false
Hashharmony,hashharmonyop,'842263194',false,2012-09-23 22:27:31,"Cryptocurrency Evangelist 🔻 Empowering others through fitness and positivity 
Organizer of the annual Blockchain for Good conference ◻️ Natural beauty advocate",25,92,223,148,Malvern,0,https://www.twitter.com/hashharmonyop,https://pbs.twimg.com/profile_images/1831893300418154496/yX9yG-Yq_normal.jpg,false,false
Arif,arif5algo,'2970797770',false,2015-01-10 04:15:18,"Travel Addict 🎓 Embracing the quirks that make life interesting 
Implemented a waste reduction initiative in 20+ local businesses | Concert-goer",1,5,23,31,,0,https://www.twitter.com/arif5algo,https://pbs.twimg.com/profile_images/1837255217009606656/U0OyIU-q_normal.jpg,false,false
gjet93,gjet93,'19197410',false,2009-01-19 21:27:45,"proud New Yorker, public school educator, NY Jet, NY Met, NY Islander fan",7454,309,949,18482,NY,663,https://www.twitter.com/gjet93,https://pbs.twimg.com/profile_images/3566855822/b19ba0afa715e1dea5f3533a20cdc00b_normal.jpeg,false,false
Lawanna,0lawanna_ksm,'1477275834',false,2013-06-02 16:20:23,Pet Lover 🧳 Igniting creativity in everyday spaces 🔸 Nature explorer 🔸 Pixel pioneer,24,31,76,116,,0,https://www.twitter.com/0lawanna_ksm,https://pbs.twimg.com/profile_images/1832184281554182144/zVy9_TmC_normal.jpg,false,false
Billy Judd,BillyJudd6,'1387325712386854918',false,2021-04-28 11:40:06,"I'm a Youtuber who makes lots of videos, and i do very well at school and i'm a huge fan of tv shows and movies.",891,192,413,15,,21,https://www.twitter.com/BillyJudd6,https://pbs.twimg.com/profile_images/1387326960146128902/E49NKumK_normal.jpg,false,false
Alice,alice0sush,'3149958494',false,2015-04-11 17:42:31,Blockchain Developer 🔞 Implemented a waste reduction initiative in 20+ local businesses | Blockchain in healthcare proponent,47,66,221,1303,,6,https://www.twitter.com/alice0sush,https://pbs.twimg.com/profile_images/1832074788833251328/qlIjOdga_normal.jpg,false,false
Jasper Tsai,Jasperctsai,'1831033087574339584',false,2024-09-03 21:14:58,,8,4,34,714,,0,https://www.twitter.com/Jasperctsai,https://pbs.twimg.com/profile_images/1831033158466445312/p5rPcUaY_normal.png,false,false
Anuj Rekha Dubey,punter299,'162268900',false,2010-07-03 07:46:16,Enthusiast and a mentor to the next gen.,48,86,338,1181,"New Delhi, India",3,https://www.twitter.com/punter299,https://pbs.twimg.com/profile_images/1609641683549032450/kk7toW6b_normal.jpg,false,false
AB,ArviciusX,'1832449787204931584',false,2024-09-07 19:04:16,Looking to transcend the sport,0,35,270,0,,0,https://www.twitter.com/ArviciusX,https://pbs.twimg.com/profile_images/1835463096191619072/FcgbeQyu_normal.jpg,false,false
Bruna Zooko,bruna_22pro,'303363178',false,2011-05-22 21:53:46,"Cryptocurrency Tax Specialist 📱 Radiating positivity in a world that needs it 
Pioneer in using technology for accessibility in public spaces 🧩 Concert-goer",2,14,17,27,,0,https://www.twitter.com/bruna_22pro,https://pbs.twimg.com/profile_images/1837197711226863617/hW7PmJqF_normal.jpg,false,false
Conchi Moreno Martínez,ConchiMore54015,'1831329560002002944',false,2024-09-04 16:54:18,,9,1,11,2,,1,https://www.twitter.com/ConchiMore54015,https://pbs.twimg.com/profile_images/1831329949094993922/VGrjco3m_normal.jpg,false,false
Randy Miller,randy67335,'1733731518164418560',true,2023-12-10 08:13:26,Single oral top here in Ohio looking to chat chill and hang with like minded people with no pressure,26,57,109,27,"Miamisburg, OH",0,https://www.twitter.com/randy67335,https://pbs.twimg.com/profile_images/1733732262024212481/HVLmQyXt_normal.jpg,false,false
sarhang hariki,Sarhang_Hariki,'1742593220469469184',true,2024-01-03 19:06:44,,0,27,85,339,,0,https://www.twitter.com/Sarhang_Hariki,https://pbs.twimg.com/profile_images/1742601533374574592/qI3cTiiw_normal.jpg,false,false
PA,Fu11Haus,'1318028688882098177',false,2020-10-19 06:18:37,,0,0,7,1,United States,0,https://www.twitter.com/Fu11Haus,https://abs.twimg.com/sticky/default_profile_images/default_profile_normal.png,false,false
Ligia Coelho,LigiaCoelh83752,'1819707184982241280',false,2024-08-03 15:11:16,,0,1,28,5,,0,https://www.twitter.com/LigiaCoelh83752,https://pbs.twimg.com/profile_images/1836564567465275392/ErgEbeei_normal.jpg,false,false
Markus Grallert,mgrallert,'203478504',true,2010-10-16 13:59:03,,0,6,426,62,"Sao Paulo, Brazil",0,https://www.twitter.com/mgrallert,https://pbs.twimg.com/profile_images/1157308417737994245/hiPQ356v_normal.jpg,false,false
Osmany,osmany_GGWP,'541023965',false,2012-03-30 21:18:58,DIY Craft Maestro 🧩 Couch critic,19,83,147,163,Jardinopolis,0,https://www.twitter.com/osmany_GGWP,https://pbs.twimg.com/profile_images/1831891750958333952/NnpwB7EK_normal.jpg,false,false
Bray_waytt,Braywaytt3,'1276533439211220993',true,2020-06-26 18:11:25,"je suis bray Wyatt un fan de la musique afrobeat Hip/hop coupé décalé futur artistes/chanteur
Instagram : Bray_Wyatt99
WhatsApp :+22573145099
Snap: Brandao196",179,63,791,1172,Côte d'Ivoire,6,https://www.twitter.com/Braywaytt3,https://pbs.twimg.com/profile_images/1440495214905356299/riBSLC3e_normal.jpg,false,false
Marivi Hou,__marivipwn,'3298071166',false,2015-05-25 19:33:00,Virtual Book Club Moderator ◾️ Initial coin offering (ICO) analyst,29,45,88,150,,0,https://www.twitter.com/__marivipwn,https://pbs.twimg.com/profile_images/1832664953548840960/7brKHMW4_normal.jpg,false,false
Max,Max1m_W1ll1ams9,'1680639533212217346',true,2023-07-16 21:04:47,,1,19,42,692,,0,https://www.twitter.com/Max1m_W1ll1ams9,https://pbs.twimg.com/profile_images/1691220726508916736/nzeFghHc_normal.jpg,false,false
Karen ThorntonSmith,k_thorntonsmith,'1574730909630210051',false,2022-09-27 15:01:45,,2,3,26,61,,0,https://www.twitter.com/k_thorntonsmith,https://pbs.twimg.com/profile_images/1574731014890561538/jcrcH3Ft_normal.png,false,false
Bitbrave,4_gg_bitbrave,'2560964586',false,2014-06-11 12:21:49,"Blockchain Developer 💤 Paving the way for blockchain in governance 🏅 Launched a community literacy program  
Shutterbug",19,58,94,347,,0,https://www.twitter.com/4_gg_bitbrave,https://pbs.twimg.com/profile_images/1828766660347441152/OIATg9-b_normal.jpg,false,false
Vera Starosta,StarostaVera,'2575374875',true,2014-06-01 16:44:27,,14,23,113,108,,0,https://www.twitter.com/StarostaVera,https://pbs.twimg.com/profile_images/473098693957419008/3tV4ZcLS_normal.jpeg,false,false
Маттиас,matthiassss_,'3309783429',true,2015-06-06 00:34:10,The Times 03/Jan/2009 Chancellor on brink of second bailout for banks,2626,273,366,4346,France,24,https://www.twitter.com/matthiassss_,https://pbs.twimg.com/profile_images/1815499439575810048/PFBIjZuM_normal.jpg,false,false
NRC,GG_nrc,'904798435',false,2012-10-26 01:26:19,"Growing a crypto crowd every day - If I follow you it means | value your voice, follow back to join me",25,240,82,395,,0,https://www.twitter.com/GG_nrc,https://pbs.twimg.com/profile_images/1827154109931384833/-j-sFfwf_normal.png,false,false
‏ ᴏᴍᴀʀ,YallxR,'1525629583',true,2013-06-17 21:58:37,Hala Madrid🤍,9796,149,288,1268,Kuwait,317,https://www.twitter.com/YallxR,https://pbs.twimg.com/profile_images/1680706311615283202/N37PdeH2_normal.jpg,false,false
George D,GeorgeD05217360,'825437191635664897',false,2017-01-28 22:15:37,hello,6858,415,1582,77277,"Scotland, United Kingdom",422,https://www.twitter.com/GeorgeD05217360,https://pbs.twimg.com/profile_images/1489712637692850180/zS5HSw0X_normal.jpg,false,false
Alexandre Aroeira Salles,AAroeiraSalles,'198222432',false,2010-10-03 21:05:28,,3,32,58,1,Belo Horizonte,0,https://www.twitter.com/AAroeiraSalles,https://pbs.twimg.com/profile_images/1465395236096643072/hoMYT7kN_normal.jpg,false,false
Joel Miranda,jooelmiiranda,'1531169106564722688',false,2022-05-30 10:02:41,,0,0,26,6,,0,https://www.twitter.com/jooelmiiranda,https://pbs.twimg.com/profile_images/1670761153708818433/lqYE7UuS_normal.jpg,false,false
Girl.Cynophile,GirlCynophile,'1836286513048399873',true,2024-09-18 09:10:20,,0,7,62,0,,0,https://www.twitter.com/GirlCynophile,https://abs.twimg.com/sticky/default_profile_images/default_profile_normal.png,false,true
Mae Zepeda ✨,maezepeda12,'2205962871',true,2013-12-03 15:50:07,I’m 28 | Fav color - 🖤| Don’t stalk me you creeper 😏,63,46,369,53,,0,https://www.twitter.com/maezepeda12,https://pbs.twimg.com/profile_images/1835915073413365760/k5FX9LEd_normal.jpg,false,false
Vastvista,VastVista1,'1677518045328056322',false,2023-07-08 06:20:44,"Vast selections, endless possibilities.",7,3,17,3,New York,0,https://www.twitter.com/VastVista1,https://pbs.twimg.com/profile_images/1836503956798799872/kW1N1Jlf_normal.jpg,false,false
Betul,Betulkdl88,'1828119088805122048',false,2024-08-26 20:15:49,KOU BESYO 💙💛,0,1,25,10,,0,https://www.twitter.com/Betulkdl88,https://pbs.twimg.com/profile_images/1828120189524713472/RdImlOSK_normal.jpg,false,false
Aomar,_LOL_aomarrr,'485159170',false,2012-02-07 00:10:38,"Interior Design Enthusiast ♟️ Advocating for mental health and self-love ◽️ Architect behind CryptoFlow, a top liquidity management tool ◽️ Adrenaline junkie",17,35,93,143,,0,https://www.twitter.com/_LOL_aomarrr,https://pbs.twimg.com/profile_images/1832327785022681089/9HxaKOP0_normal.jpg,false,false
b,minustft,'1720420728229560320',true,2023-11-03 14:40:50,c le pv la,9533,41,136,29785,minus pv cercl,1548,https://www.twitter.com/minustft,https://pbs.twimg.com/profile_images/1792589112307785728/UdKjnTUI_normal.jpg,false,false
Eduardo Giovanni,Eduardogsxx,'1712510611534262272',false,2023-10-12 19:49:43,,0,8,233,31,,0,https://www.twitter.com/Eduardogsxx,https://pbs.twimg.com/profile_images/1712510873925771264/8KfTG_p1_normal.png,false,false
Pablo Ramos,pabli80,'260903345',false,2011-03-04 23:11:41,,7,7,25,1,"Madrid, Comunidad de Madrid",0,https://www.twitter.com/pabli80,https://abs.twimg.com/sticky/default_profile_images/default_profile_normal.png,false,false
Liliana Pavajeau,lilipavajeau,'1826449559066640384',false,2024-08-22 05:41:48,,0,0,69,0,,0,https://www.twitter.com/lilipavajeau,https://pbs.twimg.com/profile_images/1826449665597849600/m8FxmV-w_normal.png,false,false
Friono,FrionoHendrikS,'522801576',false,2012-03-13 04:31:01,,18,13,58,19,,0,https://www.twitter.com/FrionoHendrikS,https://abs.twimg.com/sticky/default_profile_images/default_profile_normal.png,false,false
Dacia,EZdacia,'2261104680',false,2013-12-25 08:10:22,"Crypto Asset Manager 🐚 Empowering people through blockchain technology 
Gadget guru — Playlist curator",20,47,124,142,,0,https://www.twitter.com/EZdacia,https://pbs.twimg.com/profile_images/1831944980568432640/xjMecnsr_normal.jpg,false,false
Mateus Camasmie,mateuscamasmie,'56585768',false,2009-07-14 06:00:42,,66,15,83,2,,0,https://www.twitter.com/mateuscamasmie,https://pbs.twimg.com/profile_images/1138231560484937730/F0FKIwSz_normal.jpg,false,false
Erick Novaes,novaes_erick7,'1836478592202457088',false,2024-09-18 21:53:35,,0,3,12,0,,0,https://www.twitter.com/novaes_erick7,https://pbs.twimg.com/profile_images/1836478990262902784/6-p4Ukfm_normal.jpg,false,false
Josue,__josueftw,'520512566',false,2012-03-10 17:59:29,"Interior Design Enthusiast 💼 Founded YouthEmpower, giving young minds the keys to success ▫️ Gardening guru 🌱 
Trailblazer",32,28,93,166,,0,https://www.twitter.com/__josueftw,https://pbs.twimg.com/profile_images/1832340607118839810/IVW36-Fp_normal.jpg,false,false
Za,iahmed098,'1836398081329500164',false,2024-09-18 16:33:24,,3,16,285,2,,1,https://www.twitter.com/iahmed098,https://pbs.twimg.com/profile_images/1836398440697466887/wji2VXYH_normal.jpg,false,false
Jazbell Natural Skin Products,JazbellNatural,'1834720349780688897',false,2024-09-14 01:27:17,We craft #naturalbeautyproducts that honor nature’s purity. We harness the power of #naturalingredients to create #skincare that #nourishes and #rejuvenates.,10,11,58,5,"Lafayette, California",6,https://www.twitter.com/JazbellNatural,https://pbs.twimg.com/profile_images/1834720952934137856/hZlVx3iv_normal.png,false,false
Cryptowizard,1cryptowizarddd,'2613379208',false,2014-07-09 14:12:49,Cryptocurrency Evangelist | Blockchain governance commentator,17,96,113,154,,0,https://www.twitter.com/1cryptowizarddd,https://pbs.twimg.com/profile_images/1832034060534697984/J_elSRwk_normal.jpg,false,false
Jeremy Garbisch,jgarbisch1,'1519294141695414276',true,2022-04-27 15:35:56,,2,18,213,500,,0,https://www.twitter.com/jgarbisch1,https://pbs.twimg.com/profile_images/1620284391355305984/wcZ818ZE_normal.jpg,false,false
Kevin Strasser,stras12271,'1836401034811338753',true,2024-09-18 16:45:22,Trust no One,0,0,183,63,"Halle (Saale), Germany",0,https://www.twitter.com/stras12271,https://pbs.twimg.com/profile_images/1836401522478915584/fQK-QAiy_normal.jpg,false,false
Helen Scott-Watson,HWatson77025,'1833776169105121280',false,2024-09-11 10:54:52,,0,1,25,1,,0,https://www.twitter.com/HWatson77025,https://abs.twimg.com/sticky/default_profile_images/default_profile_normal.png,false,false
rdl,rdl5149938196,'1836100758611079168',false,2024-09-17 20:52:04,,0,0,17,0,,0,https://www.twitter.com/rdl5149938196,https://abs.twimg.com/sticky/default_profile_images/default_profile_normal.png,false,false
Joanne,Joanne214821,'1825226977499815936',false,2024-08-18 20:43:43,,0,13,102,1,,0,https://www.twitter.com/Joanne214821,https://abs.twimg.com/sticky/default_profile_images/default_profile_normal.png,false,false
Lingzhi,8lingzhi_XDenj,'407198305',false,2011-11-07 21:32:09,"Blockchain Developer 💤 Paving the way for blockchain in governance 🏅 Launched a community literacy program  
Shutterbug",21,43,96,146,,0,https://www.twitter.com/8lingzhi_XDenj,https://pbs.twimg.com/profile_images/1832651038714626049/Gv2u34Rv_normal.jpg,false,false
Rozz,Rozz08565339,'878790028595523589',false,2017-06-25 04:40:44,Music- News-I Love JESUS😘,7346,70,60,11258,,11,https://www.twitter.com/Rozz08565339,https://pbs.twimg.com/profile_images/1172332409750056962/eR7XAAXf_normal.jpg,false,false
Dave,dclareIV,'1836444311778459655',false,2024-09-18 19:37:29,,0,14,60,24,,0,https://www.twitter.com/dclareIV,https://pbs.twimg.com/profile_images/1836444861630750720/-aJddIti_normal.jpg,false,false
Tosia,tosia290,'1834107084708745216',false,2024-09-12 08:50:07,,0,20,53,273,,0,https://www.twitter.com/tosia290,https://abs.twimg.com/sticky/default_profile_images/default_profile_normal.png,false,false
Laura Curran,laurajesscurran,'41668016',false,2009-05-21 23:20:45,,4,242,2263,4738,London,0,https://www.twitter.com/laurajesscurran,https://pbs.twimg.com/profile_images/1164912430620823552/YyeLOYME_normal.jpg,false,false
Celinda,procelinda,'2953099143',false,2014-12-31 15:52:26,"Everyday Philosopher ♒️ Nailing the balancing act of work and play 
Weekend warrior ⚔️ 💤 Decentralized autonomous organization (DAO) coordinator",4,16,24,25,,0,https://www.twitter.com/procelinda,https://pbs.twimg.com/profile_images/1837188707171901440/-ckUNHa1_normal.jpg,false,false
YansY,YaanssY,'887302748684865536',true,2017-07-18 16:27:15,"Arrêtez de prendre ce réseau au sérieux, on est là pour se distraire.",190,86,32,2045,🇫🇷 & 🇵🇹,1,https://www.twitter.com/YaanssY,https://pbs.twimg.com/profile_images/1834153873474277376/VYfaMo0J_normal.jpg,false,false
paolo prestes pica,pica_paolo32798,'1806543775201726464',true,2024-06-28 07:23:21,,7,157,352,10,,0,https://www.twitter.com/pica_paolo32798,https://pbs.twimg.com/profile_images/1806543888405934080/JpO1IcDP_normal.jpg,false,false
ostras,rb1099220171,'1631327711305056256',false,2023-03-02 18:17:01,Yo,1,1,62,5,,0,https://www.twitter.com/rb1099220171,https://pbs.twimg.com/profile_images/1720106351106424832/JLEf2eF8_normal.jpg,false,false
☭⃠fenr.irꑭ,fenr7r,'1832207467041710080',false,2024-09-07 03:01:40,🌲Shameless traditionalist 🌲.                             🇬🇷NA🇺🇳FO🇺🇦.           I lift more than you.   CIA FUNDED FOREIGN AGENT.,799,719,1208,498,35cm off the ground floating,275,https://www.twitter.com/fenr7r,https://pbs.twimg.com/profile_images/1832208060120526848/bRXmJxix_normal.jpg,false,true
RAJ,rajsavani08,'1686783768257040386',false,2023-08-02 19:59:51,,30,0,133,149,,0,https://www.twitter.com/rajsavani08,https://pbs.twimg.com/profile_images/1686787612777099264/xglladN0_normal.jpg,false,false
Dillan,DillanvHeerden,'1836435047118684160',false,2024-09-18 19:00:37,,2,4,33,18,,0,https://www.twitter.com/DillanvHeerden,https://pbs.twimg.com/profile_images/1836435384126816256/HcV6nSAs_normal.jpg,false,false
Sam Tunbridge,tunners123,'66659847',false,2009-08-18 14:46:06,Sports fanatic. Not much more to say.,4757,353,1301,8897,Canada,202,https://www.twitter.com/tunners123,https://pbs.twimg.com/profile_images/1601256238855208960/4VWa4oLb_normal.jpg,false,false
Sweety Majhi❣️,MajhiPhulo28287,'1835287937300226048',false,2024-09-15 15:02:24,,1,13,74,3,,1,https://www.twitter.com/MajhiPhulo28287,https://pbs.twimg.com/profile_images/1836431849951764480/clpd1erd_normal.jpg,false,false
Fares Waled,FaresWaled14818,'1836424918612729856',false,2024-09-18 18:20:12,,0,0,29,0,,0,https://www.twitter.com/FaresWaled14818,https://pbs.twimg.com/profile_images/1836424997490851840/2JXDpg5L_normal.png,false,false
Tonisha,tonisha_2grttt,'608998101',false,2012-06-15 11:55:48,"Holistic Wellness Warrior 🧳 Building trust in peer-to-peer transactions 
Neon nights navigator — Comfort connoisseur",56,144,252,949,,0,https://www.twitter.com/tonisha_2grttt,https://pbs.twimg.com/profile_images/1819908330745221120/QSIY2Vrm_normal.jpg,false,false
Abdoulaye Diagne,Abdoula08528823,'1095591620173545473',false,2019-02-13 09:52:52,je suis une personne qui aime s'occupée de quelques choses,3,12,152,186,,0,https://www.twitter.com/Abdoula08528823,https://pbs.twimg.com/profile_images/1095592043873820673/__nl3GqI_normal.jpg,false,false
SlungDunk 🚨,nishunitya361,'338974503',false,2011-07-20 14:41:40,web3 project manager | Passionate about encouraging people to take action for their decentralized dreams on web3.0 #COLLECTOR,230,458,182,1207,,0,https://www.twitter.com/nishunitya361,https://pbs.twimg.com/profile_images/1814214231539019776/SqD3CNYi_normal.jpg,false,false
Dorin,1dorin__,'2891600091',false,2014-11-25 05:42:04,Crypto Finance Author 🐵 Advisor on blockchain policy to the European Parliament,4,14,16,25,,0,https://www.twitter.com/1dorin__,https://pbs.twimg.com/profile_images/1837106849742540800/cRAUlLgS_normal.jpg,false,false
SichelDorfmark,SichelDorfmark,'1566178436942417921',false,2022-09-04 00:37:21,,0,0,20,0,,0,https://www.twitter.com/SichelDorfmark,https://pbs.twimg.com/profile_images/1566178559801954304/yaNCBQWf_normal.jpg,false,false
ناصر ٢,a1iTpDAT2CtD9kx,'1322916190717661184',true,2020-11-01 17:00:02,v,108,1,242,193,فوق اي ارض وتحت اي سماء,1,https://www.twitter.com/a1iTpDAT2CtD9kx,https://abs.twimg.com/sticky/default_profile_images/default_profile_normal.png,false,false
Nebil,_nebilpwnd,'2850269604',false,2014-10-10 15:42:41,"Artistic Soul ▫️ Redefining success on my own terms 
Implemented a community-driven tree planting initiative 🔸 Language polyglot 🗣️",263,39,53,38,,7,https://www.twitter.com/_nebilpwnd,https://pbs.twimg.com/profile_images/1837181568420302848/uQuIzeC7_normal.jpg,false,false
Alicja Smyklińska,asmyklinska,'1835056994442448896',false,2024-09-14 23:44:33,,0,0,9,0,,0,https://www.twitter.com/asmyklinska,https://abs.twimg.com/sticky/default_profile_images/default_profile_normal.png,false,false
Izolda,3mkr_izolda,'2309314411',false,2014-01-25 04:56:49,Mystery Novel Detective ®️ Mat warrior,24,37,80,193,,0,https://www.twitter.com/3mkr_izolda,https://pbs.twimg.com/profile_images/1828734907805265920/jbljketc_normal.jpg,false,false
Layla,lalypoetcs,'1128809441632165888',false,2019-05-16 02:48:37,Ao verme que primeiro roeu as frias carnes do meu cadáver dedico como saudosa lembrança estes tweets.,6144,1023,2102,33359,Middle-earth/dragonstone,1416,https://www.twitter.com/lalypoetcs,https://pbs.twimg.com/profile_images/1821546374715891712/335rYgR3_normal.jpg,false,false
Tabatha,_0tabatha_mkr,'1561084718',false,2013-07-01 20:41:57,Nature Lover 🐚 Harnessing the power of laughter for healing 🧙🏼‍♀️ Crypto investment strategist with a record 300% ROI in 2021 🔅 Concrete wave rider,25,34,96,155,,0,https://www.twitter.com/_0tabatha_mkr,https://pbs.twimg.com/profile_images/1832657399393505280/l6OhAK8y_normal.jpg,false,false
Adam Dolby,adamcdolby,'1625110184908718080',false,2023-02-13 14:30:54,"Average dude that's a runner and sports lover!
Coach of Dolbys Destroyers - FPL and AFL Fantasy
Supporter of Freo Dockers and Chelsea FC
Casual FIFA player!",3,14,94,0,"Perth, Western Australia",3,https://www.twitter.com/adamcdolby,https://pbs.twimg.com/profile_images/1835293437484253184/L8GtdR8a_normal.jpg,false,false
Quantumquarry,_6quantumquarr,'404038731',false,2011-11-03 12:52:23,"Astrology Buff 🛡️ Advocating for balance in the crypto economy 
Handmade hero | Kitchen alchemist",27,15,33,21,,0,https://www.twitter.com/_6quantumquarr,https://pbs.twimg.com/profile_images/1837121569652383744/wWz8Igy3_normal.jpg,false,false
COCO GAUF PR𝕏𝕏𝕏,J0_0223,'1773910357301411840',false,2024-03-30 05:10:14,"aLL things 
     @CocoGauff 🎯",123,5,426,500,,15,https://www.twitter.com/J0_0223,https://pbs.twimg.com/profile_images/1773912822897885184/PpYseVHA_normal.jpg,false,false
