name,username,userId,can_dm,created_at,bio,tweets_count,followers_count,following_count,favourites_count,location,media_count,profile_url,avatar_url,verified,blue_verified
Lucien CHARLES,CharlesLuc34630,'1837591037390487552',false,2024-09-21 23:34:01,,0,3,3,0,,0,https://www.twitter.com/CharlesLuc34630,https://pbs.twimg.com/profile_images/1837591135134343168/_oFObnza_normal.png,false,false
Danial Saleh zadeh,84_slz,'1691396474892869634',false,2023-08-15 13:32:13,,1,0,110,0,,0,https://www.twitter.com/84_slz,https://pbs.twimg.com/profile_images/1691397375091175424/XnUUrhNv_normal.jpg,false,false
Fit Bay,FitBayShop,'1340676696291336194',false,2020-12-20 17:13:44,Fitness & Bikini Shop        #fitness #bikini,3,6,1423,76,,2,https://www.twitter.com/FitBayShop,https://pbs.twimg.com/profile_images/1340676869910347776/TOQ4e8mi_normal.jpg,false,false
Igor Lukic,kelikoza,'1837590312530677760',false,2024-09-21 23:31:14,,0,3,1,0,,0,https://www.twitter.com/kelikoza,https://pbs.twimg.com/profile_images/1837590434375172096/ehDh7X5S_normal.png,false,false
DKWilliams,avila56,'33271557',false,2009-04-19 21:27:59,,309,7,121,489,,1,https://www.twitter.com/avila56,https://abs.twimg.com/sticky/default_profile_images/default_profile_normal.png,false,false
Berat Ergün,beraterrgun,'1322970144600195074',true,2020-11-01 20:34:05,"@galatasaraysk
@manutd
@futesportsgg",28,20,400,1906,,9,https://www.twitter.com/beraterrgun,https://pbs.twimg.com/profile_images/1837602765658353664/XIjXsQRj_normal.jpg,false,false
jurgita keciulyte,JurgitaJJ,'1598292619720904705',false,2022-12-01 14:27:33,,23,8,17,179,Spain,3,https://www.twitter.com/JurgitaJJ,https://pbs.twimg.com/profile_images/1598293066439397376/_BUqL5Ed_normal.jpg,false,false
Gary metcalfe,Garymetcal64763,'1837579084567916544',false,2024-09-21 22:46:45,,0,5,109,0,,0,https://www.twitter.com/Garymetcal64763,https://abs.twimg.com/sticky/default_profile_images/default_profile_normal.png,false,false
SplashLaVida,splashlavida,'1835017560204414977',true,2024-09-14 21:07:54,Ride the Waves of Creativity with Splash La Vida! 💦,0,86,535,0,Decentralized,0,https://www.twitter.com/splashlavida,https://pbs.twimg.com/profile_images/1835019844867022848/URP59a_0_normal.jpg,false,false
AldoAncheyta,Aldpmk,'1828657272903372800',false,2024-08-28 07:54:17,,0,13,16,330,,0,https://www.twitter.com/Aldpmk,https://pbs.twimg.com/profile_images/1829622889101889536/NCzZVsVP_normal.jpg,false,false
Kwemboyi Mubarak,KwemboyiM63934,'1806022165026017281',false,2024-06-26 20:51:25,,18,6,215,21,,5,https://www.twitter.com/KwemboyiM63934,https://pbs.twimg.com/profile_images/1808744112369381376/TpWkzpK9_normal.jpg,false,false
David Fernandez,DavidFe16852582,'1831462229020966912',false,2024-09-05 01:40:12,🌙🌔🌗🌘🌑⭐️🌟✨🌏🌍🌙🌻🌼🌸🥀🪻🪷🌧️⛈️🌧️☁️❄️☃️💦💨💨🌊🍏🍎🍇🫛🍉🥒🍐🍐🥑🥬,26,21,105,18,,1,https://www.twitter.com/DavidFe16852582,https://pbs.twimg.com/profile_images/1832118129100500992/-_SS3lRl_normal.jpg,false,false
Eurita,SeeSandSon,'1812411257737105408',false,2024-07-14 11:58:41,,5,0,137,517,,0,https://www.twitter.com/SeeSandSon,https://abs.twimg.com/sticky/default_profile_images/default_profile_normal.png,false,false
Zoran Sipitic,zsipitic,'1837575245437542400',false,2024-09-21 22:31:27,,1,5,70,239,"Novi Sad, Republic of Serbia",1,https://www.twitter.com/zsipitic,https://pbs.twimg.com/profile_images/1837579224422445056/pzmRmGq5_normal.jpg,false,false
teresa,mtpsbf,'1754946710894149632',false,2024-02-06 21:15:03,,3,5,24,18,,0,https://www.twitter.com/mtpsbf,https://pbs.twimg.com/profile_images/1754946826250100736/Wyz3wbqj_normal.png,false,false
🤲BelyA🤲,murat_gndgdu89,'4640921543',true,2015-12-29 09:53:27,"“Beni yaratan elbet yolumu gösterir.” (Şuara 78). ‘ الْحَمْدُ لِلَّهِ عَلَى كُلِّ حَالٍ ’ ‘Elhamdülillah Ala Külli Hal’
🤲🤲🤲
( Belyâ - Melkân - Ebu'l Abbas )",1490,66,630,53,Republic of Mozambique,131,https://www.twitter.com/murat_gndgdu89,https://pbs.twimg.com/profile_images/1014484833471430656/zDeKtedV_normal.jpg,false,false
FREE ROBERTOCS CLANDERSTINO :CF:,Prflowelmessiah,'1828956243173498880',true,2024-08-29 03:42:25,Real G4 Life,6,67,738,4,,5,https://www.twitter.com/Prflowelmessiah,https://pbs.twimg.com/profile_images/1828961294398951424/MKA81jmR_normal.jpg,false,false
Gordon Freeman,GordonFree408,'1837214488669356032',false,2024-09-20 22:37:54,,0,3,31,0,,0,https://www.twitter.com/GordonFree408,https://abs.twimg.com/sticky/default_profile_images/default_profile_normal.png,false,false
Big Al,al_princeabubu,'4336221798',false,2015-11-23 19:48:33,Preaching Financial Freedom since 2019. @OrlandoMagic Diehard Fan. Traveling and being a foodie are my hobbies #MagicTogether Addicted to #NBATwitter #IFB,8962,1765,2597,27777,"Orlando, FL",567,https://www.twitter.com/al_princeabubu,https://pbs.twimg.com/profile_images/1749090537385107456/ejlzKJsw_normal.jpg,false,false
Boluwatife Emmanuel Ajagunna,Boluwatife60571,'1837570190713716736',false,2024-09-21 22:11:14,,0,3,311,45,,0,https://www.twitter.com/Boluwatife60571,https://pbs.twimg.com/profile_images/1837570300860682243/QtDpLOF0_normal.png,false,false
*,Show_Offffff,'1322345824735678466',false,2020-10-31 03:13:33,,734,0,5284,36315,,5,https://www.twitter.com/Show_Offffff,https://pbs.twimg.com/profile_images/1819328913727766529/4OY-8rd8_normal.jpg,false,false
শ্বাহৰুখ,mdsharukhkhan21,'1380356879646289926',false,2021-04-09 06:08:33,জিকিলে জিকিব হাৰিলে শিকিব যি হয় হ'ব হাঁহিব নেৰিব। 🌼🌸🥀,222,280,820,2032,"Assam, India",52,https://www.twitter.com/mdsharukhkhan21,https://pbs.twimg.com/profile_images/1731753411115425793/eYCI6-eZ_normal.jpg,false,false
ADULOJU FAVOUR EIOLA,EiolaFavour,'1740724343322058753',false,2023-12-29 15:20:10,DJ ENNY,46,331,1227,32,🇬🇧 ,2,https://www.twitter.com/EiolaFavour,https://pbs.twimg.com/profile_images/1826913648767275008/34DZaxX1_normal.jpg,false,false
m,goatrenka,'1350659400814497793',false,2021-01-17 06:21:19,mentally in 2014,23021,751,424,16435,,3207,https://www.twitter.com/goatrenka,https://pbs.twimg.com/profile_images/1835513625932333056/XfdJ0QYc_normal.jpg,false,false
Commendatore,Commendatore__,'321137047',true,2011-06-21 05:40:23,Steady lads!,2442,448,899,78451,,110,https://www.twitter.com/Commendatore__,https://pbs.twimg.com/profile_images/1725836017398153216/k1E5CMgD_normal.jpg,false,true
Sunil Abhivyakti🇮🇳,SunilAbhivyakti,'808727735036219392',true,2016-12-13 19:38:12,Social worker,20956,183,191,100303,"Delhi,India ",93,https://www.twitter.com/SunilAbhivyakti,https://pbs.twimg.com/profile_images/1578754246433906688/HoVZPOhW_normal.jpg,false,false
the last air bender😬,benat_kariuki,'1450780954251911175',false,2021-10-20 14:08:47,underrated twizz gotta put respect on my name,137,193,983,4688,,1,https://www.twitter.com/benat_kariuki,https://pbs.twimg.com/profile_images/1630922272734060546/xtN9vYxH_normal.jpg,false,false
KiriNev,KiriMonoral,'1837557698579021824',false,2024-09-21 21:21:26,,0,0,1,0,,0,https://www.twitter.com/KiriMonoral,https://abs.twimg.com/sticky/default_profile_images/default_profile_normal.png,false,false
Pakawan Ounsuwan,PakawanOunsuwa1,'1586693162835537922',false,2022-10-30 14:16:29,,1,7,40,10,,0,https://www.twitter.com/PakawanOunsuwa1,https://pbs.twimg.com/profile_images/1586693522664849408/mQ-SqqK4_normal.png,false,false
Turbo V8,gunners_glory13,'1835345988308856832',true,2024-09-15 18:52:51,#Gunner sinceday1 #COYG #F1Life #AutoEnthusiast,10,14,57,3,"delhi, India",0,https://www.twitter.com/gunners_glory13,https://pbs.twimg.com/profile_images/1836486617701199872/Exo-gbRF_normal.jpg,false,false
Артур,Artur372051,'1837517600340770816',false,2024-09-21 18:42:04,,0,14,392,0,,0,https://www.twitter.com/Artur372051,https://pbs.twimg.com/profile_images/1837517660851961857/Msc0qZhh_normal.jpg,false,false
John Guarco,johnguarco,'1837358259985952768',false,2024-09-21 08:10:20,,0,20,168,42,,0,https://www.twitter.com/johnguarco,https://pbs.twimg.com/profile_images/1837358924757860352/WXQkLxfy_normal.jpg,false,false
Brandt Rollins,RollinsBniba,'1708943870363635712',false,2023-10-02 23:36:01,,0,3,20,1,,0,https://www.twitter.com/RollinsBniba,https://pbs.twimg.com/profile_images/1708943945185873920/GKd1_yXj_normal.png,false,false
Manos Kranidis-Μάνος Κρανίδης,mkranidis,'61180540',true,2009-07-29 15:17:40,"Πολιτικός Μηχανικός ΕΜΠ,Civil engineer NTUA, MSc Carnegie Mellon, CEO Krama Property, ΔΣ ΠΟΜΙΔΑ, Δημοτικός Σύμβουλος Χαλανδρίου.",4611,399,318,2217,Athens,1022,https://www.twitter.com/mkranidis,https://pbs.twimg.com/profile_images/1731997019860770816/W8REMLY1_normal.jpg,false,true
Danijela Stojiljkovic,Danijelas1980,'1837548378428735488',false,2024-09-21 20:44:35,,0,1,6,0,,0,https://www.twitter.com/Danijelas1980,https://abs.twimg.com/sticky/default_profile_images/default_profile_normal.png,false,false
Gabrijel,Gabrijel487386,'1837547762352902144',false,2024-09-21 20:41:47,,0,3,2,0,,0,https://www.twitter.com/Gabrijel487386,https://abs.twimg.com/sticky/default_profile_images/default_profile_normal.png,false,false
Ra Amon,RaAmon333,'1808809086605275138',false,2024-07-04 13:27:55,,1,24,20,1,,0,https://www.twitter.com/RaAmon333,https://pbs.twimg.com/profile_images/1808809963659407363/EPbwfQP2_normal.png,false,false
Sakin Ahmed,sakinahmed547,'1831370470559719424',false,2024-09-04 19:36:52,,1,3,53,1,,1,https://www.twitter.com/sakinahmed547,https://pbs.twimg.com/profile_images/1831370858214125568/cjhxqFyU_normal.jpg,false,false
fof,absiwowj,'1645551778442690562',false,2023-04-11 01:18:22,,2,1,15,0,,0,https://www.twitter.com/absiwowj,https://pbs.twimg.com/profile_images/1838367114819784704/ETfqASR7_normal.jpg,false,false
ArthurSAGA,ChanArthur14,'1440615397623955465',false,2021-09-22 12:54:40,,792,173,871,3362,香港,418,https://www.twitter.com/ChanArthur14,https://pbs.twimg.com/profile_images/1441501059172560897/vhEvy14I_normal.jpg,false,false
Jay Ford,jayccfc1,'2591551666',false,2014-06-08 11:47:08,,18,96,90,13,,0,https://www.twitter.com/jayccfc1,https://pbs.twimg.com/profile_images/1174023781133770752/ZYmuQeqk_normal.jpg,false,false
Lohith,Lohith006328843,'1837179747907850240',false,2024-09-20 20:19:39,,0,9,250,76,,0,https://www.twitter.com/Lohith006328843,https://pbs.twimg.com/profile_images/1837180007606599680/wt6d8RWI_normal.jpg,false,false
Rahul Patel,RahulPa79370763,'891291173444362240',false,2017-07-29 16:35:49,,714,2482,2969,968,"Bhopal, India",5,https://www.twitter.com/RahulPa79370763,https://pbs.twimg.com/profile_images/1822149819994955778/VEqwQNmT_normal.jpg,false,true
Pepe for liberty,pepe_fliberty,'1834256683616366592',false,2024-09-12 18:44:28,Libertário. Bardo do capitalismo. Autor de artigos para @Mises_Portugal_ @jmilei @raphaellimasp,47,23,97,584,Portugal,2,https://www.twitter.com/pepe_fliberty,https://pbs.twimg.com/profile_images/1837548130549534721/Cv9HfHBs_normal.jpg,false,false
Валентина,Valentina226061,'1837529498134142976',false,2024-09-21 19:29:27,,0,0,1,0,,0,https://www.twitter.com/Valentina226061,https://pbs.twimg.com/profile_images/1837529587586420738/J0FlkhpL_normal.jpg,false,false
ccg,ccg744273642853,'1837526676227366912',false,2024-09-21 19:18:11,,0,2,13,5,,0,https://www.twitter.com/ccg744273642853,https://abs.twimg.com/sticky/default_profile_images/default_profile_normal.png,false,false
Zeeeee,Thuga_Zee,'1836476978322423808',false,2024-09-18 21:46:54,,0,3,7,41,,0,https://www.twitter.com/Thuga_Zee,https://abs.twimg.com/sticky/default_profile_images/default_profile_normal.png,false,false
Vishnu Punia Bishnoi,Punia029,'1316584794914840576',false,2020-10-15 06:41:02,jai jambho ji 🙏,696,508,1233,5955,"Siwani, India",185,https://www.twitter.com/Punia029,https://pbs.twimg.com/profile_images/1761426513143156736/2gHETjbS_normal.jpg,false,false
StefkeDev,StefkeAcab,'1327326624413593600',false,2020-11-13 21:05:13,,7,3,14,28,"Belgrade, Republic of Serbia",0,https://www.twitter.com/StefkeAcab,https://pbs.twimg.com/profile_images/1676654629185003522/VFz3sbCQ_normal.png,false,false
Nemanja Kojčić,nemanja_kojcic,'1558030923215536131',false,2022-08-12 13:02:33,"Be the type of person that when your feet touch the floor in the morning the devil says, aww shit.. they're up",5,5,10,674,,5,https://www.twitter.com/nemanja_kojcic,https://pbs.twimg.com/profile_images/1807915522870095872/6PWk8nK8_normal.jpg,false,false
Milica Egić,ilikdkdi42,'1837518139170357248',false,2024-09-21 18:44:24,,0,0,7,0,,0,https://www.twitter.com/ilikdkdi42,https://pbs.twimg.com/profile_images/1837518248406867968/grtmOd1i_normal.png,false,false
Esteban,Salvator_15,'1355492721453125635',true,2021-01-30 14:27:16,,43,45,108,519,,1,https://www.twitter.com/Salvator_15,https://pbs.twimg.com/profile_images/1829506763646803972/-QYUcYM1_normal.jpg,false,false
Begüm,Begoobagci,'1837515511204052993',false,2024-09-21 18:33:45,,1,7,16,33,,0,https://www.twitter.com/Begoobagci,https://pbs.twimg.com/profile_images/1837515794780958720/a33xtTUb_normal.jpg,false,false
Glen Ferguson,GlenFer37499337,'1473221355453755395',false,2021-12-21 11:20:07,"retired, gwm,  not interested in females
females will be blocked",10,104,3241,34,South Florida,0,https://www.twitter.com/GlenFer37499337,https://pbs.twimg.com/profile_images/1473221736141410304/e2UFX3lJ_normal.png,false,false
rudolf desmond,DesmondRudolf,'1356196389492043778',false,2021-02-01 13:03:24,,42,80,423,496,,10,https://www.twitter.com/DesmondRudolf,https://pbs.twimg.com/profile_images/1703740510731448321/vS2Zbaex_normal.jpg,false,false
Rubia ✨,chicarubia76,'3896757139',false,2015-10-15 02:32:30,,31,9,34,107,,3,https://www.twitter.com/chicarubia76,https://pbs.twimg.com/profile_images/1440309381317292033/yD95r-kN_normal.jpg,false,false
Vivek,Vivek8538745633,'1835860198571008000',false,2024-09-17 04:56:12,,0,2,594,0,"Melbourne, Victoria",0,https://www.twitter.com/Vivek8538745633,https://abs.twimg.com/sticky/default_profile_images/default_profile_normal.png,false,false
Alex Louis,AlexSejinLouis,'1803059433720733696',false,2024-06-18 16:37:32,,0,169,41,0,,0,https://www.twitter.com/AlexSejinLouis,https://abs.twimg.com/sticky/default_profile_images/default_profile_normal.png,false,false
Petra R,PetraRossouw,'901514762',false,2012-10-24 12:28:20,,62,19,137,604,,2,https://www.twitter.com/PetraRossouw,https://pbs.twimg.com/profile_images/847680739340566528/vsbnrnR9_normal.jpg,false,false
Taresi,Taresi78Rd,'1834348175022530560',false,2024-09-13 00:47:42,,0,4,37,0,,0,https://www.twitter.com/Taresi78Rd,https://pbs.twimg.com/profile_images/1834348195641786369/_n2iEFjW_normal.jpg,false,false
Phuochoang300895,Phuochoang3008,'1837497348358127616',false,2024-09-21 17:21:49,mê gym,26,8,171,2,Tp Hồ Chí Minh,0,https://www.twitter.com/Phuochoang3008,https://pbs.twimg.com/profile_images/1837497705431797760/OpBR-8f2_normal.jpg,false,false
Anand,Anand279581,'1795349367244853248',false,2024-05-28 10:00:48,,0,13,61,0,,0,https://www.twitter.com/Anand279581,https://abs.twimg.com/sticky/default_profile_images/default_profile_normal.png,false,false
venkatakrishnan Boopathy,venkatkrish23,'1833779205970014208',false,2024-09-11 11:07:02,,0,28,184,0,,0,https://www.twitter.com/venkatkrish23,https://pbs.twimg.com/profile_images/1833779270046322688/M8QYfptc_normal.png,false,false
Azureuuu,Azureuuu_,'1476068141977399301',false,2021-12-29 07:51:03,,20,12,31,7,,0,https://www.twitter.com/Azureuuu_,https://pbs.twimg.com/profile_images/1820326954580508672/KKl8x3aa_normal.jpg,false,false
Sami Elmahi,sami_elmah,'1837501017706942464',false,2024-09-21 17:36:21,"Creative and dedicated Graphic Designer with 2 years of experience, Proficient in Adobe Illustrator, Photoshop, and AI design tools.",15,0,10,0,,0,https://www.twitter.com/sami_elmah,https://pbs.twimg.com/profile_images/1837511814373863424/22DLr9gp_normal.jpg,false,false
Sathish_vbz,Sathish_VBZz,'1006457159607914496',false,2018-06-12 11:44:20,I mN E v i t a b l e. 💪🏼,175,78,770,1000,,1,https://www.twitter.com/Sathish_VBZz,https://pbs.twimg.com/profile_images/1640743684571533312/bpwUio4V_normal.jpg,false,false
Goitom Asmelash,goitom_a87886,'1837498277400322049',false,2024-09-21 17:27:13,,0,3,74,0,Ethiopia,0,https://www.twitter.com/goitom_a87886,https://pbs.twimg.com/profile_images/1837498824857677824/XOPeTLTm_normal.png,false,false
Be Still,Alexkaymk,'3222249356',false,2015-05-21 15:08:18,Trust God.,34,130,11,69,,0,https://www.twitter.com/Alexkaymk,https://pbs.twimg.com/profile_images/1837500386061471744/Jb2voxNT_normal.jpg,false,false
KirreGia,kementzetzides,'1455167582579867661',false,2021-11-01 15:39:40,,241,47,245,176,,6,https://www.twitter.com/kementzetzides,https://pbs.twimg.com/profile_images/1455167660271017996/0w4ILK56_normal.jpg,false,false
Roy Wu,roywu_cr7siu,'1837487263489699840',false,2024-09-21 16:41:38,,20,7,123,41,,0,https://www.twitter.com/roywu_cr7siu,https://pbs.twimg.com/profile_images/1837487354212503553/MU9hplIG_normal.jpg,false,false
paatsyer 1uk,paatsyer1uk,'1810672060093628416',false,2024-07-09 16:47:55,,0,24,37,0,,0,https://www.twitter.com/paatsyer1uk,https://pbs.twimg.com/profile_images/1810672235491037184/zNCxsJwF_normal.png,false,false
Primo,Tim427981120634,'1836415995868811264',false,2024-09-18 17:44:47,,3,22,224,0,Riyadh,3,https://www.twitter.com/Tim427981120634,https://pbs.twimg.com/profile_images/1836421044589953025/Fcx4e8qL_normal.jpg,false,false
路远,luyuanz7,'1821923824914591746',false,2024-08-09 17:57:56,,0,0,4,4,南昌,0,https://www.twitter.com/luyuanz7,https://pbs.twimg.com/profile_images/1821960863726866432/6SoBhQMC_normal.jpg,false,false
James🇱🇱🇷,Charlotte26963,'1820866797081645056',false,2024-08-06 19:57:55,,27,79,1170,11,,6,https://www.twitter.com/Charlotte26963,https://pbs.twimg.com/profile_images/1836976971311374336/WxTB1vhf_normal.jpg,false,false
costa qiu,costa_qiu93513,'1828032201952288769',false,2024-08-26 14:30:25,,0,11,79,0,,0,https://www.twitter.com/costa_qiu93513,https://pbs.twimg.com/profile_images/1828032248441921537/1hLuPrXv_normal.png,false,false
White Shark,shark90516,'1837488967077281792',false,2024-09-21 16:48:32,,0,5,37,0,,0,https://www.twitter.com/shark90516,https://pbs.twimg.com/profile_images/1837489413472894976/1_jkq2-Y_normal.jpg,false,false
َ,7amezX,'1836878870613831680',false,2024-09-20 00:23:51,,0,10,486,225,زهـــــران 𝟕𝟎𝟐 𖠲,0,https://www.twitter.com/7amezX,https://pbs.twimg.com/profile_images/1837279344428797953/EYhcc9qz_normal.jpg,false,false
Kaye Barron,kaye42020,'1835028941809020928',false,2024-09-14 21:54:59,,296,5,25,245,,0,https://www.twitter.com/kaye42020,https://abs.twimg.com/sticky/default_profile_images/default_profile_normal.png,false,false
Botond,Botond190,'1837482410700685312',true,2024-09-21 16:22:34,,0,8,15,0,,0,https://www.twitter.com/Botond190,https://pbs.twimg.com/profile_images/1837539388265320449/0LezWtm1_normal.jpg,false,false
Phelipe Siani,PhelipeSia3288,'1829880644777775104',false,2024-08-31 16:55:40,"Palestrante, comunicador e empresário Âncora 
@cnnbrasil
 Sócio-fundador 
@albuquerquecontent

 Sócio 
@trofeostudio
 Comercial 👇 rafa.domingues@phsholding.com",0,39,2537,0,Brasil,0,https://www.twitter.com/PhelipeSia3288,https://pbs.twimg.com/profile_images/1829880824323317760/UEgw7d0n_normal.jpg,false,false
milenko,milenkokokeza,'1828387859780235264',true,2024-08-27 14:04:53,,185,92,583,2291,,8,https://www.twitter.com/milenkokokeza,https://pbs.twimg.com/profile_images/1837194356308004864/AxCx2LST_normal.jpg,false,false
my way,myway5815942541,'1771927875517562880',false,2024-03-24 17:53:13,,46,5,33,1652,,12,https://www.twitter.com/myway5815942541,https://pbs.twimg.com/profile_images/1771928822318764032/Bk2G0jcd_normal.jpg,false,false
Ngân Hà,NganHasuna,'1829765594792804352',false,2024-08-31 09:20:18,,2,50,212,10,,1,https://www.twitter.com/NganHasuna,https://pbs.twimg.com/profile_images/1829766567246082048/TMh9ce0L_normal.jpg,false,false
SMK,asdzzzqqq0,'1760546758000574464',false,2024-02-22 08:07:30,,0,32,56,0,,0,https://www.twitter.com/asdzzzqqq0,https://pbs.twimg.com/profile_images/1760546839168745472/q9DK05Gs_normal.png,false,false
Condré Oncke,CondreOncke,'1212378257770733568',false,2020-01-01 16:21:24,Maylin Oncke❤🤞🌍😍,12,63,950,240,"Calvinia, South Africa",3,https://www.twitter.com/CondreOncke,https://pbs.twimg.com/profile_images/1811332393623822336/Yoc4Sdjr_normal.jpg,false,false
Bor Razinger,RazingerBo52846,'1837463977565057024',false,2024-09-21 15:08:53,,0,12,61,1,,0,https://www.twitter.com/RazingerBo52846,https://pbs.twimg.com/profile_images/1837464014076493824/bfmw__ov_normal.png,false,false
Ashley,thedog50378,'1828224818203754496',false,2024-08-27 03:15:52,"♡18♡|
'Cause you could die if you take it alone-☆Deftones☆|😜",62,3,77,163,cat island ,0,https://www.twitter.com/thedog50378,https://pbs.twimg.com/profile_images/1837443799317925889/QHz4uxiD_normal.jpg,false,false
Arshil Ahnaf,AhnafArshil,'1837341912342351872',false,2024-09-21 07:05:00,,1,0,34,6,,0,https://www.twitter.com/AhnafArshil,https://pbs.twimg.com/profile_images/1837365638089822208/jzrL_6PU_normal.jpg,false,false
Sharon Mwende,mwende_sha21170,'1818556820207595521',false,2024-07-31 10:58:55,,0,3,84,2,,0,https://www.twitter.com/mwende_sha21170,https://pbs.twimg.com/profile_images/1832302051683909632/xeVR5AEJ_normal.jpg,false,false
indio88🇪🇸,RubenPostigoRi1,'1495476168568541200',false,2022-02-20 21:11:49,𝕲𝖔𝖙𝖙 𝖒𝖎𝖙 𝖚𝖓𝖘,46,37,313,8,"los boliches,MÁLAGA ",0,https://www.twitter.com/RubenPostigoRi1,https://pbs.twimg.com/profile_images/1548632434966765569/5d-R0E9o_normal.jpg,false,false
Aaron Miranda,Aaronmiranda11,'387035042',true,2011-10-08 13:42:58,,746,71,1540,10953,,112,https://www.twitter.com/Aaronmiranda11,https://pbs.twimg.com/profile_images/1635090289839808513/R_UxHrPc_normal.jpg,false,true
محمد الوحيشي,eViVx0Uvq54x0mV,'1271658784830689280',false,2020-06-13 07:21:16,طبيب تخدير وعناية فائقة,1,5,76,20,ليبيا,0,https://www.twitter.com/eViVx0Uvq54x0mV,https://pbs.twimg.com/profile_images/1271661624072511493/8VASS_Sz_normal.jpg,false,false
Andres Cerda,ACerda_,'1829671374194958336',false,2024-08-31 03:04:07,,0,12,20,0,,0,https://www.twitter.com/ACerda_,https://pbs.twimg.com/profile_images/1829671472295473153/E_-MEwjW_normal.png,false,false
Donyduty,HarperYu_Seven,'1649336229866127364',true,2023-04-21 11:56:35,,0,0,269,59,"Wan Chai District, Hong Kong",0,https://www.twitter.com/HarperYu_Seven,https://pbs.twimg.com/profile_images/1649342731028951040/HRpe978X_normal.jpg,false,false
yaks,yagsjunior00,'1837279072126144512',false,2024-09-21 02:54:12,,0,8,183,42,,0,https://www.twitter.com/yagsjunior00,https://pbs.twimg.com/profile_images/1837280192491827200/8cgpstT3_normal.jpg,false,false
T-jay Kerr,tjayk224,'1837452080363012096',false,2024-09-21 14:21:42,,0,0,39,117,,0,https://www.twitter.com/tjayk224,https://pbs.twimg.com/profile_images/1837452247371857920/qr8o_sVy_normal.jpg,false,false
Nguyen Anh Tuan,NguyenA93990211,'1484788828141682692',false,2022-01-22 09:23:52,I’m a teacher,851,484,1659,36443,,2,https://www.twitter.com/NguyenA93990211,https://abs.twimg.com/sticky/default_profile_images/default_profile_normal.png,false,false
CeeJay Alicum,pngbldlng,'1830088546671345667',true,2024-09-01 06:41:37,,0,16,26,0,,0,https://www.twitter.com/pngbldlng,https://pbs.twimg.com/profile_images/1830088637549080576/mKfnHD8x_normal.jpg,false,false
Yitbarek Tunga,Yitbe987,'1837448671413112832',false,2024-09-21 14:08:27,,0,3,9,0,,0,https://www.twitter.com/Yitbe987,https://pbs.twimg.com/profile_images/1837448802485309441/eOz58JLK_normal.jpg,false,false
gjxdd,gjxdd258015,'1837448299772891137',false,2024-09-21 14:06:46,,0,3,5,0,,0,https://www.twitter.com/gjxdd258015,https://abs.twimg.com/sticky/default_profile_images/default_profile_normal.png,false,false
iztok Kresnik,kresnik_iz94500,'1837446856860721152',false,2024-09-21 14:02:05,,0,3,52,0,,0,https://www.twitter.com/kresnik_iz94500,https://pbs.twimg.com/profile_images/1837447203201159170/CkK7PfXg_normal.png,false,false
Vivek Vaghasiya,vvivek2054,'1837437374466273280',false,2024-09-21 13:23:23,,0,0,19,0,,0,https://www.twitter.com/vvivek2054,https://abs.twimg.com/sticky/default_profile_images/default_profile_normal.png,false,false
Faisal105,Abukhaled_105,'1837197000632131584',false,2024-09-20 21:28:04,,15,4,400,68,,1,https://www.twitter.com/Abukhaled_105,https://pbs.twimg.com/profile_images/1837524272190754816/MORUNEU5_normal.jpg,false,false
sina,sina_jabbari__,'1622557148940050434',false,2023-02-06 13:25:59,,1,0,9,7,,0,https://www.twitter.com/sina_jabbari__,https://pbs.twimg.com/profile_images/1822699569370591232/kD9bQFiJ_normal.jpg,false,false
peter jones,peterjo87889902,'1362899967128535040',false,2021-02-20 01:01:00,live and lets live,2,5,35,8,United states ,0,https://www.twitter.com/peterjo87889902,https://pbs.twimg.com/profile_images/1366184167218835456/JeK3_1Ha_normal.jpg,false,false
Imran Maradun,Imejabs,'360588589',false,2011-08-23 16:06:06,Victorious & Ambitious!,95,115,1507,49551,"Federal Capital Territory, Nig",0,https://www.twitter.com/Imejabs,https://pbs.twimg.com/profile_images/1829249734491430913/pcmE7lG-_normal.jpg,false,false
Ro Samin khan,msksaminkhan,'1795800386965823488',false,2024-05-29 15:52:59,I love Allah,15,217,4249,1805,"Cox's Bazar, Bangladesh",11,https://www.twitter.com/msksaminkhan,https://pbs.twimg.com/profile_images/1820864804816613380/MU-RfQZ__normal.jpg,false,false
Karuna Boodala,BoodalaKaruna,'1770533766852984832',false,2024-03-20 21:32:13,,0,3,15,0,,0,https://www.twitter.com/BoodalaKaruna,https://pbs.twimg.com/profile_images/1770533827158609920/eOBhm24__normal.jpg,false,false
AV,Rxhul_jod,'1687876197009825792',false,2023-08-05 20:20:35,,185,283,3420,162,,6,https://www.twitter.com/Rxhul_jod,https://pbs.twimg.com/profile_images/1687884723547508736/NOG3Qci5_normal.jpg,false,false
Dodo,u99090,'1645426060065132544',false,2023-04-10 16:59:01,,78,70,45,24,,1,https://www.twitter.com/u99090,https://pbs.twimg.com/profile_images/1645432920352649216/xC8Jck6i_normal.jpg,false,false
p,PPaatt075,'1837412232302608384',false,2024-09-21 11:43:17,,0,0,106,2,,0,https://www.twitter.com/PPaatt075,https://abs.twimg.com/sticky/default_profile_images/default_profile_normal.png,false,false
Nebojša Pejaković,pej4kovicc,'1837410987047092224',true,2024-09-21 11:38:24,,0,3,10,0,,0,https://www.twitter.com/pej4kovicc,https://pbs.twimg.com/profile_images/1837411226554392576/1IY-a6U6_normal.jpg,false,false
Dima Shvain,dimashvain,'1833716954609131520',false,2024-09-11 06:59:39,,0,2,27,2,,0,https://www.twitter.com/dimashvain,https://pbs.twimg.com/profile_images/1833717187929927680/nXSlvIjP_normal.jpg,false,false
Parth Thakkar,parththakkar22p,'1835559955341901824',false,2024-09-16 09:02:59,,0,0,279,56,,0,https://www.twitter.com/parththakkar22p,https://pbs.twimg.com/profile_images/1835560038909280256/xuskDUYF_normal.jpg,false,false
peter Orji,orjipee,'1827914863877767168',false,2024-08-26 06:44:29,Lover of God🎭,0,3,2,0,,0,https://www.twitter.com/orjipee,https://pbs.twimg.com/profile_images/1827914992814833664/40OB_cmk_normal.jpg,false,false
Aduragbemi,Aduragbemi16777,'1837390998676107264',false,2024-09-21 10:19:33,,4,8,149,3,,4,https://www.twitter.com/Aduragbemi16777,https://pbs.twimg.com/profile_images/1837391363425333248/pNUWnNrb_normal.jpg,false,false
Victor,nemoloquur,'1829298492608811008',false,2024-08-30 02:22:12,,0,34,35,7,,0,https://www.twitter.com/nemoloquur,https://pbs.twimg.com/profile_images/1829298969832464384/4ulEy14N_normal.jpg,false,false
Marko Dimitrijevic,aNoN1MuSkG,'1837398811096109060',false,2024-09-21 10:50:55,,0,3,4,0,,0,https://www.twitter.com/aNoN1MuSkG,https://pbs.twimg.com/profile_images/1837399092231544832/Ksvl0t39_normal.png,false,false
Char 🇧🇬,_Chair__,'758196479827800064',false,2016-07-27 10:05:02,"☦️🇧🇬 С♡
1 Peter 5:8-9
Revelation 2:9/3:9
1 Corinthians 1:18
1 Corinthians 6:9",641,17,602,66016,,77,https://www.twitter.com/_Chair__,https://pbs.twimg.com/profile_images/1470026878757048325/dGYHgryx_normal.jpg,false,false
Alvin Song,TenzeBro,'1837196706599075840',false,2024-09-20 21:27:07,,0,3,8,0,,0,https://www.twitter.com/TenzeBro,https://pbs.twimg.com/profile_images/1837196809833435140/n5STlnj5_normal.png,false,false
Karanja,7_consciousness,'1818892619377713152',false,2024-08-01 09:13:01,"Awareness, Thoughts and Reality ✨ 
Corrupt system is the enemy_POLITICIANS🚮 LEADERS 😎 😌 
Consciousness is the key 🗝️ 
#STAYWOKE
It is REVOLUTION time.",391,112,222,5925,,1,https://www.twitter.com/7_consciousness,https://pbs.twimg.com/profile_images/1818893209096839169/0XnK_VsX_normal.jpg,false,false
Miguel🦕,_migueloreo,'897127874507010050',false,2017-08-14 19:08:47,Just a Computer Science Major who loves ☕️ lowkey Cat lover,61,51,141,290,,1,https://www.twitter.com/_migueloreo,https://pbs.twimg.com/profile_images/1573043031489380352/JNkjO9tu_normal.jpg,false,false
Матија Попмијатов,www889998,'1837384076019236864',false,2024-09-21 09:51:27,,0,0,1,0,,0,https://www.twitter.com/www889998,https://pbs.twimg.com/profile_images/1837384127923863553/UxoZbWSo_normal.png,false,false
Ψ ғӓdΫ Ψ,FadySelim1,'556039952',false,2012-04-17 18:08:53,,241,765,723,167,,65,https://www.twitter.com/FadySelim1,https://pbs.twimg.com/profile_images/1228721971988488195/nxk3BmsV_normal.jpg,false,false
Professional Amateurs,ProAmSportswear,'1832008935596785666',false,2024-09-06 13:53:12,Chase your greatness.,0,30,30,2,,0,https://www.twitter.com/ProAmSportswear,https://pbs.twimg.com/profile_images/1832010579059351552/JDRDMJQ1_normal.jpg,false,false
leo,leo1635889,'1837379941274374144',false,2024-09-21 09:35:01,,0,3,6,2,,0,https://www.twitter.com/leo1635889,https://abs.twimg.com/sticky/default_profile_images/default_profile_normal.png,false,false
reactive Flower,flower97517,'1706271026303381504',true,2023-09-25 14:34:59,,3,3,17,4,,0,https://www.twitter.com/flower97517,https://pbs.twimg.com/profile_images/1706271072021282816/CZxMy4pB_normal.jpg,false,false
Luster Coins,LeePark12846023,'1587009818178510848',true,2022-10-31 11:16:14,The only equivalent or the universe within is the universe without.,33,231,1694,176,UK,0,https://www.twitter.com/LeePark12846023,https://pbs.twimg.com/profile_images/1589279865261494272/l6OjNMbb_normal.jpg,false,false
Đức,vduc2004,'1837367613489565697',false,2024-09-21 08:46:06,,0,3,20,0,,0,https://www.twitter.com/vduc2004,https://abs.twimg.com/sticky/default_profile_images/default_profile_normal.png,false,false
Ionut Petcu,IonutPetcu2,'1288619411096719364',false,2020-07-30 02:36:55,,7,14,65,9,,2,https://www.twitter.com/IonutPetcu2,https://pbs.twimg.com/profile_images/1288764799510351874/XSQwKELv_normal.jpg,false,false
nan hu,nanhu0323,'1646896031064526849',false,2023-04-14 18:20:17,,1,0,7,5,,0,https://www.twitter.com/nanhu0323,https://pbs.twimg.com/profile_images/1837329419893157888/Rw56kPW5_normal.jpg,false,false
Sharky,djwills86,'1487966418914406401',false,2022-01-31 03:50:36,Funny as fuck,27,137,217,109,,1,https://www.twitter.com/djwills86,https://pbs.twimg.com/profile_images/1487966513655328769/SUK53hd6_normal.png,false,false
Owys,exprium_crypto,'1439333123767013380',false,2021-09-18 23:59:12,Web3 | Trader | CM |,175,149,117,94,,0,https://www.twitter.com/exprium_crypto,https://pbs.twimg.com/profile_images/1811544447542296576/rZ-aI4ug_normal.jpg,false,false
💜,___dysphoria,'1837343389379096576',false,2024-09-21 07:09:53,💙,0,0,156,17,,0,https://www.twitter.com/___dysphoria,https://pbs.twimg.com/profile_images/1837343688462094337/Mps5A6lm_normal.jpg,false,false
Himu Studio,himustudioco,'1837350037237682179',false,2024-09-21 07:36:16,,0,3,45,0,,0,https://www.twitter.com/himustudioco,https://pbs.twimg.com/profile_images/1837350107949522944/prImM3M3_normal.jpg,false,false
Amanda,Amanda60944801,'1519820226678116352',true,2022-04-29 02:27:16,👌,432,161,167,5887,"Melbourne, Victoria",3,https://www.twitter.com/Amanda60944801,https://pbs.twimg.com/profile_images/1519893208549175296/-SaBj_BO_normal.jpg,false,false
Lightbulbgreen,lightbulbgreen,'1835968282978877440',false,2024-09-17 12:05:50,,0,0,17,0,,0,https://www.twitter.com/lightbulbgreen,https://abs.twimg.com/sticky/default_profile_images/default_profile_normal.png,false,false
🦁,HERCPRIME,'1836942508959617024',false,2024-09-20 04:36:48,,0,0,47,0,,0,https://www.twitter.com/HERCPRIME,https://pbs.twimg.com/profile_images/1836986259341737984/Vd9iwGrq_normal.jpg,false,false
myla jane,mylajane_,'1837324253613424641',false,2024-09-21 05:53:47,,0,6,57,3,Bangalore,0,https://www.twitter.com/mylajane_,https://pbs.twimg.com/profile_images/1837344226943598592/PWkCRK8g_normal.jpg,false,false
Mojiali,JLiang4130,'1812681896771665920',false,2024-07-15 05:54:20,Who says being funny is only for clowns? Every ordinary person can be the king of comedy in their life.,8,113,205,21,"Sydney, Australia",3,https://www.twitter.com/JLiang4130,https://pbs.twimg.com/profile_images/1827221512803512321/UGB0l9qU_normal.jpg,false,false
Dominique Grant,DominiqueG42028,'1837327253761576960',false,2024-09-21 06:06:09,,0,0,3,0,,0,https://www.twitter.com/DominiqueG42028,https://abs.twimg.com/sticky/default_profile_images/default_profile_normal.png,false,false
George.J.Gray,gjgray16,'1023970074',false,2012-12-20 12:28:53,A guy who loves life & getting the most out of it.,9670,2019,4875,154,"Melbourne, Australia.",1026,https://www.twitter.com/gjgray16,https://pbs.twimg.com/profile_images/529891222886699010/jDnQVYZ-_normal.jpeg,false,false
Lisa Marie,LisaMar60151531,'1607215649759322113',false,2022-12-26 05:24:18,,259,43,600,2423,,2,https://www.twitter.com/LisaMar60151531,https://abs.twimg.com/sticky/default_profile_images/default_profile_normal.png,false,false
alfre,Stanisman_3,'1801345698173964289',false,2024-06-13 23:07:44,,2,12,28,0,,0,https://www.twitter.com/Stanisman_3,https://pbs.twimg.com/profile_images/1837453862447276032/uW0SjdkE_normal.jpg,false,false
Vuk,Vukminda,'1837306637981188096',false,2024-09-21 04:43:49,,0,3,16,1,,0,https://www.twitter.com/Vukminda,https://pbs.twimg.com/profile_images/1837307148797145090/1RqaLpIP_normal.jpg,false,false
Angel,angeloftheacres,'3311943587',false,2015-06-07 17:32:08,God is love.,72,23,197,221,,2,https://www.twitter.com/angeloftheacres,https://pbs.twimg.com/profile_images/1714247288711725056/Yb05l839_normal.jpg,false,false
P S,zendofzline,'1837300193089249280',true,2024-09-21 04:18:06,,19,7,70,120,,0,https://www.twitter.com/zendofzline,https://pbs.twimg.com/profile_images/1837301213819179008/3JjE-1jJ_normal.jpg,false,false
牛子神,tennisgame02,'1837300575555440643',false,2024-09-21 04:19:49,,0,1,3,0,,0,https://www.twitter.com/tennisgame02,https://pbs.twimg.com/profile_images/1837300671290429444/oFbkzqdW_normal.jpg,false,false
IOn3EyedRedDragon,ion3eyeredragon,'1837229290590486528',false,2024-09-20 23:36:47,do nothing which is of no use.,828,0,294,593,"Montreuil, France",36,https://www.twitter.com/ion3eyeredragon,https://pbs.twimg.com/profile_images/1837232294991364096/txK8r3io_normal.jpg,false,true
Master Obry,MasterObry59788,'1822490302390693888',true,2024-08-11 07:29:44,,21,29,183,7,,0,https://www.twitter.com/MasterObry59788,https://pbs.twimg.com/profile_images/1822490777655689218/S5uh46_5_normal.jpg,false,false
熊科,xkelora,'1549664833221537792',false,2022-07-20 10:58:19,,0,3,17,0,,0,https://www.twitter.com/xkelora,https://pbs.twimg.com/profile_images/1549664991032135680/UfWMSit9_normal.png,false,false
ゆーしゃ,U_sya3,'1811928095211028480',false,2024-07-13 03:58:28,オーヴェロン使いたい,40,13,78,258,,2,https://www.twitter.com/U_sya3,https://pbs.twimg.com/profile_images/1835482121068228608/ZA-uaUCa_normal.jpg,false,false
XinruZ,XinruZzhou,'1837276431157710848',false,2024-09-21 02:43:46,,1,3,19,8,,0,https://www.twitter.com/XinruZzhou,https://pbs.twimg.com/profile_images/1837276771756183552/uzltcT-7_normal.jpg,false,false
Giovanni Quesada,GiovanniQ66294,'1837271789745164288',false,2024-09-21 02:25:15,,0,0,16,7,,0,https://www.twitter.com/GiovanniQ66294,https://pbs.twimg.com/profile_images/1837271929151180803/eFx80b-y_normal.jpg,false,false
Christine Chevreuil,ChristineC27310,'1787610206530162690',false,2024-05-07 01:29:25,,3,22,185,9,,2,https://www.twitter.com/ChristineC27310,https://pbs.twimg.com/profile_images/1787610648509030400/y6DBcBZn_normal.png,false,false
Jennifer Kwicien,jennkwicien,'600176978',true,2012-06-05 18:10:29,,61,27,230,177,,6,https://www.twitter.com/jennkwicien,https://pbs.twimg.com/profile_images/1831721193688223744/FNiROMXj_normal.jpg,false,false
AnatoliyGolod,GolodAnatoliy,'1837282918030311424',false,2024-09-21 03:09:25,,8,3,18,6,,6,https://www.twitter.com/GolodAnatoliy,https://pbs.twimg.com/profile_images/1837283128550821888/LVO-pCX9_normal.jpg,false,false
JOSE S. GUTIERREZ G.,DrjoseSGut,'1658639237816655874',false,2023-05-17 04:03:23,Cirujano de Hombro y Rodilla. Pianista.,0,0,8,1,"Monterrey, Nuevo León",0,https://www.twitter.com/DrjoseSGut,https://pbs.twimg.com/profile_images/1837281758644940800/da2aMDvC_normal.jpg,false,false
william_renteria14,WRenteria14,'1620659701422915584',false,2023-02-01 07:46:13,,0,5,88,1768,,0,https://www.twitter.com/WRenteria14,https://pbs.twimg.com/profile_images/1678923467331125255/ktSPUvK4_normal.jpg,false,false
Cindy Thompson,cindy_thom31761,'1837279513845129216',false,2024-09-21 02:56:15,,0,0,4,0,,0,https://www.twitter.com/cindy_thom31761,https://abs.twimg.com/sticky/default_profile_images/default_profile_normal.png,false,false
John Corley,john_corleyy,'1836882219178004480',false,2024-09-20 00:37:15,,3,3,8,9,,0,https://www.twitter.com/john_corleyy,https://pbs.twimg.com/profile_images/1836882270222962688/xjiU55tW_normal.png,false,false
Imadsaidi,Imadsaidi199,'1837221045150875648',false,2024-09-20 23:03:39,,2,7,218,12,,0,https://www.twitter.com/Imadsaidi199,https://abs.twimg.com/sticky/default_profile_images/default_profile_normal.png,false,false
Stefan,Stefanel994,'1837268104080158720',false,2024-09-21 02:10:39,,0,2,8,0,,0,https://www.twitter.com/Stefanel994,https://abs.twimg.com/sticky/default_profile_images/default_profile_normal.png,false,false
Isaac Guerrero,IsaacGuerrero96,'262354440',false,2011-03-08 00:05:45,Scorpio.                        Formula 1 fan. 🏎,1897,63,707,10617,,25,https://www.twitter.com/IsaacGuerrero96,https://pbs.twimg.com/profile_images/1269781868389392385/v8JaZpH7_normal.jpg,false,false
Mara2306,Mara2306Ma,'1836371989839159296',false,2024-09-18 14:50:20,,126,0,47,128,,3,https://www.twitter.com/Mara2306Ma,https://pbs.twimg.com/profile_images/1836372435970486272/YgSnshkB_normal.jpg,false,false
Muka,Muka40128048184,'1837259822422708224',false,2024-09-21 01:38:01,,0,11,202,3,,0,https://www.twitter.com/Muka40128048184,https://pbs.twimg.com/profile_images/1837259952047448064/xiQbuPlW_normal.png,false,false
Nikita Navalikhin,noviiden,'478742350',false,2012-01-30 18:26:31,"Creator and founder low-code platform https://t.co/4u54yTmceQ 👥 Members of 
@developer_dao #4657",106,41,260,847,,2,https://www.twitter.com/noviiden,https://pbs.twimg.com/profile_images/1512090282925375491/2bMjH3zR_normal.jpg,false,false
Lauren Hohman,lauren_hoh7096,'1832052654047993856',false,2024-09-06 16:46:31,,0,54,917,875,,0,https://www.twitter.com/lauren_hoh7096,https://pbs.twimg.com/profile_images/1832052767260606465/90dnhlz5_normal.png,false,false
mohamed said,mohamed92147878,'1837258864099549184',false,2024-09-21 01:34:33,,0,0,46,1,,0,https://www.twitter.com/mohamed92147878,https://pbs.twimg.com/profile_images/1837259079049195520/bbubQRzd_normal.png,false,false
Tsu liuxiang,JW_9142,'1837224409242947585',false,2024-09-20 23:18:22,,0,2,6,0,,0,https://www.twitter.com/JW_9142,https://pbs.twimg.com/profile_images/1837224807232139264/7KoWg1JU_normal.jpg,false,false
mazafaka,alter_minds,'3019802039',true,2015-02-05 15:09:41,"• Buy high, sell low. Get REKT.",21687,16768,5535,64977,🦇🔊,1994,https://www.twitter.com/alter_minds,https://pbs.twimg.com/profile_images/1727381312200122369/4jL6Ipwv_normal.png,false,true
Lord Meyers,RODRIIIIIIII789,'1641929313879568385',false,2023-04-01 01:24:13,,0,5,45,104,,0,https://www.twitter.com/RODRIIIIIIII789,https://pbs.twimg.com/profile_images/1641929417617289216/r09zshvi_normal.png,false,false
alessia,rosadellavende1,'1837196646524018688',true,2024-09-20 21:26:59,,0,4,295,1,Italia,0,https://www.twitter.com/rosadellavende1,https://pbs.twimg.com/profile_images/1837799617141903360/fIDihEnC_normal.jpg,false,false
AFCsmile,futbol4context,'1800999924454060032',false,2024-06-13 00:13:53,arsenal || production engineer  || Nigerian 🇳🇬,164,45,138,868,,8,https://www.twitter.com/futbol4context,https://pbs.twimg.com/profile_images/1801000103324372992/aU3BUKa5_normal.jpg,false,false
keroline,itz_kerol,'1756675428297715712',false,2024-02-11 15:44:22,,0,15,39,8,,0,https://www.twitter.com/itz_kerol,https://pbs.twimg.com/profile_images/1756675743675752448/O2ubpZQC_normal.jpg,false,false
ɯɐssıɯo,massbon,'203967769',true,2010-10-17 19:25:45,,1000,17,188,28,,675,https://www.twitter.com/massbon,https://pbs.twimg.com/profile_images/1018966193930108928/aw9U36Gg_normal.jpg,false,false
Matej Špehar,nmkj09,'1837247520474304512',false,2024-09-21 00:48:56,,0,2,1,0,,0,https://www.twitter.com/nmkj09,https://pbs.twimg.com/profile_images/1837247599897649152/XSrSQ2ur_normal.png,false,false
sabermashups,sabermashups,'1821286178064093184',false,2024-08-07 23:44:27,,2,8,123,0,,2,https://www.twitter.com/sabermashups,https://pbs.twimg.com/profile_images/1821286407001817088/K5eb34dG_normal.jpg,false,false
Shir 🌈,_shigon,'3293338903',false,2015-07-25 21:05:30,Siempre para adelante💝,13510,97,84,39595,,3,https://www.twitter.com/_shigon,https://pbs.twimg.com/profile_images/1291105012534464513/8l2e9kTx_normal.jpg,false,false
Makaveli Brian,MakaveliBr39,'1804551283614851073',false,2024-06-22 19:26:08,,92,1604,6210,26,"Mombasa, Kenya",5,https://www.twitter.com/MakaveliBr39,https://pbs.twimg.com/profile_images/1810720028875984896/HHfVCZNs_normal.jpg,false,false
Riisa♡ネットビジネス女社長,TerrellBre84823,'1831126130654334976',false,2024-09-04 03:24:31,ビンボー暮らしから成り上がり！10社の会社を経営。資産40億・現在は稼げる情報をお伝えしたり、10万円を配布したりしています｜今だけLINEお友達追加で10万円配布中/まずはフォローしてください／高確率当選中！☞　https://t.co/a4NFOmBHuc,0,10,155,136,,0,https://www.twitter.com/TerrellBre84823,https://pbs.twimg.com/profile_images/1833005321410818048/TTZ5xJvw_normal.png,false,false
Mário Daniel,maridanie09,'1794728748081655808',true,2024-05-26 16:56:09,"Agente NF
Artista:MANE MX
Mentor:EDMAR HUs",19,62,516,1008,Angola,8,https://www.twitter.com/maridanie09,https://pbs.twimg.com/profile_images/1794729239486382080/p1uZScn6_normal.jpg,false,false
Alieksei Fiodorovitch,AliekseiFivitch,'1837226733130354688',false,2024-09-20 23:26:11,"☦️
🇧🇷🇩🇪🇬🇧🇪🇸",3,12,93,10,"Aachen, Germany",0,https://www.twitter.com/AliekseiFivitch,https://pbs.twimg.com/profile_images/1837229823833350144/wMEkRNqq_normal.jpg,false,false
dema Faris 🇮🇪 🫶,AlamyrFares,'1811232387218415616',false,2024-07-11 05:54:25,"pharmacist.. 💊
It is foolish for a person to pay the price for one mistake twice //Strength does not last, it grows old and dies.",730,40,294,1491,,60,https://www.twitter.com/AlamyrFares,https://pbs.twimg.com/profile_images/1831078555502919680/ZmuUbbZZ_normal.jpg,false,false
Ivona Zlatkovic,IZlatkovic35912,'1837146537752764416',false,2024-09-20 18:07:45,,26,0,8,23,,2,https://www.twitter.com/IZlatkovic35912,https://pbs.twimg.com/profile_images/1837639111185747968/p_daFcc__normal.jpg,false,false
𝐄𝐬𝐩𝐨𝐢𝐫 𝐖𝐚𝐛𝐞𝐧𝐠𝐚,EspoirWabenga,'1247848611666440192',true,2020-04-08 14:28:02,"Expert in environment and sustainable development and technician in rural development, CEO and Co-Founder @Vbiodiversity. Climate Justice Activist.",5210,1226,5431,1556,"RDCongo🇨🇩South-kivu,Kamituga",313,https://www.twitter.com/EspoirWabenga,https://pbs.twimg.com/profile_images/1402379377736880143/fHakjxr9_normal.jpg,false,false
Radko Georgiev,georgiev_radko,'1509508430968635399',false,2022-03-31 15:31:06,"Warning!
🎃🎱🎯⚽️🎬💰✒⚒🏁🏴‍☠️",27268,1083,6129,80963,,152,https://www.twitter.com/georgiev_radko,https://pbs.twimg.com/profile_images/1580585157928574977/fOYzbW5L_normal.jpg,false,false
Abdulrhman,mony_Alkaff,'4023921394',true,2015-10-23 14:36:14,Medical student at @KSAU_HS | Leader of Dermatology Club,467,241,934,5671,Jeddah,32,https://www.twitter.com/mony_Alkaff,https://pbs.twimg.com/profile_images/1589347439181430784/rhYoqr3G_normal.jpg,false,false
uoi,els0i,'1803471543873212416',false,2024-06-19 19:55:08,@jordan3love,1,8,56,2,Green bay,0,https://www.twitter.com/els0i,https://pbs.twimg.com/profile_images/1836103900299980800/7L2psXDv_normal.jpg,false,false
gio,_giosalvatore,'1411002456314724353',false,2021-07-02 19:43:21,,25,44,155,1138,,0,https://www.twitter.com/_giosalvatore,https://pbs.twimg.com/profile_images/1777687656198995969/QfSjJ7Dy_normal.jpg,false,false
Jeff,gethynnnnnnnn,'1837219386022608896',false,2024-09-20 22:57:03,,0,4,94,0,,0,https://www.twitter.com/gethynnnnnnnn,https://abs.twimg.com/sticky/default_profile_images/default_profile_normal.png,false,false
Okba,Okba241995,'1837220468719267840',false,2024-09-20 23:01:15,,0,1,21,0,,0,https://www.twitter.com/Okba241995,https://pbs.twimg.com/profile_images/1837220739876827136/FjmYavt7_normal.jpg,false,false
.,AegonRonaldo11,'1837023173079961600',false,2024-09-20 09:57:33,,0,5,107,2,,0,https://www.twitter.com/AegonRonaldo11,https://pbs.twimg.com/profile_images/1837037571966164992/E_Ca4hDF_normal.jpg,false,false
Mira Dora Momirović Juncu,DoraJuncu,'1837219936768348160',false,2024-09-20 22:59:10,,0,0,17,1,,0,https://www.twitter.com/DoraJuncu,https://pbs.twimg.com/profile_images/1837220202179604480/BDAiOHmd_normal.jpg,false,false
Djordje,Djordje1375076,'1837220709426237440',false,2024-09-20 23:02:32,,0,3,4,0,,0,https://www.twitter.com/Djordje1375076,https://abs.twimg.com/sticky/default_profile_images/default_profile_normal.png,false,false
Konstantinos Papastamatis,Konstan91345439,'1770715907427381248',false,2024-03-21 09:37:12,,0,38,42,0,,0,https://www.twitter.com/Konstan91345439,https://abs.twimg.com/sticky/default_profile_images/default_profile_normal.png,false,false
ᴇɴᴢᴏ 𝘷𝘪𝘤𝘦,enzovicii,'1212061405471371264',false,2019-12-31 19:22:18,Non piangerai 🇮🇹🇺🇸,2416,323,266,6111,Brickell,711,https://www.twitter.com/enzovicii,https://pbs.twimg.com/profile_images/1730664401747779584/r23j3YX-_normal.jpg,false,true
Joana Margarida Isidoro,isidoro_jo63010,'1837211178050650112',false,2024-09-20 22:24:42,"👩‍⚕️Médica Veterinária de Animais de Companhia.  
📷 Fotógrafa de retrato autodidata.
 TRX Suspension Training.",0,4,89,5,Portugal ,0,https://www.twitter.com/isidoro_jo63010,https://pbs.twimg.com/profile_images/1838396057283149824/VGgD_zEv_normal.jpg,false,false
خطابة مسيار ومعلن ام رهف,t142t,'2313875776',true,2014-01-30 12:45:26,"خطابه مسيار ومعلن جميع مناطق المملكة لتواصل واتساب 
اضغط على الرابط لتواصل واتساب خطابه 👇

https://t.co/3He1QjNlvS",97,444,696,86,Kingdom of Saudi Arabia,10,https://www.twitter.com/t142t,https://pbs.twimg.com/profile_images/1396479411961147393/UbrMU3rS_normal.jpg,false,false
Ozner,Oznertuit,'465288190',false,2012-01-16 07:37:10,Vesania,1371,115,1104,19834,,48,https://www.twitter.com/Oznertuit,https://pbs.twimg.com/profile_images/1776345297716748289/VkTTtWJK_normal.jpg,false,false
Dani Lechova,LechovaDani,'1837078020298858496',false,2024-09-20 13:35:43,My passion is   photography 📸,1,0,9,0,,1,https://www.twitter.com/LechovaDani,https://pbs.twimg.com/profile_images/1837079201444167680/vR5sQiIm_normal.jpg,false,false
Mohammad Sobahan (Shakawat),imsobahan,'1837160924165361664',true,2024-09-20 19:04:47,THE  ONLY  TRUE  WISDOM  IS  IN  KNOWING  YOU  KNOW  NOTHING.  – Socrates,0,2,92,0,"Chittagong, Bangladesh",0,https://www.twitter.com/imsobahan,https://pbs.twimg.com/profile_images/1837161121406672896/XgT4SBES_normal.jpg,false,false
Chris72Deluxe,Chris72Deluxe,'1750933496875319297',false,2024-01-26 19:27:49,,0,17,5,0,,0,https://www.twitter.com/Chris72Deluxe,https://abs.twimg.com/sticky/default_profile_images/default_profile_normal.png,false,false
Chuks Donald Nature,DonaldChuk75487,'1800559549713141760',false,2024-06-11 19:04:15,,328,165,912,390,,13,https://www.twitter.com/DonaldChuk75487,https://pbs.twimg.com/profile_images/1837105254153736192/Eyr5diSg_normal.jpg,false,false
Ruslan Yordanov,ruslan_jordanov,'3362767480',false,2015-07-06 20:01:57,"Journalist & Photographer. Author of ""Plovdiv Travel Guide""",3536,512,1583,109317,"Plovidv, България",67,https://www.twitter.com/ruslan_jordanov,https://pbs.twimg.com/profile_images/618104184311824384/hSYL_feC_normal.jpg,false,false
TOP SHARK,TOP_SHARK1,'1697563228505550848',false,2023-09-01 13:53:19,,31,71,60,1598,"Kifisia, Greece",0,https://www.twitter.com/TOP_SHARK1,https://pbs.twimg.com/profile_images/1697568027720486913/GKTI1OdF_normal.jpg,false,false
Stanimir Nikolov,stan_n_nikolov,'3357751449',true,2015-07-04 03:35:39,,120,191,530,522,,1,https://www.twitter.com/stan_n_nikolov,https://pbs.twimg.com/profile_images/1744466929056714752/HL0q6RF9_normal.jpg,false,true
Cat,CatofX,'1729854226841653248',false,2023-11-29 15:26:25,,0,7,38,1,.,0,https://www.twitter.com/CatofX,https://pbs.twimg.com/profile_images/1837311358569783296/mIsAkbaN_normal.jpg,false,false
赖子昆,KunLai90250,'1836237338755670016',true,2024-09-18 05:54:42,,6,0,32,38,,0,https://www.twitter.com/KunLai90250,https://pbs.twimg.com/profile_images/1836237455713832960/dLoG2lkm_normal.jpg,false,false
Ace Richardson,AcesTennis07,'1837199180244086784',false,2024-09-20 21:36:46,Durant hs cls 2026 6’2 150lbs tennis/weightlifting,0,11,41,0,"Durant, OK",0,https://www.twitter.com/AcesTennis07,https://pbs.twimg.com/profile_images/1837199484058578944/wTn16aqV_normal.jpg,false,false
fidel lozada,fidels77,'310256288',true,2011-06-03 16:02:30,,223,143,130,261,"Miami, FL",5,https://www.twitter.com/fidels77,https://pbs.twimg.com/profile_images/1602604846200365056/soiN7uTx_normal.jpg,false,false
khalid dahya,DahyaKhalid,'1381729307509321735',false,2021-04-13 01:02:35,,0,0,143,52,,0,https://www.twitter.com/DahyaKhalid,https://abs.twimg.com/sticky/default_profile_images/default_profile_normal.png,false,false
Juan Portalatin,JEPortalatin,'1138139091474812928',false,2019-06-10 20:41:19,,161,58,359,2396,,2,https://www.twitter.com/JEPortalatin,https://pbs.twimg.com/profile_images/1294315362117353473/He_dqNsp_normal.jpg,false,false
Snezana,sn_jelic,'1768957302554406912',false,2024-03-16 13:08:01,📈dipl.ecc with positive outlook on life,20,7,43,41,,0,https://www.twitter.com/sn_jelic,https://pbs.twimg.com/profile_images/1837557156649881600/HstvwT0h_normal.jpg,false,false
Nova,NovaM7,'842068957',true,2012-09-23 20:11:15,"Literally a number of tops concurred and perhaps an equal bottoms hit, here l am.",353,161,264,588,,36,https://www.twitter.com/NovaM7,https://pbs.twimg.com/profile_images/1588425924546011136/DBiQRKOc_normal.jpg,false,false
Milovan Obradovic,MilovanObr93320,'1837194729924292608',false,2024-09-20 21:19:33,,0,3,1,0,,0,https://www.twitter.com/MilovanObr93320,https://pbs.twimg.com/profile_images/1837194907049476097/OSpveeqh_normal.png,false,false
Anna Makhorkina,SibirAnna,'258707304',false,2011-02-28 11:13:29,,1,1,1,3,Russia,0,https://www.twitter.com/SibirAnna,https://pbs.twimg.com/profile_images/1837188438023393280/rSGddiJp_normal.jpg,false,false
x,CalimeroETH,'1479447213621321729',false,2022-01-07 15:38:06,Calimero will plant a tree for each holder- 0xd8280c1F423c90f19814698C5B63b55415e2f232 Calimero With Sombrero is here to help $Ordi  Win with us or watch us win,300,17540,1529,463,Malta,23,https://www.twitter.com/CalimeroETH,https://pbs.twimg.com/profile_images/1665695586438332416/A7YToxSX_normal.jpg,false,false
Ordibitcointothemoon,ordinalslovebtc,'1836740030582128640',false,2024-09-19 15:12:14,🔶🔸$ordi $bitcoin,46,39,387,145,,13,https://www.twitter.com/ordinalslovebtc,https://pbs.twimg.com/profile_images/1837185376831631361/rjRJ1NnJ_normal.jpg,false,false
Pepearmy,nopvptrader,'1836743387749240832',false,2024-09-19 15:25:32,,48,32,659,57,,10,https://www.twitter.com/nopvptrader,https://pbs.twimg.com/profile_images/1838164877078077440/hFgPLeRc_normal.jpg,false,false
block dag,bdmne79,'1837191171795304448',false,2024-09-20 21:04:53,,0,3,1,0,,0,https://www.twitter.com/bdmne79,https://pbs.twimg.com/profile_images/1837191215285960704/CnLlZgHR_normal.png,false,false
Akhtar,7_mkr_akhtar,'1654188140',false,2013-08-08 03:24:39,"Retro Gaming Expert 🐚 Transforming chaos into organized bliss 🧩 Stablecoin innovator 
Culinary adventurer",24,71,183,153,,0,https://www.twitter.com/7_mkr_akhtar,https://pbs.twimg.com/profile_images/1831949967759384576/w1eT2kIP_normal.jpg,false,false
Azamat,La_6estia,'1837184898961960960',false,2024-09-20 20:40:07,,4,4,91,48,,0,https://www.twitter.com/La_6estia,https://pbs.twimg.com/profile_images/1837185109667049472/Mz06aU9j_normal.jpg,false,false
Milan Tomić,milantomic_f1,'1837183746048675845',true,2024-09-20 20:35:39,,0,0,15,2,,0,https://www.twitter.com/milantomic_f1,https://pbs.twimg.com/profile_images/1837183857969221632/J-OR9Dck_normal.jpg,false,false
Cedric Tim Thiele,cedricxtim,'1837183597171855364',false,2024-09-20 20:34:57,,1,55,26,1,,0,https://www.twitter.com/cedricxtim,https://pbs.twimg.com/profile_images/1837183807725666304/WtUFlYWu_normal.jpg,false,false
Gene,edejuan3,'1837181245966667778',false,2024-09-20 20:25:47,,4,9,29,8,,0,https://www.twitter.com/edejuan3,https://pbs.twimg.com/profile_images/1837181375331586049/1qsoVGlE_normal.jpg,false,false
🅰️utotypos|Quattroruote,autotypos,'1302942195440377856',true,2020-09-07 15:10:09,Η επίσημη σελίδα του https://t.co/s5c90w1xsa στο Twitter. Το website στηρίζεται από το κορυφαίο περιοδικό αυτοκινήτου Quattroruote και την ελληνική του έκδοση.,5877,172,396,27490,"Athens, Greece",390,https://www.twitter.com/autotypos,https://pbs.twimg.com/profile_images/1667845259513024512/8ICQgrt4_normal.jpg,false,false
LorraineLau333,l_lau333,'1325120665200992257',false,2020-11-07 18:59:40,,285,262,1061,3857,New York,0,https://www.twitter.com/l_lau333,https://pbs.twimg.com/profile_images/1325121431173095427/85DM0Vq3_normal.jpg,false,false
Nicu,__nicuftw,'1889537094',false,2013-09-21 12:27:17,"Poetry Enthusiast 👨🏼‍🚀 Managed a cryptocurrency fund with over $50M in assets 
DIY dreamweaver 🛠️ ®️ Blockchain in education innovator",34,88,169,403,,0,https://www.twitter.com/__nicuftw,https://pbs.twimg.com/profile_images/1827210055462117376/MTu-8RRs_normal.jpg,false,false
PEDRO RAMON ORDOÑEZ PRADA,OrdonezPra27760,'1785061883399090176',true,2024-04-30 00:42:54,,0,2,125,51,,0,https://www.twitter.com/OrdonezPra27760,https://pbs.twimg.com/profile_images/1785062226908389376/5MSjCqjt_normal.jpg,false,false
gerea,gerea597703,'1837177455670611968',false,2024-09-20 20:10:43,,16,6,139,13,,8,https://www.twitter.com/gerea597703,https://pbs.twimg.com/profile_images/1837178006407663616/RLxfRIIV_normal.jpg,false,false
ryan fournier,reallyitssimple,'140547173',false,2010-05-05 22:47:16,,24,54,69,37,,2,https://www.twitter.com/reallyitssimple,https://abs.twimg.com/sticky/default_profile_images/default_profile_normal.png,false,false
Zackriya Shakib,ShakibZack9761,'1837177248962764800',false,2024-09-20 20:09:42,,0,0,132,73,,0,https://www.twitter.com/ShakibZack9761,https://pbs.twimg.com/profile_images/1837177328235073538/XblQ0aR3_normal.png,false,false
Momo 📰,Moth3rmomo,'1382783685112500226',true,2021-04-15 22:52:11,Ori. Orthodox ♱ || 19 || habesha || I think therefore I tweet ♡ shtwt dni (except for moots),15074,288,480,25287,psych ward || ugw 83,1506,https://www.twitter.com/Moth3rmomo,https://pbs.twimg.com/profile_images/1674406121153470465/K3ECmcan_normal.jpg,false,false
Aarush S Garg,Aarush_i7,'1793121953966149632',false,2024-05-22 06:29:36,,1,0,36,74,,0,https://www.twitter.com/Aarush_i7,https://pbs.twimg.com/profile_images/1793184964542173184/y8egp2h5_normal.jpg,false,false
Nikoloz Antadze,nikoloz_antadze,'1613881441846280193',false,2023-01-13 14:51:57,,0,11,240,0,,0,https://www.twitter.com/nikoloz_antadze,https://pbs.twimg.com/profile_images/1837172944109236224/AmykbF92_normal.jpg,false,false
MIki,MIki01909688317,'1837176300408016896',false,2024-09-20 20:05:55,,0,0,3,0,,0,https://www.twitter.com/MIki01909688317,https://abs.twimg.com/sticky/default_profile_images/default_profile_normal.png,false,false
Bascha Ellard,BaschaE42887,'1800436339629813760',false,2024-06-11 10:54:27,Coffee aficionado,0,3,20,2,,0,https://www.twitter.com/BaschaE42887,https://abs.twimg.com/sticky/default_profile_images/default_profile_normal.png,false,false
Ella,Isabelladim3,'1811051583096115200',false,2024-07-10 17:55:28,citizen of the world 🌎 | Mother and lover of nature 🌻| philanthropist | Cake Momma 🍰,43,12,94,158,,5,https://www.twitter.com/Isabelladim3,https://pbs.twimg.com/profile_images/1836473413344342016/lxESLGLC_normal.jpg,false,false
Mario Salmerón,LeoMarZ33,'1837163241740640256',false,2024-09-20 19:14:02,,0,15,216,1,,0,https://www.twitter.com/LeoMarZ33,https://pbs.twimg.com/profile_images/1837163320388067328/wL2PcN7m_normal.jpg,false,false
kolkoz,_kolkoz,'197821658',false,2010-10-02 18:16:04,"2013 wagon. Amateur bounce surfer. ATH screenshot expert. Pronouns : Bitcoin/mBTC/Sats

npub13uyjzzanzzggt7dv25ha2yv0hd8lugu2g5qr59ret08p5pjll40q4vq2x6",1378,493,1480,22285,,165,https://www.twitter.com/_kolkoz,https://pbs.twimg.com/profile_images/1784961634181509120/9r_OvEry_normal.jpg,false,false
makaron,Y4YymdRxQY97320,'1650028354228322304',true,2023-04-23 09:46:55,,6,4,7,18,,0,https://www.twitter.com/Y4YymdRxQY97320,https://pbs.twimg.com/profile_images/1776563619091898368/hUwZw_Q8_normal.jpg,false,false
pukurxdveqkfigyv,pukurxdveq31558,'1837168704712273925',false,2024-09-20 19:35:27,,0,3,40,0,,0,https://www.twitter.com/pukurxdveq31558,https://abs.twimg.com/sticky/default_profile_images/default_profile_normal.png,false,false
Saqlain Banarasi,SaqlainBanarasi,'1201962025120698369',false,2019-12-03 22:31:37,اللّٰہ اکبر,3201,155,513,2791,"Uttar Pradesh, India",94,https://www.twitter.com/SaqlainBanarasi,https://pbs.twimg.com/profile_images/1836347082891776000/4wHIs5Qj_normal.jpg,false,false
Vlada,_9vlada,'439471297',false,2011-12-17 22:38:06,"Cooking Enthusiast ▪️ Making waves and riding them with style 
Cryptocurrency legal consultant | Crypto hardware wallet engineer",2,8,14,19,,0,https://www.twitter.com/_9vlada,https://pbs.twimg.com/profile_images/1837034278980616192/s1GJUctw_normal.jpg,false,false
philip Oglesby,oglesby64976,'1832969264485064705',false,2024-09-09 05:28:44,,157,41,117,1,,0,https://www.twitter.com/oglesby64976,https://pbs.twimg.com/profile_images/1832969357141405696/rD4kU9Lw_normal.png,false,false
Salvatore Fois,sal_fois,'1827292823684534272',true,2024-08-24 13:33:16,Thinker and Doer 🎸🎾📚 Lawyer and Business Consultant,304,149,79,330,United Kingdom,24,https://www.twitter.com/sal_fois,https://pbs.twimg.com/profile_images/1827293992431620096/65c879Fe_normal.jpg,false,true
Ayesha Rafat,rafat_ayesha,'1480211477155901446',false,2022-01-09 18:15:57,,0,3,42,150,,0,https://www.twitter.com/rafat_ayesha,https://pbs.twimg.com/profile_images/1801260106732257280/R2HcY4UR_normal.jpg,false,false
Domicia Song,0_domicia,'961087657',false,2012-11-20 21:38:56,Holistic Wellness Warrior ◽️ Cryptocurrency tax specialist,71,174,248,964,,0,https://www.twitter.com/0_domicia,https://pbs.twimg.com/profile_images/1819897670250418176/XbKwAWPP_normal.jpg,false,false
trent,drunkgrano,'1814852966803030016',false,2024-07-21 05:41:25,,2,167,472,10,"Perth, Western Australia",0,https://www.twitter.com/drunkgrano,https://abs.twimg.com/sticky/default_profile_images/default_profile_normal.png,false,false
Raider,BlackThunderx,'947504680233590784',false,2017-12-31 18:28:14,"Il palazzo è un simbolo,come lo è l'atto di distruggerlo,sono gli uomini che conferiscono potere ai simboli,ma con un bel num di persone alle spalle far saltare",384,26,243,1373,"Milan, Lombardy",5,https://www.twitter.com/BlackThunderx,https://pbs.twimg.com/profile_images/1837131606210826240/un2TEVHy_normal.jpg,false,false
しろ,shiroishimone,'1807747850367119360',false,2024-07-01 15:09:17,よろしく,0,7,21,9,"Oirase-cho, Aomori",0,https://www.twitter.com/shiroishimone,https://pbs.twimg.com/profile_images/1807748939653001216/X1Cbvka3_normal.jpg,false,false
Jazavica,jazavica_sam_ja,'1834005478675775488',false,2024-09-12 02:06:12,,0,1,33,10,"Belgrade, Republic of Serbia",0,https://www.twitter.com/jazavica_sam_ja,https://pbs.twimg.com/profile_images/1834005634909458433/aTVRKTvg_normal.jpg,false,false
Danijela,Danijela1245445,'1837153642119335936',false,2024-09-20 18:36:08,,0,0,2,0,,0,https://www.twitter.com/Danijela1245445,https://pbs.twimg.com/profile_images/1837153780187426817/wJuadx7m_normal.png,false,false
💜🌍🍀,july_morning24,'782292482',false,2012-08-26 14:50:14,,4293,275,1381,51313,Madrid,14,https://www.twitter.com/july_morning24,https://pbs.twimg.com/profile_images/1695171708242563072/A4kpc4F__normal.jpg,false,false
Tan Yong,Taz_Crzka,'1493154084760612872',true,2022-02-14 11:24:15,,0,18,42,1,"Sydney, New South Wales",0,https://www.twitter.com/Taz_Crzka,https://pbs.twimg.com/profile_images/1794379269311000576/h5xAAMkB_normal.jpg,false,false
Cole Nixon,cole_nixon,'1837148491434577920',false,2024-09-20 18:15:21,,0,18,127,4,,0,https://www.twitter.com/cole_nixon,https://pbs.twimg.com/profile_images/1837148716043493378/xX3KBK-7_normal.jpg,false,false
Leo,Leo212653624436,'1643533565433626624',false,2023-04-05 11:38:45,,0,0,85,2,,0,https://www.twitter.com/Leo212653624436,https://pbs.twimg.com/profile_images/1643536127989809152/96XIxpfY_normal.jpg,false,false
Krishu,KRISHU9875,'1601470664627847168',false,2022-12-10 08:55:52,,3,9,133,86,India,1,https://www.twitter.com/KRISHU9875,https://pbs.twimg.com/profile_images/1812427146486284289/g1ETP4_I_normal.jpg,false,false
Crazyjoker,Crazyjoker009,'1826964059943534592',false,2024-08-23 15:46:43,,61,68,331,2123,,0,https://www.twitter.com/Crazyjoker009,https://pbs.twimg.com/profile_images/1826964454245859328/71zDT6sp_normal.jpg,false,false
Hortma,venomortal,'376964727',false,2011-09-20 22:56:20,Alea iacta est.,89417,706,1614,1758,,1218,https://www.twitter.com/venomortal,https://pbs.twimg.com/profile_images/1569891503/image_normal.jpg,false,false
saitejayendal96@gmai,saitejayendal96,'2268713540',false,2013-12-30 13:12:33,,139,466,40,149,,0,https://www.twitter.com/saitejayendal96,https://abs.twimg.com/sticky/default_profile_images/default_profile_normal.png,false,false
Manizha,hopehenry125,'1837144325089603584',false,2024-09-20 17:58:48,,0,1,14,0,,0,https://www.twitter.com/hopehenry125,https://pbs.twimg.com/profile_images/1837144690686095360/GR5XMkwt_normal.jpg,false,false
Rathod Rakesh,rathodrakesh482,'3230616696',false,2015-05-30 15:15:14,,118,492,29,133,,0,https://www.twitter.com/rathodrakesh482,https://abs.twimg.com/sticky/default_profile_images/default_profile_normal.png,false,false
"Md,sahid",Mdsahid244722,'1837135964428455938',false,2024-09-20 17:26:15,"I am my MD Shahid, I live in Kolkata, I do tailoring work, I like watching music, cricket and tennis, I like playing.",75,21,68,95,,1,https://www.twitter.com/Mdsahid244722,https://pbs.twimg.com/profile_images/1837501203409698819/bkYayQ3B_normal.jpg,false,false
DENISE FARINA,DENISEFARINA11,'1473841940013723655',false,2021-12-23 04:25:13,,91,9,49,1016,,3,https://www.twitter.com/DENISEFARINA11,https://pbs.twimg.com/profile_images/1473842097656676352/TNf9r7R4_normal.png,false,false
プイ,pukapUUka_ukabu,'1241772667352408064',true,2020-03-22 19:04:34,,5,10,78,0,,0,https://www.twitter.com/pukapUUka_ukabu,https://abs.twimg.com/sticky/default_profile_images/default_profile_normal.png,false,false
s,s9142420513766,'1807451320166776833',false,2024-06-30 19:29:18,,0,3,29,33,,0,https://www.twitter.com/s9142420513766,https://abs.twimg.com/sticky/default_profile_images/default_profile_normal.png,false,false
今日を生きる😈,6puI0pHrlk86856,'1646811642104250369',false,2023-04-14 12:44:42,好きなタイプは好きになった人,113,8,103,338,,4,https://www.twitter.com/6puI0pHrlk86856,https://pbs.twimg.com/profile_images/1835598959706017792/QVniW7xg_normal.jpg,false,false
HardWonSureFool,HardWonSureFool,'1259010336276885508',true,2020-05-09 09:40:42,Just an EMT tryin to figure this world out the best that I can,76,56,220,1031,"Colorado, USA",1,https://www.twitter.com/HardWonSureFool,https://pbs.twimg.com/profile_images/1286043021381787650/uX7S3t5y_normal.jpg,false,false
Qwe,vjigf689,'1837134207690162177',false,2024-09-20 17:18:38,,1,5,22,0,,1,https://www.twitter.com/vjigf689,https://pbs.twimg.com/profile_images/1837134434908188672/2swKIEyr_normal.jpg,false,false
Kiril 🇧🇬☦️ıYı,Peychev95,'1493916042128760833',true,2022-02-16 13:52:06,"Proud Bulgarian. ""Strength through Unity."" IYI 🦁🇧🇬. Ordinary human 🥸. Book lover 📚. Cinephile 🎥.",271,79,784,11986,България,65,https://www.twitter.com/Peychev95,https://pbs.twimg.com/profile_images/1770525968588800000/R2dF688b_normal.jpg,false,false
ChubbyBobby,ChubbyBobby85,'755917976830902272',false,2016-07-21 03:11:04,Smooth Operator,157,54,213,30216,,1,https://www.twitter.com/ChubbyBobby85,https://pbs.twimg.com/profile_images/755924281880670209/wbIZF_lp_normal.jpg,false,false
Ivana,IvanaZvc,'1837132115223162880',false,2024-09-20 17:10:15,,0,0,26,0,,0,https://www.twitter.com/IvanaZvc,https://abs.twimg.com/sticky/default_profile_images/default_profile_normal.png,false,false
dragoon,dragoon589596,'1837083418213109761',false,2024-09-20 13:56:52,,0,0,22,4,,0,https://www.twitter.com/dragoon589596,https://pbs.twimg.com/profile_images/1838434052535377920/vNitQ29Q_normal.jpg,false,false
Sandra Marcic,SandraMarcic,'1837125609656569856',false,2024-09-20 16:49:14,,2,0,31,4,,0,https://www.twitter.com/SandraMarcic,https://pbs.twimg.com/profile_images/1837126880538820608/gT8YFJk8_normal.jpg,false,false
Gwen Mendoza,GwenMendoz64639,'1831058263267565568',false,2024-09-03 22:55:00,,1,0,5,4,,0,https://www.twitter.com/GwenMendoz64639,https://pbs.twimg.com/profile_images/1831058500757356544/B3tLd9lK_normal.jpg,false,false
Charlotte Schmitt,LottiSchmitt,'1580887370718650369',false,2022-10-14 14:45:06,"Co-founder / CEO of Octolens. 

Besides that tennis, workout, & peanut butter addict

🐙 https://t.co/oeXMP8EWg2 
📦 https://t.co/yezR6iN7QK",127,191,150,627,Zürich,15,https://www.twitter.com/LottiSchmitt,https://pbs.twimg.com/profile_images/1580892001909735425/vM2UFaU2_normal.jpg,false,true
Adam Davidson,AdamDavids30033,'1830738431997288448',false,2024-09-03 01:44:19,,2,3,5,5,,0,https://www.twitter.com/AdamDavids30033,https://pbs.twimg.com/profile_images/1830738821073244160/_iUvJzLN_normal.jpg,false,false
Adrijana Popadic,AdrijanaP972,'1837103542873534464',true,2024-09-20 15:16:56,Who cares?,0,0,8,3,,0,https://www.twitter.com/AdrijanaP972,https://pbs.twimg.com/profile_images/1837129745231712256/kL9VJeqW_normal.jpg,false,false
Gary Backer,GaryBacker85816,'1830484581386178560',false,2024-09-02 08:55:27,,3,3,4,5,,0,https://www.twitter.com/GaryBacker85816,https://pbs.twimg.com/profile_images/1830484927563042816/B2izvfXe_normal.jpg,false,false
Veljko Ivljanin,vivljanin642,'1837123345063759879',false,2024-09-20 16:35:29,,5,3,2,0,,0,https://www.twitter.com/vivljanin642,https://pbs.twimg.com/profile_images/1837126179288928256/Wo-06h12_normal.jpg,false,false
c◎mputerbrain,c0mputerbrain,'1438119357792542720',false,2021-09-15 15:36:00,my brain is a computer.,3480,2685,3795,24075,Bing Bong,417,https://www.twitter.com/c0mputerbrain,https://pbs.twimg.com/profile_images/1761532289429712896/PyYtPMg8_normal.jpg,false,true
Tabatha,optabatha,'3109167781',false,2015-03-27 05:49:30,Blockchain Security Auditor ▫️ Advisor on blockchain policy to the European Parliament,13,17,40,211,,0,https://www.twitter.com/optabatha,https://pbs.twimg.com/profile_images/1819840161930436608/cmOLPiEn_normal.jpg,false,false
umut,OgnjenAmid65856,'1664023406734450690',false,2023-06-01 00:38:22,,0,105,48,86,,0,https://www.twitter.com/OgnjenAmid65856,https://pbs.twimg.com/profile_images/1816481977136009217/sgS5osvg_normal.jpg,false,false
단풍,trudiaaa,'1692444491490160640',false,2023-08-18 10:53:14,"그는 테니스를 좋아하고 세계를 여행하며 자신의 삶을 공유하고 주식과 암호화폐에 투자합니다.🙇‍♀️🙇‍♀️🎊🎊
#BTC #Tesla",17,1314,341,12,,8,https://www.twitter.com/trudiaaa,https://pbs.twimg.com/profile_images/1835490889407340544/sps37_3X_normal.jpg,false,false
Mad Max,ZanettiBab86605,'1804096889974820864',false,2024-06-21 13:20:16,,319,10,251,107,,146,https://www.twitter.com/ZanettiBab86605,https://pbs.twimg.com/profile_images/1804096995294162944/r17clnyZ_normal.png,false,false
Straight To Jail,SoCalBurrito72,'1262480542626222080',false,2020-05-18 23:30:10,Death to Communism... we need an Internet Bill of Rights! Love all things Golf... “as long as i'm alive i'ma live illegal”. MD (backup account),11917,801,2473,17427,"San Diego, CA",1515,https://www.twitter.com/SoCalBurrito72,https://pbs.twimg.com/profile_images/1262481349325107207/vo_QYqC2_normal.jpg,false,false
Slobodan Milosevic,Putnik789,'1837105696397021184',false,2024-09-20 15:25:26,@club_1990_2 @klime_servis_rs ⚙️🇷🇸⚙️,2,5,62,29,Beograd,1,https://www.twitter.com/Putnik789,https://pbs.twimg.com/profile_images/1837108046914269184/uUql0c7g_normal.jpg,false,false
Kaloyan Nachev,K_Nachev,'1829482812455505921',false,2024-08-30 14:34:36,In pursuit of objective truth.,163,48,113,576,"Sofia, Bulgaria",23,https://www.twitter.com/K_Nachev,https://pbs.twimg.com/profile_images/1829482853844881409/2wbPC6D__normal.jpg,false,false
Ieltxu Flores Perez,ieltxuflores,'1837098708120309760',false,2024-09-20 14:58:02,,0,3,51,0,,0,https://www.twitter.com/ieltxuflores,https://pbs.twimg.com/profile_images/1837098895232618498/eXV7U0Wf_normal.png,false,false
Sagar!Lalit,lalit69574,'1741484057870090240',false,2023-12-31 17:39:06,🙏अर्थमूलं धरकामौ।।,101,173,1447,677,kanpur,4,https://www.twitter.com/lalit69574,https://pbs.twimg.com/profile_images/1795856702660866048/f3m1PcXk_normal.jpg,false,false
Heidi Norville,HeidiNorville,'848479121839538176',false,2017-04-02 13:16:01,,0,7,58,0,"Pyrmont, Sydney",0,https://www.twitter.com/HeidiNorville,https://pbs.twimg.com/profile_images/848480735602200576/3mVBDrET_normal.jpg,false,false
Aguinaldo,aguinaldo_noob,'2687441051',false,2014-07-08 18:27:08,Poetry Enthusiast 🔺 Emphasizing resilience in crypto ecosystems — Literary time traveler — Smart contract developer,26,42,69,263,,0,https://www.twitter.com/aguinaldo_noob,https://pbs.twimg.com/profile_images/1819728288027144192/HZQjhXKT_normal.jpg,false,false
Antonino Barberio,antonino88359,'1837097816276996096',false,2024-09-20 14:53:55,FINO ALLA FINE 🤍🖤,8,32,759,39,"Nocera Superiore, Campania",0,https://www.twitter.com/antonino88359,https://pbs.twimg.com/profile_images/1837109424898416640/F09qmi_F_normal.jpg,false,false
Yan,C_Lec_Yan,'1837095690889220096',false,2024-09-20 14:45:31,,0,1,11,11,,0,https://www.twitter.com/C_Lec_Yan,https://pbs.twimg.com/profile_images/1837095829024428037/6V18WO7E_normal.jpg,false,false
A.V.,aleksandra96244,'1837095981239750656',false,2024-09-20 14:47:26,,0,1,1,0,,0,https://www.twitter.com/aleksandra96244,https://pbs.twimg.com/profile_images/1837096228393472005/PcMNkyWV_normal.png,false,false
TonyBee,BruozasLaw,'3185403493',false,2015-05-04 18:38:12,"husband, father, son, #DoltonBoy, lawyer, golfer, aspiring cook",6236,854,5282,8027,"Illinois, USA",1217,https://www.twitter.com/BruozasLaw,https://pbs.twimg.com/profile_images/1826071384805580800/RlBEuWmA_normal.jpg,false,false
黄芪,69huang69,'1833725168696610816',false,2024-09-11 07:32:16,,0,4,26,0,,0,https://www.twitter.com/69huang69,https://abs.twimg.com/sticky/default_profile_images/default_profile_normal.png,false,false
Edina,edina__xyz,'162149895',false,2010-07-03 00:15:19,Blockchain Ecosystem Architect 🔞 Spontaneity specialist 👁️‍🗨️ Cosmic dreamer 🌌,37,107,179,409,,0,https://www.twitter.com/edina__xyz,https://pbs.twimg.com/profile_images/1827218512726708224/U0CZSJXF_normal.jpg,false,false
David Miladinovic,DavidMilad79583,'1803062155333226496',false,2024-06-18 16:48:22,"Guirassy and Nico Schlotterbeck fan page
(also support BVB)",292,79,70,207,,8,https://www.twitter.com/DavidMilad79583,https://pbs.twimg.com/profile_images/1834283863310262272/EtzNRz8E_normal.jpg,false,false
orangutHAN,sim77225182,'1171366122005905411',true,2019-09-10 13:13:54,,3951,55,735,367,,12,https://www.twitter.com/sim77225182,https://pbs.twimg.com/profile_images/1431486294815875080/_VaZIgcW_normal.jpg,false,false
Andrea Kojanic,drdrea97,'1837084782481534981',false,2024-09-20 14:02:11,,0,1,6,0,,0,https://www.twitter.com/drdrea97,https://pbs.twimg.com/profile_images/1837084903122280448/K1kDjh9j_normal.jpg,false,false
VALENTINE DOLORES,Dolvagi,'1664175629477068801',false,2023-06-01 10:42:54,"Ok avec certains de vos posts, mais je reste apolitique. Les abeilles ne perdent pas leur temps à expliquer aux mouches que le nectar est meilleur que la merde.",23,73,459,3911,,3,https://www.twitter.com/Dolvagi,https://pbs.twimg.com/profile_images/1720149339715031040/cvVsgOyk_normal.jpg,false,false
Ibtissem,ibtissemGGWP,'2866757638',false,2014-11-08 04:27:50,Social Impact Advocate ®️ Karaoke commando 🎤,31,31,81,268,,0,https://www.twitter.com/ibtissemGGWP,https://pbs.twimg.com/profile_images/1819826651066163200/AwiMHdwv_normal.jpg,false,false
Little Dodge Prince,LittleDodgePr,'1837068153936809984',false,2024-09-20 12:57:15,,0,12,65,13,,0,https://www.twitter.com/LittleDodgePr,https://pbs.twimg.com/profile_images/1837068602513436672/r6K_bwHb_normal.jpg,false,true
vicvic,vicvicvicvic72,'2419922544',false,2014-03-31 06:37:59,,3,10,37,16,,0,https://www.twitter.com/vicvicvicvic72,https://abs.twimg.com/sticky/default_profile_images/default_profile_normal.png,false,false
karen@テレワーク女子,AlexisS15091,'1833273000478613506',false,2024-09-10 01:35:25,びんぼうから成り上がり！8社の会社を経営。資産90億　現在は副業の情報を教えたり、10万円をプレゼントしたりしています・LINEお友達追加で10万円プレゼント企画中・まずはフォローしてください／高確率当選中！☞　https://t.co/VNrjfcn8IN,0,3,44,37,,0,https://www.twitter.com/AlexisS15091,https://pbs.twimg.com/profile_images/1836600134819594240/5sUXfjy0_normal.jpg,false,false
Mladen,Mladen192746,'1816144705597452288',false,2024-07-24 19:13:56,🇷🇸,0,22,17,12,Bosna i Hercegovina,0,https://www.twitter.com/Mladen192746,https://pbs.twimg.com/profile_images/1837067148834779136/cjfZXipa_normal.jpg,false,false
GP▫️☨🇧🇬,georgepope98,'1598587088986947585',false,2022-12-02 09:58:06,Christian • Crypto Price Action Trader / Markets Analyst / Investor / Political Commentator / TRW • Resist the slave mind! •TTT• John 8:24,2942,339,295,12910,P❤️div Bulgaria,97,https://www.twitter.com/georgepope98,https://pbs.twimg.com/profile_images/1761316599280111616/w2XGdOdM_normal.jpg,false,true
Chaincrusader,chaincrusadeGG,'2965423532',false,2015-01-08 10:00:24,DeFi Project Manager 🦀 Crypto content creator with a channel reaching 200k subscribers | Linguistic explorer | Neon nights navigator,170,77,203,190,Indonesia (Makassar),12,https://www.twitter.com/chaincrusadeGG,https://pbs.twimg.com/profile_images/1832062915563974656/3hWAhJsm_normal.jpg,false,false
Kshitij amle,KshitijAml51804,'1830665612114169856',false,2024-09-02 20:54:45,,0,13,140,0,,0,https://www.twitter.com/KshitijAml51804,https://abs.twimg.com/sticky/default_profile_images/default_profile_normal.png,false,false
Night Sky,NightSky88109,'1611190577177178112',false,2023-01-06 04:39:13,"✝
LOVE
RKD4NJF
America First
GW2 Save Trump",2891,163,610,26213,,65,https://www.twitter.com/NightSky88109,https://pbs.twimg.com/profile_images/1722146582823628800/1krezYmd_normal.jpg,false,false
Lole_jessie,jessi8758,'1835821086249766912',false,2024-09-17 02:20:57,Simplicity,0,41,620,29,New York City,0,https://www.twitter.com/jessi8758,https://pbs.twimg.com/profile_images/1835828422175596544/qAhEMXWS_normal.jpg,false,false
Belicosis,LBelicosis,'1837055252572368896',false,2024-09-20 12:04:45,"Fanático del deporte. Opino sobre fútbol, tenis y béisbol. Messi, Nole y Ohtani mis religiones. 🙏🏼",8,12,48,5,,2,https://www.twitter.com/LBelicosis,https://pbs.twimg.com/profile_images/1837057615945142272/faZS2JJY_normal.jpg,false,false
Debora Antiga,Debora_Antiga,'1822327451474702336',true,2024-08-10 20:41:57,,76,15,152,93,"Rome, Lazio",10,https://www.twitter.com/Debora_Antiga,https://pbs.twimg.com/profile_images/1829261606624063488/CtEBQcwY_normal.jpg,false,false
Theo Genee,TheoG62,'3293592630',false,2015-07-26 00:20:13,,1,6,8,0,,0,https://www.twitter.com/TheoG62,https://abs.twimg.com/sticky/default_profile_images/default_profile_normal.png,false,false
Ilijana Cvijetić,CvijeticIl87157,'1837058069106135040',false,2024-09-20 12:18:33,,0,1,7,0,,0,https://www.twitter.com/CvijeticIl87157,https://pbs.twimg.com/profile_images/1837058758578458624/vFHOdD2G_normal.png,false,false
Mira Tomić,MiraT53427,'1824839856058454016',false,2024-08-17 19:05:49,,0,0,2,0,,0,https://www.twitter.com/MiraT53427,https://pbs.twimg.com/profile_images/1824840063512936449/ZVzhxvaE_normal.png,false,false
gamepedia game,gamepedia5795,'1837053344302399488',false,2024-09-20 11:57:27,,0,3,1,0,,0,https://www.twitter.com/gamepedia5795,https://pbs.twimg.com/profile_images/1837053448568655872/D4GSiFj0_normal.png,false,false
Marnie Abbou,MarnieAbbou,'1837052401955786753',false,2024-09-20 11:53:34,Etudiante en journalisme à l'IPJ - fan de tennis 🎾 - créatrice de https://t.co/2HUTx96OVU,1,3,35,5,Paris,0,https://www.twitter.com/MarnieAbbou,https://pbs.twimg.com/profile_images/1837053655863721984/6e3Ysyjo_normal.jpg,false,false
Stefan Mihajlovic,StefanMiha20141,'1837048603623170048',false,2024-09-20 11:38:38,,0,3,2,0,,0,https://www.twitter.com/StefanMiha20141,https://abs.twimg.com/sticky/default_profile_images/default_profile_normal.png,false,false
ken,ken_gyattson,'1837032970248437760',false,2024-09-20 10:36:18,@inter,8,12,203,10,🇳🇱,0,https://www.twitter.com/ken_gyattson,https://pbs.twimg.com/profile_images/1837034344239550464/B_Y9AmJB_normal.jpg,false,false
Ledgerlegend,_5ledgerlegend,'2707788191',false,2014-07-13 21:24:20,Blockchain Network Analyst 🎯 Published a guide on sustainable fashion  ▪️ DIY electronic gadgets maker ⚙️,4,12,27,28,,0,https://www.twitter.com/_5ledgerlegend,https://pbs.twimg.com/profile_images/1837055945114886144/oOHvJeek_normal.jpg,false,false
merve,eclipsmerve_,'1562514225960226818',false,2022-08-24 21:57:48,,162,17,264,8128,"Çorum, Türkiye",30,https://www.twitter.com/eclipsmerve_,https://pbs.twimg.com/profile_images/1838328033242935296/DXGoZ7qv_normal.jpg,false,false
Arnulfo,arnulfo_0____,'2730633874',false,2014-08-01 13:19:37,Holistic Wellness Warrior 💣 DIY enthusiast 🛠️,28,38,77,255,,1,https://www.twitter.com/arnulfo_0____,https://pbs.twimg.com/profile_images/1819709879507959808/8W0upTMp_normal.jpg,false,false
kp,PiyKheiyn,'1559572206275133441',true,2022-08-16 19:06:17,251044🤍👭 #OrmKornnaphat #หลิงออม,36301,37,73,41320,,0,https://www.twitter.com/PiyKheiyn,https://pbs.twimg.com/profile_images/1787341134689394688/kmE9Xm-R_normal.jpg,false,false
Koldo,koldo_0__ltc,'1062542784',false,2013-01-05 11:07:41,Community Builder 🐶 Hustlin` hard to make dreams a reality | Launched a mentorship program for aspiring entrepreneurs | Neon nights navigator,57,216,244,955,kaltim,0,https://www.twitter.com/koldo_0__ltc,https://pbs.twimg.com/profile_images/1819895980965412864/8JoBDHef_normal.jpg,false,false
JC,j9kre,'2636282978',false,2014-07-13 15:03:08,"@Arsenal | Football Aficionado | Analyzing the Beautiful Game | ""Do not fear, for I am with you"" - Isaiah 41:10",1245,352,418,2617,The Emirates ,46,https://www.twitter.com/j9kre,https://pbs.twimg.com/profile_images/1837095808811806720/OsrWhLSM_normal.jpg,false,false
Bilyana Stoycheva,BilynaStoycheva,'577834669',false,2012-05-12 10:29:56,"Обикновено когато събеседниците ми няма какво да кажат почват да обиждат.По-интелигентните са саркастнични,а най-начетените променят темата.",20248,4094,2065,16177,"Frankfurt, Hesse",2077,https://www.twitter.com/BilynaStoycheva,https://pbs.twimg.com/profile_images/1532105312446164992/W_YhH9u7_normal.jpg,false,false
Unichain,__6chzunichain,'3086304564',false,2015-03-15 20:07:54,"Urban Explorer 🛡️ Mentor at CryptoVentures, an accelerator for blockchain startups | Cryptocurrency miner 
Gym grind guru 💪",26,127,185,279,,0,https://www.twitter.com/__6chzunichain,https://pbs.twimg.com/profile_images/1819868215947743232/2e1v7pPE_normal.jpg,false,false
Karen Basnigh,__karen_0,'3140510830',false,2015-04-06 16:53:41,Infuriatingly humble tv expert. Web fan. Proud twitter junkie. Freelance travel scholar. Music guru. #ETH,102,252,91,405,,0,https://www.twitter.com/__karen_0,https://pbs.twimg.com/profile_images/1827075845292175360/h9_tniRW_normal.jpg,false,false
